reasoning_regime,model,budget,firm_key,c4_strict_usable,gate_applied
BASELINE,GEMINI,B1,000020::2024,False,True
BASELINE,GEMINI,B1,000100::2024,True,False
BASELINE,GEMINI,B1,000250::2024,False,True
BASELINE,GEMINI,B1,000670::2024,False,True
BASELINE,GEMINI,B1,000680::2024,False,True
BASELINE,GEMINI,B1,000700::2024,False,True
BASELINE,GEMINI,B1,000860::2024,False,True
BASELINE,GEMINI,B1,000990::2024,False,True
BASELINE,GEMINI,B1,001060::2024,True,False
BASELINE,GEMINI,B1,001120::2024,False,True
BASELINE,GEMINI,B1,001210::2024,False,True
BASELINE,GEMINI,B1,001230::2024,False,True
BASELINE,GEMINI,B1,001340::2024,False,True
BASELINE,GEMINI,B1,001540::2024,False,True
BASELINE,GEMINI,B1,001560::2024,False,True
BASELINE,GEMINI,B1,001620::2024,True,False
BASELINE,GEMINI,B1,001740::2024,False,True
BASELINE,GEMINI,B1,001780::2024,False,True
BASELINE,GEMINI,B1,001940::2024,False,True
BASELINE,GEMINI,B1,002150::2024,False,True
BASELINE,GEMINI,B1,002240::2024,False,True
BASELINE,GEMINI,B1,002380::2024,False,True
BASELINE,GEMINI,B1,002410::2024,False,True
BASELINE,GEMINI,B1,002630::2024,False,True
BASELINE,GEMINI,B1,002690::2024,False,True
BASELINE,GEMINI,B1,002780::2024,False,True
BASELINE,GEMINI,B1,002900::2024,False,True
BASELINE,GEMINI,B1,002990::2024,False,True
BASELINE,GEMINI,B1,003010::2024,False,True
BASELINE,GEMINI,B1,003160::2024,False,True
BASELINE,GEMINI,B1,003220::2024,True,False
BASELINE,GEMINI,B1,003380::2024,False,True
BASELINE,GEMINI,B1,003800::2024,False,True
BASELINE,GEMINI,B1,003850::2024,True,False
BASELINE,GEMINI,B1,004090::2024,False,True
BASELINE,GEMINI,B1,004310::2024,False,True
BASELINE,GEMINI,B1,004430::2024,False,True
BASELINE,GEMINI,B1,004800::2024,True,False
BASELINE,GEMINI,B1,004840::2024,True,False
BASELINE,GEMINI,B1,005030::2024,False,True
BASELINE,GEMINI,B1,005160::2024,False,True
BASELINE,GEMINI,B1,005180::2024,True,False
BASELINE,GEMINI,B1,005320::2024,False,True
BASELINE,GEMINI,B1,005380::2024,False,True
BASELINE,GEMINI,B1,005430::2024,False,True
BASELINE,GEMINI,B1,005750::2024,True,False
BASELINE,GEMINI,B1,005820::2024,False,True
BASELINE,GEMINI,B1,005850::2024,True,False
BASELINE,GEMINI,B1,005870::2024,False,True
BASELINE,GEMINI,B1,005880::2024,True,False
BASELINE,GEMINI,B1,005950::2024,False,True
BASELINE,GEMINI,B1,005960::2024,True,False
BASELINE,GEMINI,B1,006140::2024,False,True
BASELINE,GEMINI,B1,006280::2024,False,True
BASELINE,GEMINI,B1,006490::2024,False,True
BASELINE,GEMINI,B1,006620::2024,True,False
BASELINE,GEMINI,B1,006890::2024,False,True
BASELINE,GEMINI,B1,007120::2024,False,True
BASELINE,GEMINI,B1,007390::2024,False,True
BASELINE,GEMINI,B1,007680::2024,False,True
BASELINE,GEMINI,B1,007770::2024,False,True
BASELINE,GEMINI,B1,007820::2024,False,True
BASELINE,GEMINI,B1,008040::2024,False,True
BASELINE,GEMINI,B1,008350::2024,False,True
BASELINE,GEMINI,B1,009180::2024,True,False
BASELINE,GEMINI,B1,009200::2024,False,True
BASELINE,GEMINI,B1,009310::2024,False,True
BASELINE,GEMINI,B1,009320::2024,True,False
BASELINE,GEMINI,B1,009450::2024,False,True
BASELINE,GEMINI,B1,009520::2024,False,True
BASELINE,GEMINI,B1,009540::2024,False,True
BASELINE,GEMINI,B1,009580::2024,False,True
BASELINE,GEMINI,B1,009620::2024,False,True
BASELINE,GEMINI,B1,010060::2024,False,True
BASELINE,GEMINI,B1,010130::2024,False,True
BASELINE,GEMINI,B1,010140::2024,False,True
BASELINE,GEMINI,B1,010170::2024,False,True
BASELINE,GEMINI,B1,010240::2024,False,True
BASELINE,GEMINI,B1,010280::2024,True,False
BASELINE,GEMINI,B1,010690::2024,True,False
BASELINE,GEMINI,B1,011040::2024,False,True
BASELINE,GEMINI,B1,011200::2024,False,True
BASELINE,GEMINI,B1,011230::2024,False,True
BASELINE,GEMINI,B1,011370::2024,False,True
BASELINE,GEMINI,B1,011420::2024,False,True
BASELINE,GEMINI,B1,011760::2024,True,False
BASELINE,GEMINI,B1,012330::2024,False,True
BASELINE,GEMINI,B1,012340::2024,False,True
BASELINE,GEMINI,B1,012510::2024,True,False
BASELINE,GEMINI,B1,012750::2024,False,True
BASELINE,GEMINI,B1,013030::2024,False,True
BASELINE,GEMINI,B1,013120::2024,False,True
BASELINE,GEMINI,B1,013360::2024,False,True
BASELINE,GEMINI,B1,013700::2024,False,True
BASELINE,GEMINI,B1,013720::2024,False,True
BASELINE,GEMINI,B1,013810::2024,False,True
BASELINE,GEMINI,B1,013870::2024,True,False
BASELINE,GEMINI,B1,014190::2024,False,True
BASELINE,GEMINI,B1,014200::2024,False,True
BASELINE,GEMINI,B1,014530::2024,False,True
BASELINE,GEMINI,B1,014580::2024,False,True
BASELINE,GEMINI,B1,014830::2024,False,True
BASELINE,GEMINI,B1,014970::2024,False,True
BASELINE,GEMINI,B1,015230::2024,False,True
BASELINE,GEMINI,B1,015710::2024,False,True
BASELINE,GEMINI,B1,015890::2024,True,False
BASELINE,GEMINI,B1,016100::2024,False,True
BASELINE,GEMINI,B1,016450::2024,True,False
BASELINE,GEMINI,B1,016740::2024,True,False
BASELINE,GEMINI,B1,016880::2024,False,True
BASELINE,GEMINI,B1,017000::2024,False,True
BASELINE,GEMINI,B1,017250::2024,False,True
BASELINE,GEMINI,B1,017390::2024,False,True
BASELINE,GEMINI,B1,017480::2024,False,True
BASELINE,GEMINI,B1,017550::2024,False,True
BASELINE,GEMINI,B1,017890::2024,True,False
BASELINE,GEMINI,B1,017960::2024,False,True
BASELINE,GEMINI,B1,018000::2024,False,True
BASELINE,GEMINI,B1,018290::2024,False,True
BASELINE,GEMINI,B1,018310::2024,False,True
BASELINE,GEMINI,B1,019540::2024,False,True
BASELINE,GEMINI,B1,021650::2024,True,False
BASELINE,GEMINI,B1,023350::2024,True,False
BASELINE,GEMINI,B1,023410::2024,False,True
BASELINE,GEMINI,B1,025540::2024,False,True
BASELINE,GEMINI,B1,025620::2024,False,True
BASELINE,GEMINI,B1,025900::2024,False,True
BASELINE,GEMINI,B1,026960::2024,False,True
BASELINE,GEMINI,B1,027050::2024,False,True
BASELINE,GEMINI,B1,028050::2024,False,True
BASELINE,GEMINI,B1,028100::2024,False,True
BASELINE,GEMINI,B1,028670::2024,False,True
BASELINE,GEMINI,B1,029460::2024,True,False
BASELINE,GEMINI,B1,029960::2024,False,True
BASELINE,GEMINI,B1,030530::2024,False,True
BASELINE,GEMINI,B1,030960::2024,False,True
BASELINE,GEMINI,B1,031310::2024,False,True
BASELINE,GEMINI,B1,031820::2024,False,True
BASELINE,GEMINI,B1,032080::2024,False,True
BASELINE,GEMINI,B1,032560::2024,False,True
BASELINE,GEMINI,B1,032620::2024,False,True
BASELINE,GEMINI,B1,032790::2024,False,True
BASELINE,GEMINI,B1,032940::2024,False,True
BASELINE,GEMINI,B1,033050::2024,False,True
BASELINE,GEMINI,B1,033100::2024,False,True
BASELINE,GEMINI,B1,033160::2024,False,True
BASELINE,GEMINI,B1,033200::2024,False,True
BASELINE,GEMINI,B1,033250::2024,True,False
BASELINE,GEMINI,B1,033320::2024,False,True
BASELINE,GEMINI,B1,033500::2024,False,True
BASELINE,GEMINI,B1,033530::2024,False,True
BASELINE,GEMINI,B1,033540::2024,False,True
BASELINE,GEMINI,B1,033640::2024,False,True
BASELINE,GEMINI,B1,033780::2024,False,True
BASELINE,GEMINI,B1,034230::2024,False,True
BASELINE,GEMINI,B1,035000::2024,False,True
BASELINE,GEMINI,B1,035150::2024,True,False
BASELINE,GEMINI,B1,035760::2024,False,True
BASELINE,GEMINI,B1,035890::2024,False,True
BASELINE,GEMINI,B1,036000::2024,False,True
BASELINE,GEMINI,B1,036010::2024,False,True
BASELINE,GEMINI,B1,036090::2024,False,True
BASELINE,GEMINI,B1,036170::2024,False,True
BASELINE,GEMINI,B1,036190::2024,False,True
BASELINE,GEMINI,B1,036200::2024,False,True
BASELINE,GEMINI,B1,036480::2024,False,True
BASELINE,GEMINI,B1,036540::2024,False,True
BASELINE,GEMINI,B1,036630::2024,False,True
BASELINE,GEMINI,B1,036930::2024,True,False
BASELINE,GEMINI,B1,037030::2024,False,True
BASELINE,GEMINI,B1,037070::2024,False,True
BASELINE,GEMINI,B1,038070::2024,False,True
BASELINE,GEMINI,B1,038110::2024,False,True
BASELINE,GEMINI,B1,038290::2024,False,True
BASELINE,GEMINI,B1,038540::2024,False,True
BASELINE,GEMINI,B1,038680::2024,False,True
BASELINE,GEMINI,B1,039010::2024,True,False
BASELINE,GEMINI,B1,039130::2024,False,True
BASELINE,GEMINI,B1,039310::2024,False,True
BASELINE,GEMINI,B1,040160::2024,False,True
BASELINE,GEMINI,B1,040910::2024,False,True
BASELINE,GEMINI,B1,041830::2024,False,True
BASELINE,GEMINI,B1,042000::2024,False,True
BASELINE,GEMINI,B1,042420::2024,False,True
BASELINE,GEMINI,B1,042510::2024,False,True
BASELINE,GEMINI,B1,042520::2024,False,True
BASELINE,GEMINI,B1,042660::2024,True,False
BASELINE,GEMINI,B1,043220::2024,False,True
BASELINE,GEMINI,B1,043910::2024,False,True
BASELINE,GEMINI,B1,044180::2024,False,True
BASELINE,GEMINI,B1,044340::2024,True,False
BASELINE,GEMINI,B1,044380::2024,False,True
BASELINE,GEMINI,B1,045060::2024,False,True
BASELINE,GEMINI,B1,045300::2024,True,False
BASELINE,GEMINI,B1,045660::2024,True,False
BASELINE,GEMINI,B1,046940::2024,False,True
BASELINE,GEMINI,B1,046970::2024,False,True
BASELINE,GEMINI,B1,047400::2024,False,True
BASELINE,GEMINI,B1,048430::2024,False,True
BASELINE,GEMINI,B1,048830::2024,False,True
BASELINE,GEMINI,B1,049180::2024,False,True
BASELINE,GEMINI,B1,049480::2024,False,True
BASELINE,GEMINI,B1,050760::2024,False,True
BASELINE,GEMINI,B1,051490::2024,False,True
BASELINE,GEMINI,B1,051600::2024,False,True
BASELINE,GEMINI,B1,052900::2024,False,True
BASELINE,GEMINI,B1,053060::2024,True,False
BASELINE,GEMINI,B1,053080::2024,False,True
BASELINE,GEMINI,B1,053260::2024,False,True
BASELINE,GEMINI,B1,053580::2024,False,True
BASELINE,GEMINI,B1,053700::2024,False,True
BASELINE,GEMINI,B1,054090::2024,False,True
BASELINE,GEMINI,B1,054540::2024,False,True
BASELINE,GEMINI,B1,054930::2024,False,True
BASELINE,GEMINI,B1,055490::2024,False,True
BASELINE,GEMINI,B1,056190::2024,False,True
BASELINE,GEMINI,B1,058730::2024,False,True
BASELINE,GEMINI,B1,059120::2024,False,True
BASELINE,GEMINI,B1,060150::2024,True,False
BASELINE,GEMINI,B1,060250::2024,False,True
BASELINE,GEMINI,B1,060310::2024,False,True
BASELINE,GEMINI,B1,060850::2024,False,True
BASELINE,GEMINI,B1,061040::2024,False,True
BASELINE,GEMINI,B1,062040::2024,False,True
BASELINE,GEMINI,B1,062970::2024,False,True
BASELINE,GEMINI,B1,063080::2024,False,True
BASELINE,GEMINI,B1,064240::2024,False,True
BASELINE,GEMINI,B1,064480::2024,False,True
BASELINE,GEMINI,B1,065370::2024,False,True
BASELINE,GEMINI,B1,065690::2024,False,True
BASELINE,GEMINI,B1,066700::2024,False,True
BASELINE,GEMINI,B1,066830::2024,False,True
BASELINE,GEMINI,B1,067280::2024,False,True
BASELINE,GEMINI,B1,067570::2024,False,True
BASELINE,GEMINI,B1,067730::2024,False,True
BASELINE,GEMINI,B1,068940::2024,False,True
BASELINE,GEMINI,B1,069140::2024,False,True
BASELINE,GEMINI,B1,069260::2024,False,True
BASELINE,GEMINI,B1,069460::2024,False,True
BASELINE,GEMINI,B1,069510::2024,False,True
BASELINE,GEMINI,B1,071200::2024,False,True
BASELINE,GEMINI,B1,071970::2024,False,True
BASELINE,GEMINI,B1,072990::2024,False,True
BASELINE,GEMINI,B1,073190::2024,True,False
BASELINE,GEMINI,B1,073240::2024,True,False
BASELINE,GEMINI,B1,075130::2024,False,True
BASELINE,GEMINI,B1,078070::2024,False,True
BASELINE,GEMINI,B1,078140::2024,False,True
BASELINE,GEMINI,B1,078150::2024,False,True
BASELINE,GEMINI,B1,079160::2024,False,True
BASELINE,GEMINI,B1,079190::2024,False,True
BASELINE,GEMINI,B1,079550::2024,True,False
BASELINE,GEMINI,B1,079650::2024,False,True
BASELINE,GEMINI,B1,079810::2024,False,True
BASELINE,GEMINI,B1,079900::2024,False,True
BASELINE,GEMINI,B1,079940::2024,False,True
BASELINE,GEMINI,B1,079950::2024,False,True
BASELINE,GEMINI,B1,079960::2024,False,True
BASELINE,GEMINI,B1,079980::2024,False,True
BASELINE,GEMINI,B1,080010::2024,False,True
BASELINE,GEMINI,B1,080520::2024,False,True
BASELINE,GEMINI,B1,080530::2024,False,True
BASELINE,GEMINI,B1,081660::2024,False,True
BASELINE,GEMINI,B1,083310::2024,False,True
BASELINE,GEMINI,B1,083450::2024,False,True
BASELINE,GEMINI,B1,083930::2024,False,True
BASELINE,GEMINI,B1,084650::2024,False,True
BASELINE,GEMINI,B1,085670::2024,True,False
BASELINE,GEMINI,B1,086280::2024,False,True
BASELINE,GEMINI,B1,086450::2024,False,True
BASELINE,GEMINI,B1,086520::2024,True,False
BASELINE,GEMINI,B1,086670::2024,False,True
BASELINE,GEMINI,B1,086710::2024,False,True
BASELINE,GEMINI,B1,086890::2024,True,False
BASELINE,GEMINI,B1,087260::2024,False,True
BASELINE,GEMINI,B1,087600::2024,True,False
BASELINE,GEMINI,B1,088290::2024,False,True
BASELINE,GEMINI,B1,088800::2024,False,True
BASELINE,GEMINI,B1,089150::2024,False,True
BASELINE,GEMINI,B1,089470::2024,False,True
BASELINE,GEMINI,B1,089860::2024,False,True
BASELINE,GEMINI,B1,089970::2024,False,True
BASELINE,GEMINI,B1,089980::2024,False,True
BASELINE,GEMINI,B1,090150::2024,False,True
BASELINE,GEMINI,B1,090360::2024,False,True
BASELINE,GEMINI,B1,090710::2024,False,True
BASELINE,GEMINI,B1,091120::2024,False,True
BASELINE,GEMINI,B1,091580::2024,False,True
BASELINE,GEMINI,B1,091590::2024,False,True
BASELINE,GEMINI,B1,091810::2024,False,True
BASELINE,GEMINI,B1,092730::2024,False,True
BASELINE,GEMINI,B1,092870::2024,False,True
BASELINE,GEMINI,B1,093370::2024,False,True
BASELINE,GEMINI,B1,094280::2024,False,True
BASELINE,GEMINI,B1,094480::2024,True,False
BASELINE,GEMINI,B1,094850::2024,False,True
BASELINE,GEMINI,B1,094970::2024,False,True
BASELINE,GEMINI,B1,095610::2024,False,True
BASELINE,GEMINI,B1,095910::2024,False,True
BASELINE,GEMINI,B1,096350::2024,False,True
BASELINE,GEMINI,B1,096690::2024,False,True
BASELINE,GEMINI,B1,099320::2024,False,True
BASELINE,GEMINI,B1,099520::2024,True,False
BASELINE,GEMINI,B1,099750::2024,True,False
BASELINE,GEMINI,B1,100030::2024,False,True
BASELINE,GEMINI,B1,100090::2024,True,False
BASELINE,GEMINI,B1,100120::2024,False,True
BASELINE,GEMINI,B1,100590::2024,False,True
BASELINE,GEMINI,B1,101400::2024,False,True
BASELINE,GEMINI,B1,101490::2024,False,True
BASELINE,GEMINI,B1,101670::2024,False,True
BASELINE,GEMINI,B1,102710::2024,True,False
BASELINE,GEMINI,B1,102950::2024,False,True
BASELINE,GEMINI,B1,104620::2024,False,True
BASELINE,GEMINI,B1,104700::2024,False,True
BASELINE,GEMINI,B1,104830::2024,True,False
BASELINE,GEMINI,B1,105630::2024,False,True
BASELINE,GEMINI,B1,105760::2024,False,True
BASELINE,GEMINI,B1,105840::2024,False,True
BASELINE,GEMINI,B1,106520::2024,False,True
BASELINE,GEMINI,B1,108230::2024,False,True
BASELINE,GEMINI,B1,108380::2024,True,False
BASELINE,GEMINI,B1,109610::2024,False,True
BASELINE,GEMINI,B1,109670::2024,False,True
BASELINE,GEMINI,B1,109740::2024,False,True
BASELINE,GEMINI,B1,109860::2024,False,True
BASELINE,GEMINI,B1,110790::2024,False,True
BASELINE,GEMINI,B1,110990::2024,True,False
BASELINE,GEMINI,B1,111870::2024,False,True
BASELINE,GEMINI,B1,114840::2024,True,False
BASELINE,GEMINI,B1,115310::2024,False,True
BASELINE,GEMINI,B1,115450::2024,False,True
BASELINE,GEMINI,B1,119500::2024,False,True
BASELINE,GEMINI,B1,119830::2024,False,True
BASELINE,GEMINI,B1,120240::2024,False,True
BASELINE,GEMINI,B1,121060::2024,True,False
BASELINE,GEMINI,B1,121600::2024,False,True
BASELINE,GEMINI,B1,122350::2024,False,True
BASELINE,GEMINI,B1,122640::2024,False,True
BASELINE,GEMINI,B1,123330::2024,False,True
BASELINE,GEMINI,B1,123410::2024,False,True
BASELINE,GEMINI,B1,123570::2024,False,True
BASELINE,GEMINI,B1,123840::2024,False,True
BASELINE,GEMINI,B1,124500::2024,False,True
BASELINE,GEMINI,B1,124560::2024,False,True
BASELINE,GEMINI,B1,126600::2024,False,True
BASELINE,GEMINI,B1,126640::2024,False,True
BASELINE,GEMINI,B1,126720::2024,False,True
BASELINE,GEMINI,B1,126730::2024,False,True
BASELINE,GEMINI,B1,128660::2024,False,True
BASELINE,GEMINI,B1,128820::2024,False,True
BASELINE,GEMINI,B1,129890::2024,False,True
BASELINE,GEMINI,B1,130500::2024,False,True
BASELINE,GEMINI,B1,131030::2024,False,True
BASELINE,GEMINI,B1,131090::2024,False,True
BASELINE,GEMINI,B1,131290::2024,True,False
BASELINE,GEMINI,B1,131400::2024,False,True
BASELINE,GEMINI,B1,136490::2024,False,True
BASELINE,GEMINI,B1,136540::2024,False,True
BASELINE,GEMINI,B1,137080::2024,False,True
BASELINE,GEMINI,B1,138080::2024,False,True
BASELINE,GEMINI,B1,138490::2024,False,True
BASELINE,GEMINI,B1,140070::2024,False,True
BASELINE,GEMINI,B1,140430::2024,False,True
BASELINE,GEMINI,B1,140670::2024,False,True
BASELINE,GEMINI,B1,141080::2024,False,True
BASELINE,GEMINI,B1,142210::2024,False,True
BASELINE,GEMINI,B1,146060::2024,False,True
BASELINE,GEMINI,B1,146320::2024,False,True
BASELINE,GEMINI,B1,147830::2024,False,True
BASELINE,GEMINI,B1,149950::2024,False,True
BASELINE,GEMINI,B1,155650::2024,False,True
BASELINE,GEMINI,B1,161580::2024,True,False
BASELINE,GEMINI,B1,162120::2024,False,True
BASELINE,GEMINI,B1,163280::2024,False,True
BASELINE,GEMINI,B1,163560::2024,True,False
BASELINE,GEMINI,B1,163730::2024,False,True
BASELINE,GEMINI,B1,166090::2024,False,True
BASELINE,GEMINI,B1,169330::2024,False,True
BASELINE,GEMINI,B1,170030::2024,False,True
BASELINE,GEMINI,B1,171010::2024,False,True
BASELINE,GEMINI,B1,172670::2024,True,False
BASELINE,GEMINI,B1,174880::2024,False,True
BASELINE,GEMINI,B1,175140::2024,False,True
BASELINE,GEMINI,B1,183490::2024,False,True
BASELINE,GEMINI,B1,184230::2024,False,True
BASELINE,GEMINI,B1,185750::2024,False,True
BASELINE,GEMINI,B1,186230::2024,True,False
BASELINE,GEMINI,B1,187790::2024,True,False
BASELINE,GEMINI,B1,189300::2024,False,True
BASELINE,GEMINI,B1,191410::2024,True,False
BASELINE,GEMINI,B1,192410::2024,False,True
BASELINE,GEMINI,B1,194700::2024,False,True
BASELINE,GEMINI,B1,196700::2024,True,False
BASELINE,GEMINI,B1,197140::2024,False,True
BASELINE,GEMINI,B1,198440::2024,False,True
BASELINE,GEMINI,B1,199150::2024,True,False
BASELINE,GEMINI,B1,199480::2024,False,True
BASELINE,GEMINI,B1,200130::2024,False,True
BASELINE,GEMINI,B1,200350::2024,False,True
BASELINE,GEMINI,B1,200710::2024,False,True
BASELINE,GEMINI,B1,200880::2024,False,True
BASELINE,GEMINI,B1,203650::2024,False,True
BASELINE,GEMINI,B1,204020::2024,True,False
BASELINE,GEMINI,B1,206560::2024,False,True
BASELINE,GEMINI,B1,208350::2024,False,True
BASELINE,GEMINI,B1,209640::2024,True,False
BASELINE,GEMINI,B1,210980::2024,True,False
BASELINE,GEMINI,B1,212710::2024,True,False
BASELINE,GEMINI,B1,214180::2024,False,True
BASELINE,GEMINI,B1,214260::2024,True,False
BASELINE,GEMINI,B1,214270::2024,False,True
BASELINE,GEMINI,B1,214330::2024,False,True
BASELINE,GEMINI,B1,215090::2024,True,False
BASELINE,GEMINI,B1,215480::2024,False,True
BASELINE,GEMINI,B1,215600::2024,False,True
BASELINE,GEMINI,B1,217480::2024,False,True
BASELINE,GEMINI,B1,217500::2024,True,False
BASELINE,GEMINI,B1,218150::2024,False,True
BASELINE,GEMINI,B1,219130::2024,False,True
BASELINE,GEMINI,B1,219550::2024,False,True
BASELINE,GEMINI,B1,220180::2024,False,True
BASELINE,GEMINI,B1,220260::2024,True,False
BASELINE,GEMINI,B1,221840::2024,False,True
BASELINE,GEMINI,B1,222080::2024,False,True
BASELINE,GEMINI,B1,222810::2024,False,True
BASELINE,GEMINI,B1,222980::2024,False,True
BASELINE,GEMINI,B1,223310::2024,False,True
BASELINE,GEMINI,B1,224760::2024,False,True
BASELINE,GEMINI,B1,225430::2024,False,True
BASELINE,GEMINI,B1,232140::2024,False,True
BASELINE,GEMINI,B1,234080::2024,False,True
BASELINE,GEMINI,B1,234100::2024,False,True
BASELINE,GEMINI,B1,236200::2024,False,True
BASELINE,GEMINI,B1,237750::2024,False,True
BASELINE,GEMINI,B1,238170::2024,False,True
BASELINE,GEMINI,B1,238490::2024,False,True
BASELINE,GEMINI,B1,239610::2024,False,True
BASELINE,GEMINI,B1,240600::2024,False,True
BASELINE,GEMINI,B1,241770::2024,False,True
BASELINE,GEMINI,B1,244920::2024,False,True
BASELINE,GEMINI,B1,247540::2024,False,True
BASELINE,GEMINI,B1,250030::2024,False,True
BASELINE,GEMINI,B1,250930::2024,False,True
BASELINE,GEMINI,B1,251370::2024,False,True
BASELINE,GEMINI,B1,251970::2024,True,False
BASELINE,GEMINI,B1,252990::2024,True,False
BASELINE,GEMINI,B1,253450::2024,False,True
BASELINE,GEMINI,B1,253590::2024,True,False
BASELINE,GEMINI,B1,254490::2024,False,True
BASELINE,GEMINI,B1,255440::2024,False,True
BASELINE,GEMINI,B1,256940::2024,False,True
BASELINE,GEMINI,B1,258790::2024,False,True
BASELINE,GEMINI,B1,259630::2024,False,True
BASELINE,GEMINI,B1,262260::2024,False,True
BASELINE,GEMINI,B1,263020::2024,False,True
BASELINE,GEMINI,B1,263770::2024,False,True
BASELINE,GEMINI,B1,263920::2024,False,True
BASELINE,GEMINI,B1,264450::2024,False,True
BASELINE,GEMINI,B1,265520::2024,False,True
BASELINE,GEMINI,B1,265740::2024,False,True
BASELINE,GEMINI,B1,267080::2024,False,True
BASELINE,GEMINI,B1,267850::2024,False,True
BASELINE,GEMINI,B1,269620::2024,False,True
BASELINE,GEMINI,B1,270870::2024,False,True
BASELINE,GEMINI,B1,271830::2024,False,True
BASELINE,GEMINI,B1,272110::2024,False,True
BASELINE,GEMINI,B1,275630::2024,False,True
BASELINE,GEMINI,B1,277410::2024,False,True
BASELINE,GEMINI,B1,277810::2024,False,True
BASELINE,GEMINI,B1,281740::2024,False,True
BASELINE,GEMINI,B1,281820::2024,True,False
BASELINE,GEMINI,B1,282330::2024,False,True
BASELINE,GEMINI,B1,288620::2024,False,True
BASELINE,GEMINI,B1,289220::2024,False,True
BASELINE,GEMINI,B1,290560::2024,False,True
BASELINE,GEMINI,B1,290720::2024,False,True
BASELINE,GEMINI,B1,294140::2024,False,True
BASELINE,GEMINI,B1,294570::2024,False,True
BASELINE,GEMINI,B1,297090::2024,False,True
BASELINE,GEMINI,B1,297890::2024,True,False
BASELINE,GEMINI,B1,298000::2024,False,True
BASELINE,GEMINI,B1,298020::2024,True,False
BASELINE,GEMINI,B1,298690::2024,False,True
BASELINE,GEMINI,B1,298830::2024,False,True
BASELINE,GEMINI,B1,299900::2024,False,True
BASELINE,GEMINI,B1,302440::2024,False,True
BASELINE,GEMINI,B1,303530::2024,False,True
BASELINE,GEMINI,B1,306040::2024,False,True
BASELINE,GEMINI,B1,307280::2024,False,True
BASELINE,GEMINI,B1,307870::2024,False,True
BASELINE,GEMINI,B1,307950::2024,False,True
BASELINE,GEMINI,B1,308170::2024,False,True
BASELINE,GEMINI,B1,310870::2024,False,True
BASELINE,GEMINI,B1,311390::2024,False,True
BASELINE,GEMINI,B1,314140::2024,False,True
BASELINE,GEMINI,B1,317120::2024,False,True
BASELINE,GEMINI,B1,317240::2024,False,True
BASELINE,GEMINI,B1,317330::2024,False,True
BASELINE,GEMINI,B1,317400::2024,True,False
BASELINE,GEMINI,B1,317770::2024,True,False
BASELINE,GEMINI,B1,317830::2024,False,True
BASELINE,GEMINI,B1,317850::2024,False,True
BASELINE,GEMINI,B1,318160::2024,False,True
BASELINE,GEMINI,B1,319400::2024,False,True
BASELINE,GEMINI,B1,320000::2024,False,True
BASELINE,GEMINI,B1,321820::2024,False,True
BASELINE,GEMINI,B1,328380::2024,False,True
BASELINE,GEMINI,B1,332290::2024,False,True
BASELINE,GEMINI,B1,332570::2024,False,True
BASELINE,GEMINI,B1,333620::2024,True,False
BASELINE,GEMINI,B1,335870::2024,False,True
BASELINE,GEMINI,B1,339770::2024,True,False
BASELINE,GEMINI,B1,347000::2024,False,True
BASELINE,GEMINI,B1,348340::2024,False,True
BASELINE,GEMINI,B1,352090::2024,False,True
BASELINE,GEMINI,B1,352700::2024,False,True
BASELINE,GEMINI,B1,353190::2024,False,True
BASELINE,GEMINI,B1,353590::2024,False,True
BASELINE,GEMINI,B1,354320::2024,False,True
BASELINE,GEMINI,B1,354390::2024,False,True
BASELINE,GEMINI,B1,355390::2024,False,True
BASELINE,GEMINI,B1,357230::2024,True,False
BASELINE,GEMINI,B1,357580::2024,True,False
BASELINE,GEMINI,B1,360350::2024,False,True
BASELINE,GEMINI,B1,362990::2024,True,False
BASELINE,GEMINI,B1,368600::2024,False,True
BASELINE,GEMINI,B1,370090::2024,False,True
BASELINE,GEMINI,B1,372910::2024,False,True
BASELINE,GEMINI,B1,373170::2024,False,True
BASELINE,GEMINI,B1,373200::2024,False,True
BASELINE,GEMINI,B1,377220::2024,False,True
BASELINE,GEMINI,B1,378340::2024,True,False
BASELINE,GEMINI,B1,381620::2024,False,True
BASELINE,GEMINI,B1,382480::2024,False,True
BASELINE,GEMINI,B1,382800::2024,False,True
BASELINE,GEMINI,B1,382840::2024,False,True
BASELINE,GEMINI,B1,383310::2024,False,True
BASELINE,GEMINI,B1,388050::2024,False,True
BASELINE,GEMINI,B1,389680::2024,False,True
BASELINE,GEMINI,B1,391710::2024,False,True
BASELINE,GEMINI,B1,393210::2024,False,True
BASELINE,GEMINI,B1,398120::2024,False,True
BASELINE,GEMINI,B1,399720::2024,False,True
BASELINE,GEMINI,B1,403490::2024,False,True
BASELINE,GEMINI,B1,406820::2024,False,True
BASELINE,GEMINI,B1,415380::2024,False,True
BASELINE,GEMINI,B1,417200::2024,False,True
BASELINE,GEMINI,B1,419050::2024,True,False
BASELINE,GEMINI,B1,419080::2024,False,True
BASELINE,GEMINI,B1,419530::2024,False,True
BASELINE,GEMINI,B1,420570::2024,False,True
BASELINE,GEMINI,B1,430690::2024,True,False
BASELINE,GEMINI,B1,432980::2024,False,True
BASELINE,GEMINI,B1,439090::2024,False,True
BASELINE,GEMINI,B1,439580::2024,False,True
BASELINE,GEMINI,B1,444530::2024,False,True
BASELINE,GEMINI,B1,448710::2024,False,True
BASELINE,GEMINI,B1,450080::2024,True,False
BASELINE,GEMINI,B1,450520::2024,False,True
BASELINE,GEMINI,B1,451250::2024,False,True
BASELINE,GEMINI,B1,452160::2024,False,True
BASELINE,GEMINI,B1,452190::2024,False,True
BASELINE,GEMINI,B1,452280::2024,False,True
BASELINE,GEMINI,B1,456700::2024,False,True
BASELINE,GEMINI,B1,457370::2024,False,True
BASELINE,GEMINI,B1,457550::2024,False,True
BASELINE,GEMINI,B1,457600::2024,False,True
BASELINE,GEMINI,B1,460930::2024,False,True
BASELINE,GEMINI,B1,469750::2024,False,True
BASELINE,GEMINI,B1,475580::2024,False,True
BASELINE,GEMINI,B1,475660::2024,False,True
BASELINE,GEMINI,B1,476080::2024,False,True
BASELINE,GEMINI,B1,478560::2024,False,True
BASELINE,GEMINI,B1,479960::2024,False,True
BASELINE,GEMINI,BINF,000020::2024,True,False
BASELINE,GEMINI,BINF,000100::2024,True,False
BASELINE,GEMINI,BINF,000250::2024,True,False
BASELINE,GEMINI,BINF,000670::2024,True,False
BASELINE,GEMINI,BINF,000680::2024,True,False
BASELINE,GEMINI,BINF,000700::2024,True,False
BASELINE,GEMINI,BINF,000860::2024,True,False
BASELINE,GEMINI,BINF,000990::2024,True,False
BASELINE,GEMINI,BINF,001060::2024,True,False
BASELINE,GEMINI,BINF,001120::2024,True,False
BASELINE,GEMINI,BINF,001210::2024,True,False
BASELINE,GEMINI,BINF,001230::2024,True,False
BASELINE,GEMINI,BINF,001340::2024,True,False
BASELINE,GEMINI,BINF,001540::2024,True,False
BASELINE,GEMINI,BINF,001560::2024,True,False
BASELINE,GEMINI,BINF,001620::2024,True,False
BASELINE,GEMINI,BINF,001740::2024,True,False
BASELINE,GEMINI,BINF,001780::2024,True,False
BASELINE,GEMINI,BINF,001940::2024,True,False
BASELINE,GEMINI,BINF,002150::2024,True,False
BASELINE,GEMINI,BINF,002240::2024,True,False
BASELINE,GEMINI,BINF,002380::2024,True,False
BASELINE,GEMINI,BINF,002410::2024,True,False
BASELINE,GEMINI,BINF,002630::2024,True,False
BASELINE,GEMINI,BINF,002690::2024,True,False
BASELINE,GEMINI,BINF,002780::2024,True,False
BASELINE,GEMINI,BINF,002900::2024,True,False
BASELINE,GEMINI,BINF,002990::2024,True,False
BASELINE,GEMINI,BINF,003010::2024,True,False
BASELINE,GEMINI,BINF,003160::2024,True,False
BASELINE,GEMINI,BINF,003220::2024,True,False
BASELINE,GEMINI,BINF,003380::2024,True,False
BASELINE,GEMINI,BINF,003800::2024,True,False
BASELINE,GEMINI,BINF,003850::2024,True,False
BASELINE,GEMINI,BINF,004090::2024,True,False
BASELINE,GEMINI,BINF,004310::2024,True,False
BASELINE,GEMINI,BINF,004430::2024,True,False
BASELINE,GEMINI,BINF,004800::2024,True,False
BASELINE,GEMINI,BINF,004840::2024,True,False
BASELINE,GEMINI,BINF,005030::2024,True,False
BASELINE,GEMINI,BINF,005160::2024,True,False
BASELINE,GEMINI,BINF,005180::2024,True,False
BASELINE,GEMINI,BINF,005320::2024,True,False
BASELINE,GEMINI,BINF,005380::2024,True,False
BASELINE,GEMINI,BINF,005430::2024,True,False
BASELINE,GEMINI,BINF,005750::2024,True,False
BASELINE,GEMINI,BINF,005820::2024,True,False
BASELINE,GEMINI,BINF,005850::2024,True,False
BASELINE,GEMINI,BINF,005870::2024,True,False
BASELINE,GEMINI,BINF,005880::2024,True,False
BASELINE,GEMINI,BINF,005950::2024,True,False
BASELINE,GEMINI,BINF,005960::2024,True,False
BASELINE,GEMINI,BINF,006140::2024,True,False
BASELINE,GEMINI,BINF,006280::2024,True,False
BASELINE,GEMINI,BINF,006490::2024,True,False
BASELINE,GEMINI,BINF,006620::2024,True,False
BASELINE,GEMINI,BINF,006890::2024,True,False
BASELINE,GEMINI,BINF,007120::2024,True,False
BASELINE,GEMINI,BINF,007390::2024,True,False
BASELINE,GEMINI,BINF,007680::2024,True,False
BASELINE,GEMINI,BINF,007770::2024,True,False
BASELINE,GEMINI,BINF,007820::2024,True,False
BASELINE,GEMINI,BINF,008040::2024,True,False
BASELINE,GEMINI,BINF,008350::2024,True,False
BASELINE,GEMINI,BINF,009180::2024,True,False
BASELINE,GEMINI,BINF,009200::2024,True,False
BASELINE,GEMINI,BINF,009310::2024,True,False
BASELINE,GEMINI,BINF,009320::2024,True,False
BASELINE,GEMINI,BINF,009450::2024,True,False
BASELINE,GEMINI,BINF,009520::2024,True,False
BASELINE,GEMINI,BINF,009540::2024,True,False
BASELINE,GEMINI,BINF,009580::2024,True,False
BASELINE,GEMINI,BINF,009620::2024,True,False
BASELINE,GEMINI,BINF,010060::2024,True,False
BASELINE,GEMINI,BINF,010130::2024,True,False
BASELINE,GEMINI,BINF,010140::2024,True,False
BASELINE,GEMINI,BINF,010170::2024,True,False
BASELINE,GEMINI,BINF,010240::2024,True,False
BASELINE,GEMINI,BINF,010280::2024,True,False
BASELINE,GEMINI,BINF,010690::2024,True,False
BASELINE,GEMINI,BINF,011040::2024,True,False
BASELINE,GEMINI,BINF,011200::2024,True,False
BASELINE,GEMINI,BINF,011230::2024,True,False
BASELINE,GEMINI,BINF,011370::2024,True,False
BASELINE,GEMINI,BINF,011420::2024,True,False
BASELINE,GEMINI,BINF,011760::2024,True,False
BASELINE,GEMINI,BINF,012330::2024,True,False
BASELINE,GEMINI,BINF,012340::2024,True,False
BASELINE,GEMINI,BINF,012510::2024,True,False
BASELINE,GEMINI,BINF,012750::2024,True,False
BASELINE,GEMINI,BINF,013030::2024,True,False
BASELINE,GEMINI,BINF,013120::2024,True,False
BASELINE,GEMINI,BINF,013360::2024,True,False
BASELINE,GEMINI,BINF,013700::2024,True,False
BASELINE,GEMINI,BINF,013720::2024,True,False
BASELINE,GEMINI,BINF,013810::2024,True,False
BASELINE,GEMINI,BINF,013870::2024,True,False
BASELINE,GEMINI,BINF,014190::2024,True,False
BASELINE,GEMINI,BINF,014200::2024,True,False
BASELINE,GEMINI,BINF,014530::2024,True,False
BASELINE,GEMINI,BINF,014580::2024,True,False
BASELINE,GEMINI,BINF,014830::2024,True,False
BASELINE,GEMINI,BINF,014970::2024,True,False
BASELINE,GEMINI,BINF,015230::2024,True,False
BASELINE,GEMINI,BINF,015710::2024,True,False
BASELINE,GEMINI,BINF,015890::2024,True,False
BASELINE,GEMINI,BINF,016100::2024,True,False
BASELINE,GEMINI,BINF,016450::2024,True,False
BASELINE,GEMINI,BINF,016740::2024,True,False
BASELINE,GEMINI,BINF,016880::2024,True,False
BASELINE,GEMINI,BINF,017000::2024,True,False
BASELINE,GEMINI,BINF,017250::2024,True,False
BASELINE,GEMINI,BINF,017390::2024,True,False
BASELINE,GEMINI,BINF,017480::2024,True,False
BASELINE,GEMINI,BINF,017550::2024,True,False
BASELINE,GEMINI,BINF,017890::2024,True,False
BASELINE,GEMINI,BINF,017960::2024,True,False
BASELINE,GEMINI,BINF,018000::2024,True,False
BASELINE,GEMINI,BINF,018290::2024,True,False
BASELINE,GEMINI,BINF,018310::2024,True,False
BASELINE,GEMINI,BINF,019540::2024,True,False
BASELINE,GEMINI,BINF,021650::2024,True,False
BASELINE,GEMINI,BINF,023350::2024,True,False
BASELINE,GEMINI,BINF,023410::2024,True,False
BASELINE,GEMINI,BINF,025540::2024,True,False
BASELINE,GEMINI,BINF,025620::2024,True,False
BASELINE,GEMINI,BINF,025900::2024,True,False
BASELINE,GEMINI,BINF,026960::2024,True,False
BASELINE,GEMINI,BINF,027050::2024,True,False
BASELINE,GEMINI,BINF,028050::2024,True,False
BASELINE,GEMINI,BINF,028100::2024,True,False
BASELINE,GEMINI,BINF,028670::2024,True,False
BASELINE,GEMINI,BINF,029460::2024,True,False
BASELINE,GEMINI,BINF,029960::2024,True,False
BASELINE,GEMINI,BINF,030530::2024,True,False
BASELINE,GEMINI,BINF,030960::2024,True,False
BASELINE,GEMINI,BINF,031310::2024,True,False
BASELINE,GEMINI,BINF,031820::2024,True,False
BASELINE,GEMINI,BINF,032080::2024,True,False
BASELINE,GEMINI,BINF,032560::2024,True,False
BASELINE,GEMINI,BINF,032620::2024,True,False
BASELINE,GEMINI,BINF,032790::2024,True,False
BASELINE,GEMINI,BINF,032940::2024,True,False
BASELINE,GEMINI,BINF,033050::2024,True,False
BASELINE,GEMINI,BINF,033100::2024,True,False
BASELINE,GEMINI,BINF,033160::2024,True,False
BASELINE,GEMINI,BINF,033200::2024,True,False
BASELINE,GEMINI,BINF,033250::2024,True,False
BASELINE,GEMINI,BINF,033320::2024,True,False
BASELINE,GEMINI,BINF,033500::2024,True,False
BASELINE,GEMINI,BINF,033530::2024,True,False
BASELINE,GEMINI,BINF,033540::2024,True,False
BASELINE,GEMINI,BINF,033640::2024,True,False
BASELINE,GEMINI,BINF,033780::2024,True,False
BASELINE,GEMINI,BINF,034230::2024,True,False
BASELINE,GEMINI,BINF,035000::2024,True,False
BASELINE,GEMINI,BINF,035150::2024,True,False
BASELINE,GEMINI,BINF,035760::2024,True,False
BASELINE,GEMINI,BINF,035890::2024,True,False
BASELINE,GEMINI,BINF,036000::2024,True,False
BASELINE,GEMINI,BINF,036010::2024,True,False
BASELINE,GEMINI,BINF,036090::2024,True,False
BASELINE,GEMINI,BINF,036170::2024,True,False
BASELINE,GEMINI,BINF,036190::2024,True,False
BASELINE,GEMINI,BINF,036200::2024,True,False
BASELINE,GEMINI,BINF,036480::2024,True,False
BASELINE,GEMINI,BINF,036540::2024,True,False
BASELINE,GEMINI,BINF,036630::2024,True,False
BASELINE,GEMINI,BINF,036930::2024,True,False
BASELINE,GEMINI,BINF,037030::2024,True,False
BASELINE,GEMINI,BINF,037070::2024,True,False
BASELINE,GEMINI,BINF,038070::2024,True,False
BASELINE,GEMINI,BINF,038110::2024,True,False
BASELINE,GEMINI,BINF,038290::2024,True,False
BASELINE,GEMINI,BINF,038540::2024,True,False
BASELINE,GEMINI,BINF,038680::2024,True,False
BASELINE,GEMINI,BINF,039010::2024,True,False
BASELINE,GEMINI,BINF,039130::2024,True,False
BASELINE,GEMINI,BINF,039310::2024,True,False
BASELINE,GEMINI,BINF,040160::2024,True,False
BASELINE,GEMINI,BINF,040910::2024,True,False
BASELINE,GEMINI,BINF,041830::2024,True,False
BASELINE,GEMINI,BINF,042000::2024,True,False
BASELINE,GEMINI,BINF,042420::2024,True,False
BASELINE,GEMINI,BINF,042510::2024,True,False
BASELINE,GEMINI,BINF,042520::2024,True,False
BASELINE,GEMINI,BINF,042660::2024,True,False
BASELINE,GEMINI,BINF,043220::2024,True,False
BASELINE,GEMINI,BINF,043910::2024,True,False
BASELINE,GEMINI,BINF,044180::2024,True,False
BASELINE,GEMINI,BINF,044340::2024,True,False
BASELINE,GEMINI,BINF,044380::2024,True,False
BASELINE,GEMINI,BINF,045060::2024,True,False
BASELINE,GEMINI,BINF,045300::2024,True,False
BASELINE,GEMINI,BINF,045660::2024,True,False
BASELINE,GEMINI,BINF,046940::2024,True,False
BASELINE,GEMINI,BINF,046970::2024,True,False
BASELINE,GEMINI,BINF,047400::2024,True,False
BASELINE,GEMINI,BINF,048430::2024,True,False
BASELINE,GEMINI,BINF,048830::2024,True,False
BASELINE,GEMINI,BINF,049180::2024,True,False
BASELINE,GEMINI,BINF,049480::2024,True,False
BASELINE,GEMINI,BINF,050760::2024,True,False
BASELINE,GEMINI,BINF,051490::2024,True,False
BASELINE,GEMINI,BINF,051600::2024,True,False
BASELINE,GEMINI,BINF,052900::2024,True,False
BASELINE,GEMINI,BINF,053060::2024,True,False
BASELINE,GEMINI,BINF,053080::2024,True,False
BASELINE,GEMINI,BINF,053260::2024,True,False
BASELINE,GEMINI,BINF,053580::2024,True,False
BASELINE,GEMINI,BINF,053700::2024,True,False
BASELINE,GEMINI,BINF,054090::2024,True,False
BASELINE,GEMINI,BINF,054540::2024,True,False
BASELINE,GEMINI,BINF,054930::2024,True,False
BASELINE,GEMINI,BINF,055490::2024,True,False
BASELINE,GEMINI,BINF,056190::2024,True,False
BASELINE,GEMINI,BINF,058730::2024,True,False
BASELINE,GEMINI,BINF,059120::2024,True,False
BASELINE,GEMINI,BINF,060150::2024,True,False
BASELINE,GEMINI,BINF,060250::2024,True,False
BASELINE,GEMINI,BINF,060310::2024,True,False
BASELINE,GEMINI,BINF,060850::2024,True,False
BASELINE,GEMINI,BINF,061040::2024,True,False
BASELINE,GEMINI,BINF,062040::2024,True,False
BASELINE,GEMINI,BINF,062970::2024,True,False
BASELINE,GEMINI,BINF,063080::2024,True,False
BASELINE,GEMINI,BINF,064240::2024,True,False
BASELINE,GEMINI,BINF,064480::2024,True,False
BASELINE,GEMINI,BINF,065370::2024,True,False
BASELINE,GEMINI,BINF,065690::2024,True,False
BASELINE,GEMINI,BINF,066700::2024,True,False
BASELINE,GEMINI,BINF,066830::2024,True,False
BASELINE,GEMINI,BINF,067280::2024,True,False
BASELINE,GEMINI,BINF,067570::2024,True,False
BASELINE,GEMINI,BINF,067730::2024,True,False
BASELINE,GEMINI,BINF,068940::2024,True,False
BASELINE,GEMINI,BINF,069140::2024,True,False
BASELINE,GEMINI,BINF,069260::2024,True,False
BASELINE,GEMINI,BINF,069460::2024,True,False
BASELINE,GEMINI,BINF,069510::2024,True,False
BASELINE,GEMINI,BINF,071200::2024,True,False
BASELINE,GEMINI,BINF,071970::2024,True,False
BASELINE,GEMINI,BINF,072990::2024,True,False
BASELINE,GEMINI,BINF,073190::2024,True,False
BASELINE,GEMINI,BINF,073240::2024,True,False
BASELINE,GEMINI,BINF,075130::2024,True,False
BASELINE,GEMINI,BINF,078070::2024,True,False
BASELINE,GEMINI,BINF,078140::2024,True,False
BASELINE,GEMINI,BINF,078150::2024,True,False
BASELINE,GEMINI,BINF,079160::2024,True,False
BASELINE,GEMINI,BINF,079190::2024,True,False
BASELINE,GEMINI,BINF,079550::2024,True,False
BASELINE,GEMINI,BINF,079650::2024,True,False
BASELINE,GEMINI,BINF,079810::2024,True,False
BASELINE,GEMINI,BINF,079900::2024,True,False
BASELINE,GEMINI,BINF,079940::2024,True,False
BASELINE,GEMINI,BINF,079950::2024,True,False
BASELINE,GEMINI,BINF,079960::2024,True,False
BASELINE,GEMINI,BINF,079980::2024,True,False
BASELINE,GEMINI,BINF,080010::2024,True,False
BASELINE,GEMINI,BINF,080520::2024,True,False
BASELINE,GEMINI,BINF,080530::2024,True,False
BASELINE,GEMINI,BINF,081660::2024,True,False
BASELINE,GEMINI,BINF,083310::2024,True,False
BASELINE,GEMINI,BINF,083450::2024,True,False
BASELINE,GEMINI,BINF,083930::2024,True,False
BASELINE,GEMINI,BINF,084650::2024,True,False
BASELINE,GEMINI,BINF,085670::2024,True,False
BASELINE,GEMINI,BINF,086280::2024,True,False
BASELINE,GEMINI,BINF,086450::2024,True,False
BASELINE,GEMINI,BINF,086520::2024,True,False
BASELINE,GEMINI,BINF,086670::2024,True,False
BASELINE,GEMINI,BINF,086710::2024,True,False
BASELINE,GEMINI,BINF,086890::2024,True,False
BASELINE,GEMINI,BINF,087260::2024,True,False
BASELINE,GEMINI,BINF,087600::2024,True,False
BASELINE,GEMINI,BINF,088290::2024,True,False
BASELINE,GEMINI,BINF,088800::2024,True,False
BASELINE,GEMINI,BINF,089150::2024,True,False
BASELINE,GEMINI,BINF,089470::2024,True,False
BASELINE,GEMINI,BINF,089860::2024,True,False
BASELINE,GEMINI,BINF,089970::2024,True,False
BASELINE,GEMINI,BINF,089980::2024,True,False
BASELINE,GEMINI,BINF,090150::2024,True,False
BASELINE,GEMINI,BINF,090360::2024,True,False
BASELINE,GEMINI,BINF,090710::2024,True,False
BASELINE,GEMINI,BINF,091120::2024,True,False
BASELINE,GEMINI,BINF,091580::2024,True,False
BASELINE,GEMINI,BINF,091590::2024,True,False
BASELINE,GEMINI,BINF,091810::2024,True,False
BASELINE,GEMINI,BINF,092730::2024,True,False
BASELINE,GEMINI,BINF,092870::2024,True,False
BASELINE,GEMINI,BINF,093370::2024,True,False
BASELINE,GEMINI,BINF,094280::2024,True,False
BASELINE,GEMINI,BINF,094480::2024,True,False
BASELINE,GEMINI,BINF,094850::2024,True,False
BASELINE,GEMINI,BINF,094970::2024,True,False
BASELINE,GEMINI,BINF,095610::2024,True,False
BASELINE,GEMINI,BINF,095910::2024,True,False
BASELINE,GEMINI,BINF,096350::2024,True,False
BASELINE,GEMINI,BINF,096690::2024,True,False
BASELINE,GEMINI,BINF,099320::2024,True,False
BASELINE,GEMINI,BINF,099520::2024,True,False
BASELINE,GEMINI,BINF,099750::2024,True,False
BASELINE,GEMINI,BINF,100030::2024,True,False
BASELINE,GEMINI,BINF,100090::2024,True,False
BASELINE,GEMINI,BINF,100120::2024,True,False
BASELINE,GEMINI,BINF,100590::2024,True,False
BASELINE,GEMINI,BINF,101400::2024,True,False
BASELINE,GEMINI,BINF,101490::2024,True,False
BASELINE,GEMINI,BINF,101670::2024,True,False
BASELINE,GEMINI,BINF,102710::2024,True,False
BASELINE,GEMINI,BINF,102950::2024,True,False
BASELINE,GEMINI,BINF,104620::2024,True,False
BASELINE,GEMINI,BINF,104700::2024,True,False
BASELINE,GEMINI,BINF,104830::2024,True,False
BASELINE,GEMINI,BINF,105630::2024,True,False
BASELINE,GEMINI,BINF,105760::2024,True,False
BASELINE,GEMINI,BINF,105840::2024,True,False
BASELINE,GEMINI,BINF,106520::2024,True,False
BASELINE,GEMINI,BINF,108230::2024,True,False
BASELINE,GEMINI,BINF,108380::2024,True,False
BASELINE,GEMINI,BINF,109610::2024,True,False
BASELINE,GEMINI,BINF,109670::2024,True,False
BASELINE,GEMINI,BINF,109740::2024,True,False
BASELINE,GEMINI,BINF,109860::2024,True,False
BASELINE,GEMINI,BINF,110790::2024,True,False
BASELINE,GEMINI,BINF,110990::2024,True,False
BASELINE,GEMINI,BINF,111870::2024,True,False
BASELINE,GEMINI,BINF,114840::2024,True,False
BASELINE,GEMINI,BINF,115310::2024,True,False
BASELINE,GEMINI,BINF,115450::2024,True,False
BASELINE,GEMINI,BINF,119500::2024,True,False
BASELINE,GEMINI,BINF,119830::2024,True,False
BASELINE,GEMINI,BINF,120240::2024,True,False
BASELINE,GEMINI,BINF,121060::2024,True,False
BASELINE,GEMINI,BINF,121600::2024,True,False
BASELINE,GEMINI,BINF,122350::2024,True,False
BASELINE,GEMINI,BINF,122640::2024,True,False
BASELINE,GEMINI,BINF,123330::2024,True,False
BASELINE,GEMINI,BINF,123410::2024,True,False
BASELINE,GEMINI,BINF,123570::2024,True,False
BASELINE,GEMINI,BINF,123840::2024,True,False
BASELINE,GEMINI,BINF,124500::2024,True,False
BASELINE,GEMINI,BINF,124560::2024,True,False
BASELINE,GEMINI,BINF,126600::2024,True,False
BASELINE,GEMINI,BINF,126640::2024,True,False
BASELINE,GEMINI,BINF,126720::2024,True,False
BASELINE,GEMINI,BINF,126730::2024,True,False
BASELINE,GEMINI,BINF,128660::2024,True,False
BASELINE,GEMINI,BINF,128820::2024,True,False
BASELINE,GEMINI,BINF,129890::2024,True,False
BASELINE,GEMINI,BINF,130500::2024,True,False
BASELINE,GEMINI,BINF,131030::2024,True,False
BASELINE,GEMINI,BINF,131090::2024,True,False
BASELINE,GEMINI,BINF,131290::2024,True,False
BASELINE,GEMINI,BINF,131400::2024,True,False
BASELINE,GEMINI,BINF,136490::2024,True,False
BASELINE,GEMINI,BINF,136540::2024,True,False
BASELINE,GEMINI,BINF,137080::2024,True,False
BASELINE,GEMINI,BINF,138080::2024,True,False
BASELINE,GEMINI,BINF,138490::2024,True,False
BASELINE,GEMINI,BINF,140070::2024,True,False
BASELINE,GEMINI,BINF,140430::2024,True,False
BASELINE,GEMINI,BINF,140670::2024,True,False
BASELINE,GEMINI,BINF,141080::2024,True,False
BASELINE,GEMINI,BINF,142210::2024,True,False
BASELINE,GEMINI,BINF,146060::2024,True,False
BASELINE,GEMINI,BINF,146320::2024,True,False
BASELINE,GEMINI,BINF,147830::2024,True,False
BASELINE,GEMINI,BINF,149950::2024,True,False
BASELINE,GEMINI,BINF,155650::2024,True,False
BASELINE,GEMINI,BINF,161580::2024,True,False
BASELINE,GEMINI,BINF,162120::2024,True,False
BASELINE,GEMINI,BINF,163280::2024,True,False
BASELINE,GEMINI,BINF,163560::2024,True,False
BASELINE,GEMINI,BINF,163730::2024,True,False
BASELINE,GEMINI,BINF,166090::2024,True,False
BASELINE,GEMINI,BINF,169330::2024,True,False
BASELINE,GEMINI,BINF,170030::2024,True,False
BASELINE,GEMINI,BINF,171010::2024,True,False
BASELINE,GEMINI,BINF,172670::2024,True,False
BASELINE,GEMINI,BINF,174880::2024,True,False
BASELINE,GEMINI,BINF,175140::2024,True,False
BASELINE,GEMINI,BINF,183490::2024,True,False
BASELINE,GEMINI,BINF,184230::2024,True,False
BASELINE,GEMINI,BINF,185750::2024,True,False
BASELINE,GEMINI,BINF,186230::2024,True,False
BASELINE,GEMINI,BINF,187790::2024,True,False
BASELINE,GEMINI,BINF,189300::2024,True,False
BASELINE,GEMINI,BINF,191410::2024,True,False
BASELINE,GEMINI,BINF,192410::2024,True,False
BASELINE,GEMINI,BINF,194700::2024,True,False
BASELINE,GEMINI,BINF,196700::2024,True,False
BASELINE,GEMINI,BINF,197140::2024,True,False
BASELINE,GEMINI,BINF,198440::2024,True,False
BASELINE,GEMINI,BINF,199150::2024,True,False
BASELINE,GEMINI,BINF,199480::2024,True,False
BASELINE,GEMINI,BINF,200130::2024,True,False
BASELINE,GEMINI,BINF,200350::2024,True,False
BASELINE,GEMINI,BINF,200710::2024,True,False
BASELINE,GEMINI,BINF,200880::2024,True,False
BASELINE,GEMINI,BINF,203650::2024,True,False
BASELINE,GEMINI,BINF,204020::2024,True,False
BASELINE,GEMINI,BINF,206560::2024,True,False
BASELINE,GEMINI,BINF,208350::2024,True,False
BASELINE,GEMINI,BINF,209640::2024,True,False
BASELINE,GEMINI,BINF,210980::2024,True,False
BASELINE,GEMINI,BINF,212710::2024,True,False
BASELINE,GEMINI,BINF,214180::2024,True,False
BASELINE,GEMINI,BINF,214260::2024,True,False
BASELINE,GEMINI,BINF,214270::2024,True,False
BASELINE,GEMINI,BINF,214330::2024,True,False
BASELINE,GEMINI,BINF,215090::2024,True,False
BASELINE,GEMINI,BINF,215480::2024,True,False
BASELINE,GEMINI,BINF,215600::2024,True,False
BASELINE,GEMINI,BINF,217480::2024,True,False
BASELINE,GEMINI,BINF,217500::2024,True,False
BASELINE,GEMINI,BINF,218150::2024,True,False
BASELINE,GEMINI,BINF,219130::2024,True,False
BASELINE,GEMINI,BINF,219550::2024,True,False
BASELINE,GEMINI,BINF,220180::2024,True,False
BASELINE,GEMINI,BINF,220260::2024,True,False
BASELINE,GEMINI,BINF,221840::2024,True,False
BASELINE,GEMINI,BINF,222080::2024,True,False
BASELINE,GEMINI,BINF,222810::2024,True,False
BASELINE,GEMINI,BINF,222980::2024,True,False
BASELINE,GEMINI,BINF,223310::2024,True,False
BASELINE,GEMINI,BINF,224760::2024,True,False
BASELINE,GEMINI,BINF,225430::2024,True,False
BASELINE,GEMINI,BINF,232140::2024,True,False
BASELINE,GEMINI,BINF,234080::2024,True,False
BASELINE,GEMINI,BINF,234100::2024,True,False
BASELINE,GEMINI,BINF,236200::2024,True,False
BASELINE,GEMINI,BINF,237750::2024,True,False
BASELINE,GEMINI,BINF,238170::2024,True,False
BASELINE,GEMINI,BINF,238490::2024,True,False
BASELINE,GEMINI,BINF,239610::2024,True,False
BASELINE,GEMINI,BINF,240600::2024,True,False
BASELINE,GEMINI,BINF,241770::2024,True,False
BASELINE,GEMINI,BINF,244920::2024,True,False
BASELINE,GEMINI,BINF,247540::2024,True,False
BASELINE,GEMINI,BINF,250030::2024,True,False
BASELINE,GEMINI,BINF,250930::2024,True,False
BASELINE,GEMINI,BINF,251370::2024,True,False
BASELINE,GEMINI,BINF,251970::2024,True,False
BASELINE,GEMINI,BINF,252990::2024,True,False
BASELINE,GEMINI,BINF,253450::2024,True,False
BASELINE,GEMINI,BINF,253590::2024,True,False
BASELINE,GEMINI,BINF,254490::2024,True,False
BASELINE,GEMINI,BINF,255440::2024,True,False
BASELINE,GEMINI,BINF,256940::2024,True,False
BASELINE,GEMINI,BINF,258790::2024,True,False
BASELINE,GEMINI,BINF,259630::2024,True,False
BASELINE,GEMINI,BINF,262260::2024,True,False
BASELINE,GEMINI,BINF,263020::2024,True,False
BASELINE,GEMINI,BINF,263770::2024,True,False
BASELINE,GEMINI,BINF,263920::2024,True,False
BASELINE,GEMINI,BINF,264450::2024,True,False
BASELINE,GEMINI,BINF,265520::2024,True,False
BASELINE,GEMINI,BINF,265740::2024,True,False
BASELINE,GEMINI,BINF,267080::2024,True,False
BASELINE,GEMINI,BINF,267850::2024,True,False
BASELINE,GEMINI,BINF,269620::2024,True,False
BASELINE,GEMINI,BINF,270870::2024,True,False
BASELINE,GEMINI,BINF,271830::2024,True,False
BASELINE,GEMINI,BINF,272110::2024,True,False
BASELINE,GEMINI,BINF,275630::2024,True,False
BASELINE,GEMINI,BINF,277410::2024,True,False
BASELINE,GEMINI,BINF,277810::2024,True,False
BASELINE,GEMINI,BINF,281740::2024,True,False
BASELINE,GEMINI,BINF,281820::2024,True,False
BASELINE,GEMINI,BINF,282330::2024,True,False
BASELINE,GEMINI,BINF,288620::2024,True,False
BASELINE,GEMINI,BINF,289220::2024,True,False
BASELINE,GEMINI,BINF,290560::2024,True,False
BASELINE,GEMINI,BINF,290720::2024,True,False
BASELINE,GEMINI,BINF,294140::2024,True,False
BASELINE,GEMINI,BINF,294570::2024,True,False
BASELINE,GEMINI,BINF,297090::2024,True,False
BASELINE,GEMINI,BINF,297890::2024,True,False
BASELINE,GEMINI,BINF,298000::2024,True,False
BASELINE,GEMINI,BINF,298020::2024,True,False
BASELINE,GEMINI,BINF,298690::2024,True,False
BASELINE,GEMINI,BINF,298830::2024,True,False
BASELINE,GEMINI,BINF,299900::2024,True,False
BASELINE,GEMINI,BINF,302440::2024,True,False
BASELINE,GEMINI,BINF,303530::2024,True,False
BASELINE,GEMINI,BINF,306040::2024,True,False
BASELINE,GEMINI,BINF,307280::2024,True,False
BASELINE,GEMINI,BINF,307870::2024,True,False
BASELINE,GEMINI,BINF,307950::2024,True,False
BASELINE,GEMINI,BINF,308170::2024,True,False
BASELINE,GEMINI,BINF,310870::2024,True,False
BASELINE,GEMINI,BINF,311390::2024,True,False
BASELINE,GEMINI,BINF,314140::2024,True,False
BASELINE,GEMINI,BINF,317120::2024,True,False
BASELINE,GEMINI,BINF,317240::2024,True,False
BASELINE,GEMINI,BINF,317330::2024,True,False
BASELINE,GEMINI,BINF,317400::2024,True,False
BASELINE,GEMINI,BINF,317770::2024,True,False
BASELINE,GEMINI,BINF,317830::2024,True,False
BASELINE,GEMINI,BINF,317850::2024,True,False
BASELINE,GEMINI,BINF,318160::2024,True,False
BASELINE,GEMINI,BINF,319400::2024,True,False
BASELINE,GEMINI,BINF,320000::2024,True,False
BASELINE,GEMINI,BINF,321820::2024,True,False
BASELINE,GEMINI,BINF,328380::2024,True,False
BASELINE,GEMINI,BINF,332290::2024,True,False
BASELINE,GEMINI,BINF,332570::2024,True,False
BASELINE,GEMINI,BINF,333620::2024,True,False
BASELINE,GEMINI,BINF,335870::2024,True,False
BASELINE,GEMINI,BINF,339770::2024,True,False
BASELINE,GEMINI,BINF,347000::2024,True,False
BASELINE,GEMINI,BINF,348340::2024,True,False
BASELINE,GEMINI,BINF,352090::2024,True,False
BASELINE,GEMINI,BINF,352700::2024,True,False
BASELINE,GEMINI,BINF,353190::2024,True,False
BASELINE,GEMINI,BINF,353590::2024,True,False
BASELINE,GEMINI,BINF,354320::2024,True,False
BASELINE,GEMINI,BINF,354390::2024,True,False
BASELINE,GEMINI,BINF,355390::2024,True,False
BASELINE,GEMINI,BINF,357230::2024,True,False
BASELINE,GEMINI,BINF,357580::2024,True,False
BASELINE,GEMINI,BINF,360350::2024,True,False
BASELINE,GEMINI,BINF,362990::2024,True,False
BASELINE,GEMINI,BINF,368600::2024,True,False
BASELINE,GEMINI,BINF,370090::2024,True,False
BASELINE,GEMINI,BINF,372910::2024,True,False
BASELINE,GEMINI,BINF,373170::2024,True,False
BASELINE,GEMINI,BINF,373200::2024,True,False
BASELINE,GEMINI,BINF,377220::2024,True,False
BASELINE,GEMINI,BINF,378340::2024,True,False
BASELINE,GEMINI,BINF,381620::2024,True,False
BASELINE,GEMINI,BINF,382480::2024,True,False
BASELINE,GEMINI,BINF,382800::2024,True,False
BASELINE,GEMINI,BINF,382840::2024,True,False
BASELINE,GEMINI,BINF,383310::2024,True,False
BASELINE,GEMINI,BINF,388050::2024,True,False
BASELINE,GEMINI,BINF,389680::2024,True,False
BASELINE,GEMINI,BINF,391710::2024,True,False
BASELINE,GEMINI,BINF,393210::2024,True,False
BASELINE,GEMINI,BINF,398120::2024,True,False
BASELINE,GEMINI,BINF,399720::2024,True,False
BASELINE,GEMINI,BINF,403490::2024,True,False
BASELINE,GEMINI,BINF,406820::2024,True,False
BASELINE,GEMINI,BINF,415380::2024,True,False
BASELINE,GEMINI,BINF,417200::2024,True,False
BASELINE,GEMINI,BINF,419050::2024,True,False
BASELINE,GEMINI,BINF,419080::2024,True,False
BASELINE,GEMINI,BINF,419530::2024,True,False
BASELINE,GEMINI,BINF,420570::2024,True,False
BASELINE,GEMINI,BINF,430690::2024,True,False
BASELINE,GEMINI,BINF,432980::2024,True,False
BASELINE,GEMINI,BINF,439090::2024,True,False
BASELINE,GEMINI,BINF,439580::2024,True,False
BASELINE,GEMINI,BINF,444530::2024,True,False
BASELINE,GEMINI,BINF,448710::2024,True,False
BASELINE,GEMINI,BINF,450080::2024,True,False
BASELINE,GEMINI,BINF,450520::2024,True,False
BASELINE,GEMINI,BINF,451250::2024,True,False
BASELINE,GEMINI,BINF,452160::2024,True,False
BASELINE,GEMINI,BINF,452190::2024,True,False
BASELINE,GEMINI,BINF,452280::2024,True,False
BASELINE,GEMINI,BINF,456700::2024,True,False
BASELINE,GEMINI,BINF,457370::2024,True,False
BASELINE,GEMINI,BINF,457550::2024,True,False
BASELINE,GEMINI,BINF,457600::2024,True,False
BASELINE,GEMINI,BINF,460930::2024,True,False
BASELINE,GEMINI,BINF,469750::2024,True,False
BASELINE,GEMINI,BINF,475580::2024,True,False
BASELINE,GEMINI,BINF,475660::2024,True,False
BASELINE,GEMINI,BINF,476080::2024,True,False
BASELINE,GEMINI,BINF,478560::2024,True,False
BASELINE,GEMINI,BINF,479960::2024,True,False
BASELINE,GPT,B1,000020::2024,False,True
BASELINE,GPT,B1,000100::2024,False,True
BASELINE,GPT,B1,000250::2024,False,True
BASELINE,GPT,B1,000670::2024,False,True
BASELINE,GPT,B1,000680::2024,True,False
BASELINE,GPT,B1,000700::2024,False,True
BASELINE,GPT,B1,000860::2024,True,False
BASELINE,GPT,B1,000990::2024,False,True
BASELINE,GPT,B1,001060::2024,False,True
BASELINE,GPT,B1,001120::2024,True,False
BASELINE,GPT,B1,001210::2024,False,True
BASELINE,GPT,B1,001230::2024,True,False
BASELINE,GPT,B1,001340::2024,False,True
BASELINE,GPT,B1,001540::2024,False,True
BASELINE,GPT,B1,001560::2024,False,True
BASELINE,GPT,B1,001620::2024,True,False
BASELINE,GPT,B1,001740::2024,True,False
BASELINE,GPT,B1,001780::2024,True,False
BASELINE,GPT,B1,001940::2024,True,False
BASELINE,GPT,B1,002150::2024,True,False
BASELINE,GPT,B1,002240::2024,True,False
BASELINE,GPT,B1,002380::2024,False,True
BASELINE,GPT,B1,002410::2024,False,True
BASELINE,GPT,B1,002630::2024,False,True
BASELINE,GPT,B1,002690::2024,True,False
BASELINE,GPT,B1,002780::2024,True,False
BASELINE,GPT,B1,002900::2024,False,True
BASELINE,GPT,B1,002990::2024,False,True
BASELINE,GPT,B1,003010::2024,True,False
BASELINE,GPT,B1,003160::2024,False,True
BASELINE,GPT,B1,003220::2024,False,True
BASELINE,GPT,B1,003380::2024,False,True
BASELINE,GPT,B1,003800::2024,True,False
BASELINE,GPT,B1,003850::2024,True,False
BASELINE,GPT,B1,004090::2024,True,False
BASELINE,GPT,B1,004310::2024,False,True
BASELINE,GPT,B1,004430::2024,True,False
BASELINE,GPT,B1,004800::2024,False,True
BASELINE,GPT,B1,004840::2024,True,False
BASELINE,GPT,B1,005030::2024,True,False
BASELINE,GPT,B1,005160::2024,True,False
BASELINE,GPT,B1,005180::2024,False,True
BASELINE,GPT,B1,005320::2024,False,True
BASELINE,GPT,B1,005380::2024,False,True
BASELINE,GPT,B1,005430::2024,False,True
BASELINE,GPT,B1,005750::2024,False,True
BASELINE,GPT,B1,005820::2024,True,False
BASELINE,GPT,B1,005850::2024,True,False
BASELINE,GPT,B1,005870::2024,False,True
BASELINE,GPT,B1,005880::2024,False,True
BASELINE,GPT,B1,005950::2024,False,True
BASELINE,GPT,B1,005960::2024,False,True
BASELINE,GPT,B1,006140::2024,False,True
BASELINE,GPT,B1,006280::2024,False,True
BASELINE,GPT,B1,006490::2024,True,False
BASELINE,GPT,B1,006620::2024,True,False
BASELINE,GPT,B1,006890::2024,False,True
BASELINE,GPT,B1,007120::2024,False,True
BASELINE,GPT,B1,007390::2024,False,True
BASELINE,GPT,B1,007680::2024,False,True
BASELINE,GPT,B1,007770::2024,False,True
BASELINE,GPT,B1,007820::2024,False,True
BASELINE,GPT,B1,008040::2024,False,True
BASELINE,GPT,B1,008350::2024,True,False
BASELINE,GPT,B1,009180::2024,True,False
BASELINE,GPT,B1,009200::2024,False,True
BASELINE,GPT,B1,009310::2024,False,True
BASELINE,GPT,B1,009320::2024,True,False
BASELINE,GPT,B1,009450::2024,False,True
BASELINE,GPT,B1,009520::2024,False,True
BASELINE,GPT,B1,009540::2024,True,False
BASELINE,GPT,B1,009580::2024,False,True
BASELINE,GPT,B1,009620::2024,False,True
BASELINE,GPT,B1,010060::2024,False,True
BASELINE,GPT,B1,010130::2024,False,True
BASELINE,GPT,B1,010140::2024,False,True
BASELINE,GPT,B1,010170::2024,False,True
BASELINE,GPT,B1,010240::2024,True,False
BASELINE,GPT,B1,010280::2024,True,False
BASELINE,GPT,B1,010690::2024,False,True
BASELINE,GPT,B1,011040::2024,False,True
BASELINE,GPT,B1,011200::2024,False,True
BASELINE,GPT,B1,011230::2024,False,True
BASELINE,GPT,B1,011370::2024,False,True
BASELINE,GPT,B1,011420::2024,False,True
BASELINE,GPT,B1,011760::2024,False,True
BASELINE,GPT,B1,012330::2024,True,False
BASELINE,GPT,B1,012340::2024,False,True
BASELINE,GPT,B1,012510::2024,False,True
BASELINE,GPT,B1,012750::2024,True,False
BASELINE,GPT,B1,013030::2024,True,False
BASELINE,GPT,B1,013120::2024,False,True
BASELINE,GPT,B1,013360::2024,True,False
BASELINE,GPT,B1,013700::2024,False,True
BASELINE,GPT,B1,013720::2024,False,True
BASELINE,GPT,B1,013810::2024,False,True
BASELINE,GPT,B1,013870::2024,True,False
BASELINE,GPT,B1,014190::2024,False,True
BASELINE,GPT,B1,014200::2024,False,True
BASELINE,GPT,B1,014530::2024,False,True
BASELINE,GPT,B1,014580::2024,False,True
BASELINE,GPT,B1,014830::2024,True,False
BASELINE,GPT,B1,014970::2024,False,True
BASELINE,GPT,B1,015230::2024,True,False
BASELINE,GPT,B1,015710::2024,False,True
BASELINE,GPT,B1,015890::2024,False,True
BASELINE,GPT,B1,016100::2024,False,True
BASELINE,GPT,B1,016450::2024,False,True
BASELINE,GPT,B1,016740::2024,False,True
BASELINE,GPT,B1,016880::2024,False,True
BASELINE,GPT,B1,017000::2024,True,False
BASELINE,GPT,B1,017250::2024,False,True
BASELINE,GPT,B1,017390::2024,True,False
BASELINE,GPT,B1,017480::2024,True,False
BASELINE,GPT,B1,017550::2024,False,True
BASELINE,GPT,B1,017890::2024,True,False
BASELINE,GPT,B1,017960::2024,False,True
BASELINE,GPT,B1,018000::2024,False,True
BASELINE,GPT,B1,018290::2024,True,False
BASELINE,GPT,B1,018310::2024,False,True
BASELINE,GPT,B1,019540::2024,False,True
BASELINE,GPT,B1,021650::2024,False,True
BASELINE,GPT,B1,023350::2024,True,False
BASELINE,GPT,B1,023410::2024,True,False
BASELINE,GPT,B1,025540::2024,False,True
BASELINE,GPT,B1,025620::2024,False,True
BASELINE,GPT,B1,025900::2024,False,True
BASELINE,GPT,B1,026960::2024,True,False
BASELINE,GPT,B1,027050::2024,True,False
BASELINE,GPT,B1,028050::2024,False,True
BASELINE,GPT,B1,028100::2024,False,True
BASELINE,GPT,B1,028670::2024,True,False
BASELINE,GPT,B1,029460::2024,True,False
BASELINE,GPT,B1,029960::2024,True,False
BASELINE,GPT,B1,030530::2024,True,False
BASELINE,GPT,B1,030960::2024,True,False
BASELINE,GPT,B1,031310::2024,True,False
BASELINE,GPT,B1,031820::2024,False,True
BASELINE,GPT,B1,032080::2024,True,False
BASELINE,GPT,B1,032560::2024,True,False
BASELINE,GPT,B1,032620::2024,False,True
BASELINE,GPT,B1,032790::2024,False,True
BASELINE,GPT,B1,032940::2024,False,True
BASELINE,GPT,B1,033050::2024,False,True
BASELINE,GPT,B1,033100::2024,True,False
BASELINE,GPT,B1,033160::2024,False,True
BASELINE,GPT,B1,033200::2024,True,False
BASELINE,GPT,B1,033250::2024,False,True
BASELINE,GPT,B1,033320::2024,False,True
BASELINE,GPT,B1,033500::2024,False,True
BASELINE,GPT,B1,033530::2024,True,False
BASELINE,GPT,B1,033540::2024,False,True
BASELINE,GPT,B1,033640::2024,False,True
BASELINE,GPT,B1,033780::2024,True,False
BASELINE,GPT,B1,034230::2024,True,False
BASELINE,GPT,B1,035000::2024,False,True
BASELINE,GPT,B1,035150::2024,True,False
BASELINE,GPT,B1,035760::2024,True,False
BASELINE,GPT,B1,035890::2024,False,True
BASELINE,GPT,B1,036000::2024,True,False
BASELINE,GPT,B1,036010::2024,False,True
BASELINE,GPT,B1,036090::2024,False,True
BASELINE,GPT,B1,036170::2024,False,True
BASELINE,GPT,B1,036190::2024,False,True
BASELINE,GPT,B1,036200::2024,True,False
BASELINE,GPT,B1,036480::2024,False,True
BASELINE,GPT,B1,036540::2024,False,True
BASELINE,GPT,B1,036630::2024,True,False
BASELINE,GPT,B1,036930::2024,False,True
BASELINE,GPT,B1,037030::2024,True,False
BASELINE,GPT,B1,037070::2024,False,True
BASELINE,GPT,B1,038070::2024,True,False
BASELINE,GPT,B1,038110::2024,False,True
BASELINE,GPT,B1,038290::2024,False,True
BASELINE,GPT,B1,038540::2024,False,True
BASELINE,GPT,B1,038680::2024,True,False
BASELINE,GPT,B1,039010::2024,True,False
BASELINE,GPT,B1,039130::2024,True,False
BASELINE,GPT,B1,039310::2024,True,False
BASELINE,GPT,B1,040160::2024,True,False
BASELINE,GPT,B1,040910::2024,False,True
BASELINE,GPT,B1,041830::2024,True,False
BASELINE,GPT,B1,042000::2024,True,False
BASELINE,GPT,B1,042420::2024,True,False
BASELINE,GPT,B1,042510::2024,False,True
BASELINE,GPT,B1,042520::2024,True,False
BASELINE,GPT,B1,042660::2024,True,False
BASELINE,GPT,B1,043220::2024,False,True
BASELINE,GPT,B1,043910::2024,True,False
BASELINE,GPT,B1,044180::2024,False,True
BASELINE,GPT,B1,044340::2024,False,True
BASELINE,GPT,B1,044380::2024,True,False
BASELINE,GPT,B1,045060::2024,False,True
BASELINE,GPT,B1,045300::2024,True,False
BASELINE,GPT,B1,045660::2024,False,True
BASELINE,GPT,B1,046940::2024,True,False
BASELINE,GPT,B1,046970::2024,True,False
BASELINE,GPT,B1,047400::2024,False,True
BASELINE,GPT,B1,048430::2024,True,False
BASELINE,GPT,B1,048830::2024,False,True
BASELINE,GPT,B1,049180::2024,True,False
BASELINE,GPT,B1,049480::2024,False,True
BASELINE,GPT,B1,050760::2024,False,True
BASELINE,GPT,B1,051490::2024,False,True
BASELINE,GPT,B1,051600::2024,False,True
BASELINE,GPT,B1,052900::2024,True,False
BASELINE,GPT,B1,053060::2024,False,True
BASELINE,GPT,B1,053080::2024,False,True
BASELINE,GPT,B1,053260::2024,True,False
BASELINE,GPT,B1,053580::2024,False,True
BASELINE,GPT,B1,053700::2024,False,True
BASELINE,GPT,B1,054090::2024,False,True
BASELINE,GPT,B1,054540::2024,True,False
BASELINE,GPT,B1,054930::2024,False,True
BASELINE,GPT,B1,055490::2024,True,False
BASELINE,GPT,B1,056190::2024,False,True
BASELINE,GPT,B1,058730::2024,True,False
BASELINE,GPT,B1,059120::2024,True,False
BASELINE,GPT,B1,060150::2024,True,False
BASELINE,GPT,B1,060250::2024,True,False
BASELINE,GPT,B1,060310::2024,True,False
BASELINE,GPT,B1,060850::2024,True,False
BASELINE,GPT,B1,061040::2024,False,True
BASELINE,GPT,B1,062040::2024,False,True
BASELINE,GPT,B1,062970::2024,False,True
BASELINE,GPT,B1,063080::2024,True,False
BASELINE,GPT,B1,064240::2024,False,True
BASELINE,GPT,B1,064480::2024,True,False
BASELINE,GPT,B1,065370::2024,False,True
BASELINE,GPT,B1,065690::2024,False,True
BASELINE,GPT,B1,066700::2024,True,False
BASELINE,GPT,B1,066830::2024,True,False
BASELINE,GPT,B1,067280::2024,True,False
BASELINE,GPT,B1,067570::2024,False,True
BASELINE,GPT,B1,067730::2024,False,True
BASELINE,GPT,B1,068940::2024,True,False
BASELINE,GPT,B1,069140::2024,True,False
BASELINE,GPT,B1,069260::2024,True,False
BASELINE,GPT,B1,069460::2024,True,False
BASELINE,GPT,B1,069510::2024,True,False
BASELINE,GPT,B1,071200::2024,False,True
BASELINE,GPT,B1,071970::2024,True,False
BASELINE,GPT,B1,072990::2024,False,True
BASELINE,GPT,B1,073190::2024,False,True
BASELINE,GPT,B1,073240::2024,True,False
BASELINE,GPT,B1,075130::2024,True,False
BASELINE,GPT,B1,078070::2024,False,True
BASELINE,GPT,B1,078140::2024,False,True
BASELINE,GPT,B1,078150::2024,True,False
BASELINE,GPT,B1,079160::2024,False,True
BASELINE,GPT,B1,079190::2024,False,True
BASELINE,GPT,B1,079550::2024,False,True
BASELINE,GPT,B1,079650::2024,True,False
BASELINE,GPT,B1,079810::2024,True,False
BASELINE,GPT,B1,079900::2024,True,False
BASELINE,GPT,B1,079940::2024,False,True
BASELINE,GPT,B1,079950::2024,False,True
BASELINE,GPT,B1,079960::2024,False,True
BASELINE,GPT,B1,079980::2024,True,False
BASELINE,GPT,B1,080010::2024,False,True
BASELINE,GPT,B1,080520::2024,True,False
BASELINE,GPT,B1,080530::2024,True,False
BASELINE,GPT,B1,081660::2024,False,True
BASELINE,GPT,B1,083310::2024,True,False
BASELINE,GPT,B1,083450::2024,False,True
BASELINE,GPT,B1,083930::2024,False,True
BASELINE,GPT,B1,084650::2024,False,True
BASELINE,GPT,B1,085670::2024,True,False
BASELINE,GPT,B1,086280::2024,True,False
BASELINE,GPT,B1,086450::2024,False,True
BASELINE,GPT,B1,086520::2024,True,False
BASELINE,GPT,B1,086670::2024,True,False
BASELINE,GPT,B1,086710::2024,False,True
BASELINE,GPT,B1,086890::2024,True,False
BASELINE,GPT,B1,087260::2024,False,True
BASELINE,GPT,B1,087600::2024,True,False
BASELINE,GPT,B1,088290::2024,False,True
BASELINE,GPT,B1,088800::2024,False,True
BASELINE,GPT,B1,089150::2024,True,False
BASELINE,GPT,B1,089470::2024,True,False
BASELINE,GPT,B1,089860::2024,False,True
BASELINE,GPT,B1,089970::2024,False,True
BASELINE,GPT,B1,089980::2024,True,False
BASELINE,GPT,B1,090150::2024,False,True
BASELINE,GPT,B1,090360::2024,True,False
BASELINE,GPT,B1,090710::2024,True,False
BASELINE,GPT,B1,091120::2024,False,True
BASELINE,GPT,B1,091580::2024,True,False
BASELINE,GPT,B1,091590::2024,True,False
BASELINE,GPT,B1,091810::2024,False,True
BASELINE,GPT,B1,092730::2024,False,True
BASELINE,GPT,B1,092870::2024,True,False
BASELINE,GPT,B1,093370::2024,False,True
BASELINE,GPT,B1,094280::2024,False,True
BASELINE,GPT,B1,094480::2024,True,False
BASELINE,GPT,B1,094850::2024,False,True
BASELINE,GPT,B1,094970::2024,False,True
BASELINE,GPT,B1,095610::2024,False,True
BASELINE,GPT,B1,095910::2024,True,False
BASELINE,GPT,B1,096350::2024,False,True
BASELINE,GPT,B1,096690::2024,False,True
BASELINE,GPT,B1,099320::2024,False,True
BASELINE,GPT,B1,099520::2024,True,False
BASELINE,GPT,B1,099750::2024,True,False
BASELINE,GPT,B1,100030::2024,False,True
BASELINE,GPT,B1,100090::2024,False,True
BASELINE,GPT,B1,100120::2024,False,True
BASELINE,GPT,B1,100590::2024,False,True
BASELINE,GPT,B1,101400::2024,False,True
BASELINE,GPT,B1,101490::2024,True,False
BASELINE,GPT,B1,101670::2024,False,True
BASELINE,GPT,B1,102710::2024,False,True
BASELINE,GPT,B1,102950::2024,True,False
BASELINE,GPT,B1,104620::2024,True,False
BASELINE,GPT,B1,104700::2024,True,False
BASELINE,GPT,B1,104830::2024,True,False
BASELINE,GPT,B1,105630::2024,True,False
BASELINE,GPT,B1,105760::2024,True,False
BASELINE,GPT,B1,105840::2024,True,False
BASELINE,GPT,B1,106520::2024,False,True
BASELINE,GPT,B1,108230::2024,False,True
BASELINE,GPT,B1,108380::2024,True,False
BASELINE,GPT,B1,109610::2024,True,False
BASELINE,GPT,B1,109670::2024,True,False
BASELINE,GPT,B1,109740::2024,False,True
BASELINE,GPT,B1,109860::2024,False,True
BASELINE,GPT,B1,110790::2024,True,False
BASELINE,GPT,B1,110990::2024,True,False
BASELINE,GPT,B1,111870::2024,False,True
BASELINE,GPT,B1,114840::2024,True,False
BASELINE,GPT,B1,115310::2024,True,False
BASELINE,GPT,B1,115450::2024,False,True
BASELINE,GPT,B1,119500::2024,True,False
BASELINE,GPT,B1,119830::2024,False,True
BASELINE,GPT,B1,120240::2024,True,False
BASELINE,GPT,B1,121060::2024,False,True
BASELINE,GPT,B1,121600::2024,True,False
BASELINE,GPT,B1,122350::2024,True,False
BASELINE,GPT,B1,122640::2024,False,True
BASELINE,GPT,B1,123330::2024,True,False
BASELINE,GPT,B1,123410::2024,True,False
BASELINE,GPT,B1,123570::2024,True,False
BASELINE,GPT,B1,123840::2024,False,True
BASELINE,GPT,B1,124500::2024,True,False
BASELINE,GPT,B1,124560::2024,False,True
BASELINE,GPT,B1,126600::2024,True,False
BASELINE,GPT,B1,126640::2024,True,False
BASELINE,GPT,B1,126720::2024,False,True
BASELINE,GPT,B1,126730::2024,True,False
BASELINE,GPT,B1,128660::2024,True,False
BASELINE,GPT,B1,128820::2024,True,False
BASELINE,GPT,B1,129890::2024,False,True
BASELINE,GPT,B1,130500::2024,False,True
BASELINE,GPT,B1,131030::2024,False,True
BASELINE,GPT,B1,131090::2024,True,False
BASELINE,GPT,B1,131290::2024,False,True
BASELINE,GPT,B1,131400::2024,False,True
BASELINE,GPT,B1,136490::2024,True,False
BASELINE,GPT,B1,136540::2024,False,True
BASELINE,GPT,B1,137080::2024,False,True
BASELINE,GPT,B1,138080::2024,False,True
BASELINE,GPT,B1,138490::2024,False,True
BASELINE,GPT,B1,140070::2024,True,False
BASELINE,GPT,B1,140430::2024,True,False
BASELINE,GPT,B1,140670::2024,False,True
BASELINE,GPT,B1,141080::2024,True,False
BASELINE,GPT,B1,142210::2024,False,True
BASELINE,GPT,B1,146060::2024,False,True
BASELINE,GPT,B1,146320::2024,False,True
BASELINE,GPT,B1,147830::2024,True,False
BASELINE,GPT,B1,149950::2024,True,False
BASELINE,GPT,B1,155650::2024,True,False
BASELINE,GPT,B1,161580::2024,True,False
BASELINE,GPT,B1,162120::2024,True,False
BASELINE,GPT,B1,163280::2024,True,False
BASELINE,GPT,B1,163560::2024,False,True
BASELINE,GPT,B1,163730::2024,False,True
BASELINE,GPT,B1,166090::2024,False,True
BASELINE,GPT,B1,169330::2024,False,True
BASELINE,GPT,B1,170030::2024,False,True
BASELINE,GPT,B1,171010::2024,False,True
BASELINE,GPT,B1,172670::2024,True,False
BASELINE,GPT,B1,174880::2024,True,False
BASELINE,GPT,B1,175140::2024,False,True
BASELINE,GPT,B1,183490::2024,False,True
BASELINE,GPT,B1,184230::2024,False,True
BASELINE,GPT,B1,185750::2024,False,True
BASELINE,GPT,B1,186230::2024,True,False
BASELINE,GPT,B1,187790::2024,False,True
BASELINE,GPT,B1,189300::2024,True,False
BASELINE,GPT,B1,191410::2024,True,False
BASELINE,GPT,B1,192410::2024,True,False
BASELINE,GPT,B1,194700::2024,False,True
BASELINE,GPT,B1,196700::2024,False,True
BASELINE,GPT,B1,197140::2024,True,False
BASELINE,GPT,B1,198440::2024,False,True
BASELINE,GPT,B1,199150::2024,True,False
BASELINE,GPT,B1,199480::2024,True,False
BASELINE,GPT,B1,200130::2024,True,False
BASELINE,GPT,B1,200350::2024,False,True
BASELINE,GPT,B1,200710::2024,True,False
BASELINE,GPT,B1,200880::2024,False,True
BASELINE,GPT,B1,203650::2024,True,False
BASELINE,GPT,B1,204020::2024,False,True
BASELINE,GPT,B1,206560::2024,False,True
BASELINE,GPT,B1,208350::2024,False,True
BASELINE,GPT,B1,209640::2024,False,True
BASELINE,GPT,B1,210980::2024,True,False
BASELINE,GPT,B1,212710::2024,True,False
BASELINE,GPT,B1,214180::2024,True,False
BASELINE,GPT,B1,214260::2024,False,True
BASELINE,GPT,B1,214270::2024,False,True
BASELINE,GPT,B1,214330::2024,False,True
BASELINE,GPT,B1,215090::2024,False,True
BASELINE,GPT,B1,215480::2024,False,True
BASELINE,GPT,B1,215600::2024,True,False
BASELINE,GPT,B1,217480::2024,False,True
BASELINE,GPT,B1,217500::2024,True,False
BASELINE,GPT,B1,218150::2024,False,True
BASELINE,GPT,B1,219130::2024,False,True
BASELINE,GPT,B1,219550::2024,False,True
BASELINE,GPT,B1,220180::2024,False,True
BASELINE,GPT,B1,220260::2024,True,False
BASELINE,GPT,B1,221840::2024,True,False
BASELINE,GPT,B1,222080::2024,False,True
BASELINE,GPT,B1,222810::2024,True,False
BASELINE,GPT,B1,222980::2024,True,False
BASELINE,GPT,B1,223310::2024,False,True
BASELINE,GPT,B1,224760::2024,True,False
BASELINE,GPT,B1,225430::2024,True,False
BASELINE,GPT,B1,232140::2024,False,True
BASELINE,GPT,B1,234080::2024,False,True
BASELINE,GPT,B1,234100::2024,True,False
BASELINE,GPT,B1,236200::2024,False,True
BASELINE,GPT,B1,237750::2024,True,False
BASELINE,GPT,B1,238170::2024,False,True
BASELINE,GPT,B1,238490::2024,True,False
BASELINE,GPT,B1,239610::2024,True,False
BASELINE,GPT,B1,240600::2024,True,False
BASELINE,GPT,B1,241770::2024,False,True
BASELINE,GPT,B1,244920::2024,False,True
BASELINE,GPT,B1,247540::2024,False,True
BASELINE,GPT,B1,250030::2024,False,True
BASELINE,GPT,B1,250930::2024,False,True
BASELINE,GPT,B1,251370::2024,True,False
BASELINE,GPT,B1,251970::2024,False,True
BASELINE,GPT,B1,252990::2024,False,True
BASELINE,GPT,B1,253450::2024,True,False
BASELINE,GPT,B1,253590::2024,True,False
BASELINE,GPT,B1,254490::2024,True,False
BASELINE,GPT,B1,255440::2024,False,True
BASELINE,GPT,B1,256940::2024,True,False
BASELINE,GPT,B1,258790::2024,True,False
BASELINE,GPT,B1,259630::2024,True,False
BASELINE,GPT,B1,262260::2024,True,False
BASELINE,GPT,B1,263020::2024,True,False
BASELINE,GPT,B1,263770::2024,False,True
BASELINE,GPT,B1,263920::2024,False,True
BASELINE,GPT,B1,264450::2024,False,True
BASELINE,GPT,B1,265520::2024,True,False
BASELINE,GPT,B1,265740::2024,False,True
BASELINE,GPT,B1,267080::2024,True,False
BASELINE,GPT,B1,267850::2024,False,True
BASELINE,GPT,B1,269620::2024,False,True
BASELINE,GPT,B1,270870::2024,True,False
BASELINE,GPT,B1,271830::2024,True,False
BASELINE,GPT,B1,272110::2024,False,True
BASELINE,GPT,B1,275630::2024,True,False
BASELINE,GPT,B1,277410::2024,True,False
BASELINE,GPT,B1,277810::2024,False,True
BASELINE,GPT,B1,281740::2024,False,True
BASELINE,GPT,B1,281820::2024,True,False
BASELINE,GPT,B1,282330::2024,False,True
BASELINE,GPT,B1,288620::2024,True,False
BASELINE,GPT,B1,289220::2024,True,False
BASELINE,GPT,B1,290560::2024,True,False
BASELINE,GPT,B1,290720::2024,True,False
BASELINE,GPT,B1,294140::2024,False,True
BASELINE,GPT,B1,294570::2024,True,False
BASELINE,GPT,B1,297090::2024,False,True
BASELINE,GPT,B1,297890::2024,False,True
BASELINE,GPT,B1,298000::2024,True,False
BASELINE,GPT,B1,298020::2024,True,False
BASELINE,GPT,B1,298690::2024,False,True
BASELINE,GPT,B1,298830::2024,True,False
BASELINE,GPT,B1,299900::2024,False,True
BASELINE,GPT,B1,302440::2024,False,True
BASELINE,GPT,B1,303530::2024,False,True
BASELINE,GPT,B1,306040::2024,True,False
BASELINE,GPT,B1,307280::2024,True,False
BASELINE,GPT,B1,307870::2024,False,True
BASELINE,GPT,B1,307950::2024,False,True
BASELINE,GPT,B1,308170::2024,False,True
BASELINE,GPT,B1,310870::2024,True,False
BASELINE,GPT,B1,311390::2024,False,True
BASELINE,GPT,B1,314140::2024,False,True
BASELINE,GPT,B1,317120::2024,False,True
BASELINE,GPT,B1,317240::2024,False,True
BASELINE,GPT,B1,317330::2024,False,True
BASELINE,GPT,B1,317400::2024,True,False
BASELINE,GPT,B1,317770::2024,False,True
BASELINE,GPT,B1,317830::2024,False,True
BASELINE,GPT,B1,317850::2024,False,True
BASELINE,GPT,B1,318160::2024,False,True
BASELINE,GPT,B1,319400::2024,False,True
BASELINE,GPT,B1,320000::2024,False,True
BASELINE,GPT,B1,321820::2024,True,False
BASELINE,GPT,B1,328380::2024,False,True
BASELINE,GPT,B1,332290::2024,False,True
BASELINE,GPT,B1,332570::2024,True,False
BASELINE,GPT,B1,333620::2024,False,True
BASELINE,GPT,B1,335870::2024,False,True
BASELINE,GPT,B1,339770::2024,False,True
BASELINE,GPT,B1,347000::2024,False,True
BASELINE,GPT,B1,348340::2024,False,True
BASELINE,GPT,B1,352090::2024,True,False
BASELINE,GPT,B1,352700::2024,True,False
BASELINE,GPT,B1,353190::2024,False,True
BASELINE,GPT,B1,353590::2024,False,True
BASELINE,GPT,B1,354320::2024,False,True
BASELINE,GPT,B1,354390::2024,False,True
BASELINE,GPT,B1,355390::2024,False,True
BASELINE,GPT,B1,357230::2024,True,False
BASELINE,GPT,B1,357580::2024,True,False
BASELINE,GPT,B1,360350::2024,False,True
BASELINE,GPT,B1,362990::2024,False,True
BASELINE,GPT,B1,368600::2024,True,False
BASELINE,GPT,B1,370090::2024,True,False
BASELINE,GPT,B1,372910::2024,True,False
BASELINE,GPT,B1,373170::2024,True,False
BASELINE,GPT,B1,373200::2024,False,True
BASELINE,GPT,B1,377220::2024,True,False
BASELINE,GPT,B1,378340::2024,True,False
BASELINE,GPT,B1,381620::2024,True,False
BASELINE,GPT,B1,382480::2024,True,False
BASELINE,GPT,B1,382800::2024,False,True
BASELINE,GPT,B1,382840::2024,False,True
BASELINE,GPT,B1,383310::2024,False,True
BASELINE,GPT,B1,388050::2024,True,False
BASELINE,GPT,B1,389680::2024,False,True
BASELINE,GPT,B1,391710::2024,True,False
BASELINE,GPT,B1,393210::2024,False,True
BASELINE,GPT,B1,398120::2024,True,False
BASELINE,GPT,B1,399720::2024,True,False
BASELINE,GPT,B1,403490::2024,False,True
BASELINE,GPT,B1,406820::2024,False,True
BASELINE,GPT,B1,415380::2024,False,True
BASELINE,GPT,B1,417200::2024,False,True
BASELINE,GPT,B1,419050::2024,False,True
BASELINE,GPT,B1,419080::2024,True,False
BASELINE,GPT,B1,419530::2024,True,False
BASELINE,GPT,B1,420570::2024,False,True
BASELINE,GPT,B1,430690::2024,False,True
BASELINE,GPT,B1,432980::2024,False,True
BASELINE,GPT,B1,439090::2024,False,True
BASELINE,GPT,B1,439580::2024,True,False
BASELINE,GPT,B1,444530::2024,True,False
BASELINE,GPT,B1,448710::2024,False,True
BASELINE,GPT,B1,450080::2024,False,True
BASELINE,GPT,B1,450520::2024,False,True
BASELINE,GPT,B1,451250::2024,True,False
BASELINE,GPT,B1,452160::2024,False,True
BASELINE,GPT,B1,452190::2024,True,False
BASELINE,GPT,B1,452280::2024,False,True
BASELINE,GPT,B1,456700::2024,False,True
BASELINE,GPT,B1,457370::2024,False,True
BASELINE,GPT,B1,457550::2024,False,True
BASELINE,GPT,B1,457600::2024,True,False
BASELINE,GPT,B1,460930::2024,False,True
BASELINE,GPT,B1,469750::2024,True,False
BASELINE,GPT,B1,475580::2024,False,True
BASELINE,GPT,B1,475660::2024,False,True
BASELINE,GPT,B1,476080::2024,True,False
BASELINE,GPT,B1,478560::2024,False,True
BASELINE,GPT,B1,479960::2024,True,False
BASELINE,GPT,BINF,000020::2024,True,False
BASELINE,GPT,BINF,000100::2024,True,False
BASELINE,GPT,BINF,000250::2024,False,True
BASELINE,GPT,BINF,000670::2024,False,True
BASELINE,GPT,BINF,000680::2024,True,False
BASELINE,GPT,BINF,000700::2024,True,False
BASELINE,GPT,BINF,000860::2024,False,True
BASELINE,GPT,BINF,000990::2024,True,False
BASELINE,GPT,BINF,001060::2024,False,True
BASELINE,GPT,BINF,001120::2024,True,False
BASELINE,GPT,BINF,001210::2024,True,False
BASELINE,GPT,BINF,001230::2024,True,False
BASELINE,GPT,BINF,001340::2024,True,False
BASELINE,GPT,BINF,001540::2024,True,False
BASELINE,GPT,BINF,001560::2024,True,False
BASELINE,GPT,BINF,001620::2024,True,False
BASELINE,GPT,BINF,001740::2024,False,True
BASELINE,GPT,BINF,001780::2024,True,False
BASELINE,GPT,BINF,001940::2024,True,False
BASELINE,GPT,BINF,002150::2024,True,False
BASELINE,GPT,BINF,002240::2024,True,False
BASELINE,GPT,BINF,002380::2024,True,False
BASELINE,GPT,BINF,002410::2024,False,True
BASELINE,GPT,BINF,002630::2024,False,True
BASELINE,GPT,BINF,002690::2024,True,False
BASELINE,GPT,BINF,002780::2024,True,False
BASELINE,GPT,BINF,002900::2024,True,False
BASELINE,GPT,BINF,002990::2024,True,False
BASELINE,GPT,BINF,003010::2024,True,False
BASELINE,GPT,BINF,003160::2024,True,False
BASELINE,GPT,BINF,003220::2024,True,False
BASELINE,GPT,BINF,003380::2024,False,True
BASELINE,GPT,BINF,003800::2024,False,True
BASELINE,GPT,BINF,003850::2024,True,False
BASELINE,GPT,BINF,004090::2024,False,True
BASELINE,GPT,BINF,004310::2024,False,True
BASELINE,GPT,BINF,004430::2024,True,False
BASELINE,GPT,BINF,004800::2024,True,False
BASELINE,GPT,BINF,004840::2024,False,True
BASELINE,GPT,BINF,005030::2024,True,False
BASELINE,GPT,BINF,005160::2024,True,False
BASELINE,GPT,BINF,005180::2024,True,False
BASELINE,GPT,BINF,005320::2024,True,False
BASELINE,GPT,BINF,005380::2024,False,True
BASELINE,GPT,BINF,005430::2024,True,False
BASELINE,GPT,BINF,005750::2024,False,True
BASELINE,GPT,BINF,005820::2024,True,False
BASELINE,GPT,BINF,005850::2024,True,False
BASELINE,GPT,BINF,005870::2024,True,False
BASELINE,GPT,BINF,005880::2024,False,True
BASELINE,GPT,BINF,005950::2024,True,False
BASELINE,GPT,BINF,005960::2024,True,False
BASELINE,GPT,BINF,006140::2024,True,False
BASELINE,GPT,BINF,006280::2024,True,False
BASELINE,GPT,BINF,006490::2024,False,True
BASELINE,GPT,BINF,006620::2024,False,True
BASELINE,GPT,BINF,006890::2024,True,False
BASELINE,GPT,BINF,007120::2024,True,False
BASELINE,GPT,BINF,007390::2024,True,False
BASELINE,GPT,BINF,007680::2024,True,False
BASELINE,GPT,BINF,007770::2024,True,False
BASELINE,GPT,BINF,007820::2024,True,False
BASELINE,GPT,BINF,008040::2024,True,False
BASELINE,GPT,BINF,008350::2024,True,False
BASELINE,GPT,BINF,009180::2024,True,False
BASELINE,GPT,BINF,009200::2024,True,False
BASELINE,GPT,BINF,009310::2024,True,False
BASELINE,GPT,BINF,009320::2024,True,False
BASELINE,GPT,BINF,009450::2024,True,False
BASELINE,GPT,BINF,009520::2024,False,True
BASELINE,GPT,BINF,009540::2024,True,False
BASELINE,GPT,BINF,009580::2024,False,True
BASELINE,GPT,BINF,009620::2024,True,False
BASELINE,GPT,BINF,010060::2024,True,False
BASELINE,GPT,BINF,010130::2024,True,False
BASELINE,GPT,BINF,010140::2024,True,False
BASELINE,GPT,BINF,010170::2024,True,False
BASELINE,GPT,BINF,010240::2024,True,False
BASELINE,GPT,BINF,010280::2024,True,False
BASELINE,GPT,BINF,010690::2024,False,True
BASELINE,GPT,BINF,011040::2024,True,False
BASELINE,GPT,BINF,011200::2024,False,True
BASELINE,GPT,BINF,011230::2024,True,False
BASELINE,GPT,BINF,011370::2024,True,False
BASELINE,GPT,BINF,011420::2024,False,True
BASELINE,GPT,BINF,011760::2024,False,True
BASELINE,GPT,BINF,012330::2024,True,False
BASELINE,GPT,BINF,012340::2024,False,True
BASELINE,GPT,BINF,012510::2024,True,False
BASELINE,GPT,BINF,012750::2024,True,False
BASELINE,GPT,BINF,013030::2024,False,True
BASELINE,GPT,BINF,013120::2024,True,False
BASELINE,GPT,BINF,013360::2024,True,False
BASELINE,GPT,BINF,013700::2024,True,False
BASELINE,GPT,BINF,013720::2024,False,True
BASELINE,GPT,BINF,013810::2024,False,True
BASELINE,GPT,BINF,013870::2024,True,False
BASELINE,GPT,BINF,014190::2024,False,True
BASELINE,GPT,BINF,014200::2024,True,False
BASELINE,GPT,BINF,014530::2024,True,False
BASELINE,GPT,BINF,014580::2024,True,False
BASELINE,GPT,BINF,014830::2024,True,False
BASELINE,GPT,BINF,014970::2024,True,False
BASELINE,GPT,BINF,015230::2024,True,False
BASELINE,GPT,BINF,015710::2024,True,False
BASELINE,GPT,BINF,015890::2024,True,False
BASELINE,GPT,BINF,016100::2024,True,False
BASELINE,GPT,BINF,016450::2024,True,False
BASELINE,GPT,BINF,016740::2024,True,False
BASELINE,GPT,BINF,016880::2024,True,False
BASELINE,GPT,BINF,017000::2024,True,False
BASELINE,GPT,BINF,017250::2024,True,False
BASELINE,GPT,BINF,017390::2024,True,False
BASELINE,GPT,BINF,017480::2024,True,False
BASELINE,GPT,BINF,017550::2024,True,False
BASELINE,GPT,BINF,017890::2024,False,True
BASELINE,GPT,BINF,017960::2024,False,True
BASELINE,GPT,BINF,018000::2024,True,False
BASELINE,GPT,BINF,018290::2024,False,True
BASELINE,GPT,BINF,018310::2024,True,False
BASELINE,GPT,BINF,019540::2024,True,False
BASELINE,GPT,BINF,021650::2024,True,False
BASELINE,GPT,BINF,023350::2024,True,False
BASELINE,GPT,BINF,023410::2024,True,False
BASELINE,GPT,BINF,025540::2024,True,False
BASELINE,GPT,BINF,025620::2024,True,False
BASELINE,GPT,BINF,025900::2024,False,True
BASELINE,GPT,BINF,026960::2024,True,False
BASELINE,GPT,BINF,027050::2024,False,True
BASELINE,GPT,BINF,028050::2024,True,False
BASELINE,GPT,BINF,028100::2024,True,False
BASELINE,GPT,BINF,028670::2024,True,False
BASELINE,GPT,BINF,029460::2024,True,False
BASELINE,GPT,BINF,029960::2024,True,False
BASELINE,GPT,BINF,030530::2024,False,True
BASELINE,GPT,BINF,030960::2024,True,False
BASELINE,GPT,BINF,031310::2024,True,False
BASELINE,GPT,BINF,031820::2024,True,False
BASELINE,GPT,BINF,032080::2024,True,False
BASELINE,GPT,BINF,032560::2024,True,False
BASELINE,GPT,BINF,032620::2024,True,False
BASELINE,GPT,BINF,032790::2024,True,False
BASELINE,GPT,BINF,032940::2024,True,False
BASELINE,GPT,BINF,033050::2024,True,False
BASELINE,GPT,BINF,033100::2024,False,True
BASELINE,GPT,BINF,033160::2024,True,False
BASELINE,GPT,BINF,033200::2024,True,False
BASELINE,GPT,BINF,033250::2024,False,True
BASELINE,GPT,BINF,033320::2024,True,False
BASELINE,GPT,BINF,033500::2024,True,False
BASELINE,GPT,BINF,033530::2024,True,False
BASELINE,GPT,BINF,033540::2024,True,False
BASELINE,GPT,BINF,033640::2024,True,False
BASELINE,GPT,BINF,033780::2024,True,False
BASELINE,GPT,BINF,034230::2024,True,False
BASELINE,GPT,BINF,035000::2024,False,True
BASELINE,GPT,BINF,035150::2024,True,False
BASELINE,GPT,BINF,035760::2024,True,False
BASELINE,GPT,BINF,035890::2024,False,True
BASELINE,GPT,BINF,036000::2024,True,False
BASELINE,GPT,BINF,036010::2024,True,False
BASELINE,GPT,BINF,036090::2024,True,False
BASELINE,GPT,BINF,036170::2024,True,False
BASELINE,GPT,BINF,036190::2024,True,False
BASELINE,GPT,BINF,036200::2024,True,False
BASELINE,GPT,BINF,036480::2024,True,False
BASELINE,GPT,BINF,036540::2024,True,False
BASELINE,GPT,BINF,036630::2024,True,False
BASELINE,GPT,BINF,036930::2024,False,True
BASELINE,GPT,BINF,037030::2024,True,False
BASELINE,GPT,BINF,037070::2024,True,False
BASELINE,GPT,BINF,038070::2024,True,False
BASELINE,GPT,BINF,038110::2024,True,False
BASELINE,GPT,BINF,038290::2024,True,False
BASELINE,GPT,BINF,038540::2024,False,True
BASELINE,GPT,BINF,038680::2024,True,False
BASELINE,GPT,BINF,039010::2024,False,True
BASELINE,GPT,BINF,039130::2024,False,True
BASELINE,GPT,BINF,039310::2024,False,True
BASELINE,GPT,BINF,040160::2024,True,False
BASELINE,GPT,BINF,040910::2024,True,False
BASELINE,GPT,BINF,041830::2024,True,False
BASELINE,GPT,BINF,042000::2024,True,False
BASELINE,GPT,BINF,042420::2024,False,True
BASELINE,GPT,BINF,042510::2024,True,False
BASELINE,GPT,BINF,042520::2024,True,False
BASELINE,GPT,BINF,042660::2024,False,True
BASELINE,GPT,BINF,043220::2024,True,False
BASELINE,GPT,BINF,043910::2024,True,False
BASELINE,GPT,BINF,044180::2024,False,True
BASELINE,GPT,BINF,044340::2024,True,False
BASELINE,GPT,BINF,044380::2024,True,False
BASELINE,GPT,BINF,045060::2024,True,False
BASELINE,GPT,BINF,045300::2024,True,False
BASELINE,GPT,BINF,045660::2024,True,False
BASELINE,GPT,BINF,046940::2024,True,False
BASELINE,GPT,BINF,046970::2024,False,True
BASELINE,GPT,BINF,047400::2024,True,False
BASELINE,GPT,BINF,048430::2024,True,False
BASELINE,GPT,BINF,048830::2024,False,True
BASELINE,GPT,BINF,049180::2024,True,False
BASELINE,GPT,BINF,049480::2024,True,False
BASELINE,GPT,BINF,050760::2024,True,False
BASELINE,GPT,BINF,051490::2024,True,False
BASELINE,GPT,BINF,051600::2024,True,False
BASELINE,GPT,BINF,052900::2024,True,False
BASELINE,GPT,BINF,053060::2024,False,True
BASELINE,GPT,BINF,053080::2024,False,True
BASELINE,GPT,BINF,053260::2024,True,False
BASELINE,GPT,BINF,053580::2024,True,False
BASELINE,GPT,BINF,053700::2024,True,False
BASELINE,GPT,BINF,054090::2024,True,False
BASELINE,GPT,BINF,054540::2024,True,False
BASELINE,GPT,BINF,054930::2024,False,True
BASELINE,GPT,BINF,055490::2024,False,True
BASELINE,GPT,BINF,056190::2024,False,True
BASELINE,GPT,BINF,058730::2024,True,False
BASELINE,GPT,BINF,059120::2024,False,True
BASELINE,GPT,BINF,060150::2024,True,False
BASELINE,GPT,BINF,060250::2024,True,False
BASELINE,GPT,BINF,060310::2024,True,False
BASELINE,GPT,BINF,060850::2024,False,True
BASELINE,GPT,BINF,061040::2024,False,True
BASELINE,GPT,BINF,062040::2024,False,True
BASELINE,GPT,BINF,062970::2024,False,True
BASELINE,GPT,BINF,063080::2024,True,False
BASELINE,GPT,BINF,064240::2024,True,False
BASELINE,GPT,BINF,064480::2024,True,False
BASELINE,GPT,BINF,065370::2024,True,False
BASELINE,GPT,BINF,065690::2024,True,False
BASELINE,GPT,BINF,066700::2024,False,True
BASELINE,GPT,BINF,066830::2024,True,False
BASELINE,GPT,BINF,067280::2024,True,False
BASELINE,GPT,BINF,067570::2024,False,True
BASELINE,GPT,BINF,067730::2024,True,False
BASELINE,GPT,BINF,068940::2024,False,True
BASELINE,GPT,BINF,069140::2024,True,False
BASELINE,GPT,BINF,069260::2024,True,False
BASELINE,GPT,BINF,069460::2024,True,False
BASELINE,GPT,BINF,069510::2024,True,False
BASELINE,GPT,BINF,071200::2024,True,False
BASELINE,GPT,BINF,071970::2024,True,False
BASELINE,GPT,BINF,072990::2024,True,False
BASELINE,GPT,BINF,073190::2024,False,True
BASELINE,GPT,BINF,073240::2024,True,False
BASELINE,GPT,BINF,075130::2024,True,False
BASELINE,GPT,BINF,078070::2024,False,True
BASELINE,GPT,BINF,078140::2024,True,False
BASELINE,GPT,BINF,078150::2024,True,False
BASELINE,GPT,BINF,079160::2024,True,False
BASELINE,GPT,BINF,079190::2024,False,True
BASELINE,GPT,BINF,079550::2024,True,False
BASELINE,GPT,BINF,079650::2024,False,True
BASELINE,GPT,BINF,079810::2024,False,True
BASELINE,GPT,BINF,079900::2024,True,False
BASELINE,GPT,BINF,079940::2024,False,True
BASELINE,GPT,BINF,079950::2024,True,False
BASELINE,GPT,BINF,079960::2024,True,False
BASELINE,GPT,BINF,079980::2024,False,True
BASELINE,GPT,BINF,080010::2024,True,False
BASELINE,GPT,BINF,080520::2024,True,False
BASELINE,GPT,BINF,080530::2024,True,False
BASELINE,GPT,BINF,081660::2024,True,False
BASELINE,GPT,BINF,083310::2024,True,False
BASELINE,GPT,BINF,083450::2024,False,True
BASELINE,GPT,BINF,083930::2024,True,False
BASELINE,GPT,BINF,084650::2024,True,False
BASELINE,GPT,BINF,085670::2024,True,False
BASELINE,GPT,BINF,086280::2024,True,False
BASELINE,GPT,BINF,086450::2024,False,True
BASELINE,GPT,BINF,086520::2024,True,False
BASELINE,GPT,BINF,086670::2024,True,False
BASELINE,GPT,BINF,086710::2024,True,False
BASELINE,GPT,BINF,086890::2024,False,True
BASELINE,GPT,BINF,087260::2024,True,False
BASELINE,GPT,BINF,087600::2024,True,False
BASELINE,GPT,BINF,088290::2024,True,False
BASELINE,GPT,BINF,088800::2024,True,False
BASELINE,GPT,BINF,089150::2024,True,False
BASELINE,GPT,BINF,089470::2024,True,False
BASELINE,GPT,BINF,089860::2024,False,True
BASELINE,GPT,BINF,089970::2024,True,False
BASELINE,GPT,BINF,089980::2024,False,True
BASELINE,GPT,BINF,090150::2024,True,False
BASELINE,GPT,BINF,090360::2024,True,False
BASELINE,GPT,BINF,090710::2024,True,False
BASELINE,GPT,BINF,091120::2024,True,False
BASELINE,GPT,BINF,091580::2024,True,False
BASELINE,GPT,BINF,091590::2024,True,False
BASELINE,GPT,BINF,091810::2024,True,False
BASELINE,GPT,BINF,092730::2024,True,False
BASELINE,GPT,BINF,092870::2024,False,True
BASELINE,GPT,BINF,093370::2024,True,False
BASELINE,GPT,BINF,094280::2024,True,False
BASELINE,GPT,BINF,094480::2024,False,True
BASELINE,GPT,BINF,094850::2024,True,False
BASELINE,GPT,BINF,094970::2024,True,False
BASELINE,GPT,BINF,095610::2024,True,False
BASELINE,GPT,BINF,095910::2024,True,False
BASELINE,GPT,BINF,096350::2024,False,True
BASELINE,GPT,BINF,096690::2024,True,False
BASELINE,GPT,BINF,099320::2024,True,False
BASELINE,GPT,BINF,099520::2024,True,False
BASELINE,GPT,BINF,099750::2024,True,False
BASELINE,GPT,BINF,100030::2024,True,False
BASELINE,GPT,BINF,100090::2024,False,True
BASELINE,GPT,BINF,100120::2024,True,False
BASELINE,GPT,BINF,100590::2024,True,False
BASELINE,GPT,BINF,101400::2024,False,True
BASELINE,GPT,BINF,101490::2024,False,True
BASELINE,GPT,BINF,101670::2024,True,False
BASELINE,GPT,BINF,102710::2024,True,False
BASELINE,GPT,BINF,102950::2024,True,False
BASELINE,GPT,BINF,104620::2024,True,False
BASELINE,GPT,BINF,104700::2024,True,False
BASELINE,GPT,BINF,104830::2024,True,False
BASELINE,GPT,BINF,105630::2024,False,True
BASELINE,GPT,BINF,105760::2024,True,False
BASELINE,GPT,BINF,105840::2024,True,False
BASELINE,GPT,BINF,106520::2024,True,False
BASELINE,GPT,BINF,108230::2024,True,False
BASELINE,GPT,BINF,108380::2024,True,False
BASELINE,GPT,BINF,109610::2024,True,False
BASELINE,GPT,BINF,109670::2024,True,False
BASELINE,GPT,BINF,109740::2024,False,True
BASELINE,GPT,BINF,109860::2024,False,True
BASELINE,GPT,BINF,110790::2024,False,True
BASELINE,GPT,BINF,110990::2024,True,False
BASELINE,GPT,BINF,111870::2024,True,False
BASELINE,GPT,BINF,114840::2024,True,False
BASELINE,GPT,BINF,115310::2024,False,True
BASELINE,GPT,BINF,115450::2024,True,False
BASELINE,GPT,BINF,119500::2024,True,False
BASELINE,GPT,BINF,119830::2024,True,False
BASELINE,GPT,BINF,120240::2024,True,False
BASELINE,GPT,BINF,121060::2024,False,True
BASELINE,GPT,BINF,121600::2024,True,False
BASELINE,GPT,BINF,122350::2024,True,False
BASELINE,GPT,BINF,122640::2024,False,True
BASELINE,GPT,BINF,123330::2024,False,True
BASELINE,GPT,BINF,123410::2024,False,True
BASELINE,GPT,BINF,123570::2024,True,False
BASELINE,GPT,BINF,123840::2024,True,False
BASELINE,GPT,BINF,124500::2024,True,False
BASELINE,GPT,BINF,124560::2024,True,False
BASELINE,GPT,BINF,126600::2024,True,False
BASELINE,GPT,BINF,126640::2024,True,False
BASELINE,GPT,BINF,126720::2024,True,False
BASELINE,GPT,BINF,126730::2024,True,False
BASELINE,GPT,BINF,128660::2024,True,False
BASELINE,GPT,BINF,128820::2024,True,False
BASELINE,GPT,BINF,129890::2024,False,True
BASELINE,GPT,BINF,130500::2024,True,False
BASELINE,GPT,BINF,131030::2024,True,False
BASELINE,GPT,BINF,131090::2024,True,False
BASELINE,GPT,BINF,131290::2024,True,False
BASELINE,GPT,BINF,131400::2024,True,False
BASELINE,GPT,BINF,136490::2024,True,False
BASELINE,GPT,BINF,136540::2024,True,False
BASELINE,GPT,BINF,137080::2024,True,False
BASELINE,GPT,BINF,138080::2024,True,False
BASELINE,GPT,BINF,138490::2024,False,True
BASELINE,GPT,BINF,140070::2024,True,False
BASELINE,GPT,BINF,140430::2024,True,False
BASELINE,GPT,BINF,140670::2024,False,True
BASELINE,GPT,BINF,141080::2024,True,False
BASELINE,GPT,BINF,142210::2024,True,False
BASELINE,GPT,BINF,146060::2024,True,False
BASELINE,GPT,BINF,146320::2024,True,False
BASELINE,GPT,BINF,147830::2024,False,True
BASELINE,GPT,BINF,149950::2024,False,True
BASELINE,GPT,BINF,155650::2024,True,False
BASELINE,GPT,BINF,161580::2024,False,True
BASELINE,GPT,BINF,162120::2024,False,True
BASELINE,GPT,BINF,163280::2024,True,False
BASELINE,GPT,BINF,163560::2024,True,False
BASELINE,GPT,BINF,163730::2024,False,True
BASELINE,GPT,BINF,166090::2024,True,False
BASELINE,GPT,BINF,169330::2024,True,False
BASELINE,GPT,BINF,170030::2024,False,True
BASELINE,GPT,BINF,171010::2024,True,False
BASELINE,GPT,BINF,172670::2024,False,True
BASELINE,GPT,BINF,174880::2024,False,True
BASELINE,GPT,BINF,175140::2024,True,False
BASELINE,GPT,BINF,183490::2024,True,False
BASELINE,GPT,BINF,184230::2024,True,False
BASELINE,GPT,BINF,185750::2024,True,False
BASELINE,GPT,BINF,186230::2024,True,False
BASELINE,GPT,BINF,187790::2024,False,True
BASELINE,GPT,BINF,189300::2024,True,False
BASELINE,GPT,BINF,191410::2024,True,False
BASELINE,GPT,BINF,192410::2024,False,True
BASELINE,GPT,BINF,194700::2024,False,True
BASELINE,GPT,BINF,196700::2024,False,True
BASELINE,GPT,BINF,197140::2024,False,True
BASELINE,GPT,BINF,198440::2024,True,False
BASELINE,GPT,BINF,199150::2024,True,False
BASELINE,GPT,BINF,199480::2024,True,False
BASELINE,GPT,BINF,200130::2024,True,False
BASELINE,GPT,BINF,200350::2024,True,False
BASELINE,GPT,BINF,200710::2024,True,False
BASELINE,GPT,BINF,200880::2024,True,False
BASELINE,GPT,BINF,203650::2024,True,False
BASELINE,GPT,BINF,204020::2024,True,False
BASELINE,GPT,BINF,206560::2024,True,False
BASELINE,GPT,BINF,208350::2024,False,True
BASELINE,GPT,BINF,209640::2024,False,True
BASELINE,GPT,BINF,210980::2024,False,True
BASELINE,GPT,BINF,212710::2024,True,False
BASELINE,GPT,BINF,214180::2024,True,False
BASELINE,GPT,BINF,214260::2024,False,True
BASELINE,GPT,BINF,214270::2024,True,False
BASELINE,GPT,BINF,214330::2024,True,False
BASELINE,GPT,BINF,215090::2024,False,True
BASELINE,GPT,BINF,215480::2024,False,True
BASELINE,GPT,BINF,215600::2024,True,False
BASELINE,GPT,BINF,217480::2024,True,False
BASELINE,GPT,BINF,217500::2024,False,True
BASELINE,GPT,BINF,218150::2024,False,True
BASELINE,GPT,BINF,219130::2024,False,True
BASELINE,GPT,BINF,219550::2024,True,False
BASELINE,GPT,BINF,220180::2024,False,True
BASELINE,GPT,BINF,220260::2024,True,False
BASELINE,GPT,BINF,221840::2024,False,True
BASELINE,GPT,BINF,222080::2024,False,True
BASELINE,GPT,BINF,222810::2024,False,True
BASELINE,GPT,BINF,222980::2024,True,False
BASELINE,GPT,BINF,223310::2024,True,False
BASELINE,GPT,BINF,224760::2024,False,True
BASELINE,GPT,BINF,225430::2024,False,True
BASELINE,GPT,BINF,232140::2024,True,False
BASELINE,GPT,BINF,234080::2024,True,False
BASELINE,GPT,BINF,234100::2024,False,True
BASELINE,GPT,BINF,236200::2024,True,False
BASELINE,GPT,BINF,237750::2024,True,False
BASELINE,GPT,BINF,238170::2024,True,False
BASELINE,GPT,BINF,238490::2024,True,False
BASELINE,GPT,BINF,239610::2024,False,True
BASELINE,GPT,BINF,240600::2024,True,False
BASELINE,GPT,BINF,241770::2024,True,False
BASELINE,GPT,BINF,244920::2024,False,True
BASELINE,GPT,BINF,247540::2024,False,True
BASELINE,GPT,BINF,250030::2024,True,False
BASELINE,GPT,BINF,250930::2024,True,False
BASELINE,GPT,BINF,251370::2024,True,False
BASELINE,GPT,BINF,251970::2024,False,True
BASELINE,GPT,BINF,252990::2024,True,False
BASELINE,GPT,BINF,253450::2024,True,False
BASELINE,GPT,BINF,253590::2024,True,False
BASELINE,GPT,BINF,254490::2024,True,False
BASELINE,GPT,BINF,255440::2024,True,False
BASELINE,GPT,BINF,256940::2024,True,False
BASELINE,GPT,BINF,258790::2024,True,False
BASELINE,GPT,BINF,259630::2024,False,True
BASELINE,GPT,BINF,262260::2024,True,False
BASELINE,GPT,BINF,263020::2024,True,False
BASELINE,GPT,BINF,263770::2024,True,False
BASELINE,GPT,BINF,263920::2024,True,False
BASELINE,GPT,BINF,264450::2024,True,False
BASELINE,GPT,BINF,265520::2024,True,False
BASELINE,GPT,BINF,265740::2024,False,True
BASELINE,GPT,BINF,267080::2024,True,False
BASELINE,GPT,BINF,267850::2024,True,False
BASELINE,GPT,BINF,269620::2024,True,False
BASELINE,GPT,BINF,270870::2024,True,False
BASELINE,GPT,BINF,271830::2024,True,False
BASELINE,GPT,BINF,272110::2024,True,False
BASELINE,GPT,BINF,275630::2024,True,False
BASELINE,GPT,BINF,277410::2024,True,False
BASELINE,GPT,BINF,277810::2024,True,False
BASELINE,GPT,BINF,281740::2024,False,True
BASELINE,GPT,BINF,281820::2024,False,True
BASELINE,GPT,BINF,282330::2024,True,False
BASELINE,GPT,BINF,288620::2024,True,False
BASELINE,GPT,BINF,289220::2024,True,False
BASELINE,GPT,BINF,290560::2024,True,False
BASELINE,GPT,BINF,290720::2024,True,False
BASELINE,GPT,BINF,294140::2024,False,True
BASELINE,GPT,BINF,294570::2024,True,False
BASELINE,GPT,BINF,297090::2024,True,False
BASELINE,GPT,BINF,297890::2024,True,False
BASELINE,GPT,BINF,298000::2024,True,False
BASELINE,GPT,BINF,298020::2024,True,False
BASELINE,GPT,BINF,298690::2024,False,True
BASELINE,GPT,BINF,298830::2024,True,False
BASELINE,GPT,BINF,299900::2024,False,True
BASELINE,GPT,BINF,302440::2024,True,False
BASELINE,GPT,BINF,303530::2024,True,False
BASELINE,GPT,BINF,306040::2024,True,False
BASELINE,GPT,BINF,307280::2024,False,True
BASELINE,GPT,BINF,307870::2024,True,False
BASELINE,GPT,BINF,307950::2024,False,True
BASELINE,GPT,BINF,308170::2024,True,False
BASELINE,GPT,BINF,310870::2024,True,False
BASELINE,GPT,BINF,311390::2024,False,True
BASELINE,GPT,BINF,314140::2024,False,True
BASELINE,GPT,BINF,317120::2024,True,False
BASELINE,GPT,BINF,317240::2024,True,False
BASELINE,GPT,BINF,317330::2024,True,False
BASELINE,GPT,BINF,317400::2024,True,False
BASELINE,GPT,BINF,317770::2024,True,False
BASELINE,GPT,BINF,317830::2024,False,True
BASELINE,GPT,BINF,317850::2024,False,True
BASELINE,GPT,BINF,318160::2024,False,True
BASELINE,GPT,BINF,319400::2024,True,False
BASELINE,GPT,BINF,320000::2024,True,False
BASELINE,GPT,BINF,321820::2024,True,False
BASELINE,GPT,BINF,328380::2024,True,False
BASELINE,GPT,BINF,332290::2024,False,True
BASELINE,GPT,BINF,332570::2024,True,False
BASELINE,GPT,BINF,333620::2024,True,False
BASELINE,GPT,BINF,335870::2024,True,False
BASELINE,GPT,BINF,339770::2024,False,True
BASELINE,GPT,BINF,347000::2024,True,False
BASELINE,GPT,BINF,348340::2024,True,False
BASELINE,GPT,BINF,352090::2024,False,True
BASELINE,GPT,BINF,352700::2024,False,True
BASELINE,GPT,BINF,353190::2024,True,False
BASELINE,GPT,BINF,353590::2024,False,True
BASELINE,GPT,BINF,354320::2024,True,False
BASELINE,GPT,BINF,354390::2024,True,False
BASELINE,GPT,BINF,355390::2024,False,True
BASELINE,GPT,BINF,357230::2024,True,False
BASELINE,GPT,BINF,357580::2024,True,False
BASELINE,GPT,BINF,360350::2024,True,False
BASELINE,GPT,BINF,362990::2024,False,True
BASELINE,GPT,BINF,368600::2024,False,True
BASELINE,GPT,BINF,370090::2024,True,False
BASELINE,GPT,BINF,372910::2024,False,True
BASELINE,GPT,BINF,373170::2024,True,False
BASELINE,GPT,BINF,373200::2024,True,False
BASELINE,GPT,BINF,377220::2024,True,False
BASELINE,GPT,BINF,378340::2024,True,False
BASELINE,GPT,BINF,381620::2024,True,False
BASELINE,GPT,BINF,382480::2024,True,False
BASELINE,GPT,BINF,382800::2024,False,True
BASELINE,GPT,BINF,382840::2024,True,False
BASELINE,GPT,BINF,383310::2024,True,False
BASELINE,GPT,BINF,388050::2024,True,False
BASELINE,GPT,BINF,389680::2024,True,False
BASELINE,GPT,BINF,391710::2024,True,False
BASELINE,GPT,BINF,393210::2024,False,True
BASELINE,GPT,BINF,398120::2024,True,False
BASELINE,GPT,BINF,399720::2024,True,False
BASELINE,GPT,BINF,403490::2024,True,False
BASELINE,GPT,BINF,406820::2024,True,False
BASELINE,GPT,BINF,415380::2024,True,False
BASELINE,GPT,BINF,417200::2024,True,False
BASELINE,GPT,BINF,419050::2024,True,False
BASELINE,GPT,BINF,419080::2024,False,True
BASELINE,GPT,BINF,419530::2024,True,False
BASELINE,GPT,BINF,420570::2024,True,False
BASELINE,GPT,BINF,430690::2024,True,False
BASELINE,GPT,BINF,432980::2024,True,False
BASELINE,GPT,BINF,439090::2024,False,True
BASELINE,GPT,BINF,439580::2024,True,False
BASELINE,GPT,BINF,444530::2024,False,True
BASELINE,GPT,BINF,448710::2024,False,True
BASELINE,GPT,BINF,450080::2024,True,False
BASELINE,GPT,BINF,450520::2024,True,False
BASELINE,GPT,BINF,451250::2024,True,False
BASELINE,GPT,BINF,452160::2024,True,False
BASELINE,GPT,BINF,452190::2024,True,False
BASELINE,GPT,BINF,452280::2024,True,False
BASELINE,GPT,BINF,456700::2024,True,False
BASELINE,GPT,BINF,457370::2024,True,False
BASELINE,GPT,BINF,457550::2024,False,True
BASELINE,GPT,BINF,457600::2024,False,True
BASELINE,GPT,BINF,460930::2024,True,False
BASELINE,GPT,BINF,469750::2024,True,False
BASELINE,GPT,BINF,475580::2024,True,False
BASELINE,GPT,BINF,475660::2024,True,False
BASELINE,GPT,BINF,476080::2024,True,False
BASELINE,GPT,BINF,478560::2024,False,True
BASELINE,GPT,BINF,479960::2024,True,False
HIGH,GEMINI,B1,000020::2024,True,False
HIGH,GEMINI,B1,000100::2024,True,False
HIGH,GEMINI,B1,000250::2024,True,False
HIGH,GEMINI,B1,000670::2024,True,False
HIGH,GEMINI,B1,000680::2024,True,False
HIGH,GEMINI,B1,000700::2024,True,False
HIGH,GEMINI,B1,000860::2024,True,False
HIGH,GEMINI,B1,000990::2024,True,False
HIGH,GEMINI,B1,001060::2024,True,False
HIGH,GEMINI,B1,001120::2024,True,False
HIGH,GEMINI,B1,001210::2024,True,False
HIGH,GEMINI,B1,001230::2024,True,False
HIGH,GEMINI,B1,001340::2024,True,False
HIGH,GEMINI,B1,001540::2024,True,False
HIGH,GEMINI,B1,001560::2024,True,False
HIGH,GEMINI,B1,001620::2024,True,False
HIGH,GEMINI,B1,001740::2024,True,False
HIGH,GEMINI,B1,001780::2024,True,False
HIGH,GEMINI,B1,001940::2024,True,False
HIGH,GEMINI,B1,002150::2024,True,False
HIGH,GEMINI,B1,002240::2024,True,False
HIGH,GEMINI,B1,002380::2024,True,False
HIGH,GEMINI,B1,002410::2024,True,False
HIGH,GEMINI,B1,002630::2024,True,False
HIGH,GEMINI,B1,002690::2024,True,False
HIGH,GEMINI,B1,002780::2024,True,False
HIGH,GEMINI,B1,002900::2024,True,False
HIGH,GEMINI,B1,002990::2024,True,False
HIGH,GEMINI,B1,003010::2024,True,False
HIGH,GEMINI,B1,003160::2024,True,False
HIGH,GEMINI,B1,003220::2024,True,False
HIGH,GEMINI,B1,003380::2024,True,False
HIGH,GEMINI,B1,003800::2024,True,False
HIGH,GEMINI,B1,003850::2024,True,False
HIGH,GEMINI,B1,004090::2024,True,False
HIGH,GEMINI,B1,004310::2024,True,False
HIGH,GEMINI,B1,004430::2024,True,False
HIGH,GEMINI,B1,004800::2024,True,False
HIGH,GEMINI,B1,004840::2024,True,False
HIGH,GEMINI,B1,005030::2024,True,False
HIGH,GEMINI,B1,005160::2024,True,False
HIGH,GEMINI,B1,005180::2024,True,False
HIGH,GEMINI,B1,005320::2024,True,False
HIGH,GEMINI,B1,005380::2024,True,False
HIGH,GEMINI,B1,005430::2024,True,False
HIGH,GEMINI,B1,005750::2024,True,False
HIGH,GEMINI,B1,005820::2024,True,False
HIGH,GEMINI,B1,005850::2024,True,False
HIGH,GEMINI,B1,005870::2024,True,False
HIGH,GEMINI,B1,005880::2024,True,False
HIGH,GEMINI,B1,005950::2024,True,False
HIGH,GEMINI,B1,005960::2024,True,False
HIGH,GEMINI,B1,006140::2024,True,False
HIGH,GEMINI,B1,006280::2024,True,False
HIGH,GEMINI,B1,006490::2024,True,False
HIGH,GEMINI,B1,006620::2024,True,False
HIGH,GEMINI,B1,006890::2024,True,False
HIGH,GEMINI,B1,007120::2024,True,False
HIGH,GEMINI,B1,007390::2024,True,False
HIGH,GEMINI,B1,007680::2024,True,False
HIGH,GEMINI,B1,007770::2024,True,False
HIGH,GEMINI,B1,007820::2024,True,False
HIGH,GEMINI,B1,008040::2024,True,False
HIGH,GEMINI,B1,008350::2024,True,False
HIGH,GEMINI,B1,009180::2024,True,False
HIGH,GEMINI,B1,009200::2024,True,False
HIGH,GEMINI,B1,009310::2024,True,False
HIGH,GEMINI,B1,009320::2024,True,False
HIGH,GEMINI,B1,009450::2024,True,False
HIGH,GEMINI,B1,009520::2024,True,False
HIGH,GEMINI,B1,009540::2024,True,False
HIGH,GEMINI,B1,009580::2024,True,False
HIGH,GEMINI,B1,009620::2024,True,False
HIGH,GEMINI,B1,010060::2024,True,False
HIGH,GEMINI,B1,010130::2024,True,False
HIGH,GEMINI,B1,010140::2024,True,False
HIGH,GEMINI,B1,010170::2024,True,False
HIGH,GEMINI,B1,010240::2024,True,False
HIGH,GEMINI,B1,010280::2024,True,False
HIGH,GEMINI,B1,010690::2024,True,False
HIGH,GEMINI,B1,011040::2024,True,False
HIGH,GEMINI,B1,011200::2024,True,False
HIGH,GEMINI,B1,011230::2024,True,False
HIGH,GEMINI,B1,011370::2024,True,False
HIGH,GEMINI,B1,011420::2024,True,False
HIGH,GEMINI,B1,011760::2024,True,False
HIGH,GEMINI,B1,012330::2024,True,False
HIGH,GEMINI,B1,012340::2024,True,False
HIGH,GEMINI,B1,012510::2024,True,False
HIGH,GEMINI,B1,012750::2024,True,False
HIGH,GEMINI,B1,013030::2024,True,False
HIGH,GEMINI,B1,013120::2024,True,False
HIGH,GEMINI,B1,013360::2024,True,False
HIGH,GEMINI,B1,013700::2024,True,False
HIGH,GEMINI,B1,013720::2024,True,False
HIGH,GEMINI,B1,013810::2024,True,False
HIGH,GEMINI,B1,013870::2024,True,False
HIGH,GEMINI,B1,014190::2024,True,False
HIGH,GEMINI,B1,014200::2024,True,False
HIGH,GEMINI,B1,014530::2024,True,False
HIGH,GEMINI,B1,014580::2024,True,False
HIGH,GEMINI,B1,014830::2024,True,False
HIGH,GEMINI,B1,014970::2024,True,False
HIGH,GEMINI,B1,015230::2024,True,False
HIGH,GEMINI,B1,015710::2024,True,False
HIGH,GEMINI,B1,015890::2024,True,False
HIGH,GEMINI,B1,016100::2024,True,False
HIGH,GEMINI,B1,016450::2024,True,False
HIGH,GEMINI,B1,016740::2024,True,False
HIGH,GEMINI,B1,016880::2024,False,True
HIGH,GEMINI,B1,017000::2024,True,False
HIGH,GEMINI,B1,017250::2024,True,False
HIGH,GEMINI,B1,017390::2024,True,False
HIGH,GEMINI,B1,017480::2024,True,False
HIGH,GEMINI,B1,017550::2024,True,False
HIGH,GEMINI,B1,017890::2024,True,False
HIGH,GEMINI,B1,017960::2024,True,False
HIGH,GEMINI,B1,018000::2024,True,False
HIGH,GEMINI,B1,018290::2024,True,False
HIGH,GEMINI,B1,018310::2024,True,False
HIGH,GEMINI,B1,019540::2024,True,False
HIGH,GEMINI,B1,021650::2024,True,False
HIGH,GEMINI,B1,023350::2024,True,False
HIGH,GEMINI,B1,023410::2024,True,False
HIGH,GEMINI,B1,025540::2024,True,False
HIGH,GEMINI,B1,025620::2024,True,False
HIGH,GEMINI,B1,025900::2024,False,True
HIGH,GEMINI,B1,026960::2024,True,False
HIGH,GEMINI,B1,027050::2024,True,False
HIGH,GEMINI,B1,028050::2024,True,False
HIGH,GEMINI,B1,028100::2024,True,False
HIGH,GEMINI,B1,028670::2024,True,False
HIGH,GEMINI,B1,029460::2024,True,False
HIGH,GEMINI,B1,029960::2024,True,False
HIGH,GEMINI,B1,030530::2024,True,False
HIGH,GEMINI,B1,030960::2024,True,False
HIGH,GEMINI,B1,031310::2024,True,False
HIGH,GEMINI,B1,031820::2024,True,False
HIGH,GEMINI,B1,032080::2024,True,False
HIGH,GEMINI,B1,032560::2024,True,False
HIGH,GEMINI,B1,032620::2024,True,False
HIGH,GEMINI,B1,032790::2024,True,False
HIGH,GEMINI,B1,032940::2024,True,False
HIGH,GEMINI,B1,033050::2024,True,False
HIGH,GEMINI,B1,033100::2024,True,False
HIGH,GEMINI,B1,033160::2024,True,False
HIGH,GEMINI,B1,033200::2024,True,False
HIGH,GEMINI,B1,033250::2024,True,False
HIGH,GEMINI,B1,033320::2024,True,False
HIGH,GEMINI,B1,033500::2024,True,False
HIGH,GEMINI,B1,033530::2024,True,False
HIGH,GEMINI,B1,033540::2024,True,False
HIGH,GEMINI,B1,033640::2024,True,False
HIGH,GEMINI,B1,033780::2024,True,False
HIGH,GEMINI,B1,034230::2024,True,False
HIGH,GEMINI,B1,035000::2024,True,False
HIGH,GEMINI,B1,035150::2024,True,False
HIGH,GEMINI,B1,035760::2024,True,False
HIGH,GEMINI,B1,035890::2024,True,False
HIGH,GEMINI,B1,036000::2024,True,False
HIGH,GEMINI,B1,036010::2024,True,False
HIGH,GEMINI,B1,036090::2024,True,False
HIGH,GEMINI,B1,036170::2024,True,False
HIGH,GEMINI,B1,036190::2024,True,False
HIGH,GEMINI,B1,036200::2024,True,False
HIGH,GEMINI,B1,036480::2024,True,False
HIGH,GEMINI,B1,036540::2024,True,False
HIGH,GEMINI,B1,036630::2024,True,False
HIGH,GEMINI,B1,036930::2024,True,False
HIGH,GEMINI,B1,037030::2024,True,False
HIGH,GEMINI,B1,037070::2024,True,False
HIGH,GEMINI,B1,038070::2024,True,False
HIGH,GEMINI,B1,038110::2024,True,False
HIGH,GEMINI,B1,038290::2024,True,False
HIGH,GEMINI,B1,038540::2024,True,False
HIGH,GEMINI,B1,038680::2024,True,False
HIGH,GEMINI,B1,039010::2024,True,False
HIGH,GEMINI,B1,039130::2024,True,False
HIGH,GEMINI,B1,039310::2024,True,False
HIGH,GEMINI,B1,040160::2024,True,False
HIGH,GEMINI,B1,040910::2024,True,False
HIGH,GEMINI,B1,041830::2024,True,False
HIGH,GEMINI,B1,042000::2024,True,False
HIGH,GEMINI,B1,042420::2024,True,False
HIGH,GEMINI,B1,042510::2024,True,False
HIGH,GEMINI,B1,042520::2024,True,False
HIGH,GEMINI,B1,042660::2024,True,False
HIGH,GEMINI,B1,043220::2024,True,False
HIGH,GEMINI,B1,043910::2024,True,False
HIGH,GEMINI,B1,044180::2024,True,False
HIGH,GEMINI,B1,044340::2024,True,False
HIGH,GEMINI,B1,044380::2024,True,False
HIGH,GEMINI,B1,045060::2024,True,False
HIGH,GEMINI,B1,045300::2024,True,False
HIGH,GEMINI,B1,045660::2024,True,False
HIGH,GEMINI,B1,046940::2024,True,False
HIGH,GEMINI,B1,046970::2024,True,False
HIGH,GEMINI,B1,047400::2024,True,False
HIGH,GEMINI,B1,048430::2024,True,False
HIGH,GEMINI,B1,048830::2024,True,False
HIGH,GEMINI,B1,049180::2024,True,False
HIGH,GEMINI,B1,049480::2024,True,False
HIGH,GEMINI,B1,050760::2024,True,False
HIGH,GEMINI,B1,051490::2024,True,False
HIGH,GEMINI,B1,051600::2024,True,False
HIGH,GEMINI,B1,052900::2024,True,False
HIGH,GEMINI,B1,053060::2024,True,False
HIGH,GEMINI,B1,053080::2024,True,False
HIGH,GEMINI,B1,053260::2024,True,False
HIGH,GEMINI,B1,053580::2024,True,False
HIGH,GEMINI,B1,053700::2024,True,False
HIGH,GEMINI,B1,054090::2024,True,False
HIGH,GEMINI,B1,054540::2024,True,False
HIGH,GEMINI,B1,054930::2024,True,False
HIGH,GEMINI,B1,055490::2024,True,False
HIGH,GEMINI,B1,056190::2024,True,False
HIGH,GEMINI,B1,058730::2024,True,False
HIGH,GEMINI,B1,059120::2024,True,False
HIGH,GEMINI,B1,060150::2024,True,False
HIGH,GEMINI,B1,060250::2024,True,False
HIGH,GEMINI,B1,060310::2024,True,False
HIGH,GEMINI,B1,060850::2024,True,False
HIGH,GEMINI,B1,061040::2024,True,False
HIGH,GEMINI,B1,062040::2024,True,False
HIGH,GEMINI,B1,062970::2024,True,False
HIGH,GEMINI,B1,063080::2024,True,False
HIGH,GEMINI,B1,064240::2024,True,False
HIGH,GEMINI,B1,064480::2024,True,False
HIGH,GEMINI,B1,065370::2024,True,False
HIGH,GEMINI,B1,065690::2024,True,False
HIGH,GEMINI,B1,066700::2024,False,True
HIGH,GEMINI,B1,066830::2024,True,False
HIGH,GEMINI,B1,067280::2024,True,False
HIGH,GEMINI,B1,067570::2024,True,False
HIGH,GEMINI,B1,067730::2024,True,False
HIGH,GEMINI,B1,068940::2024,True,False
HIGH,GEMINI,B1,069140::2024,True,False
HIGH,GEMINI,B1,069260::2024,True,False
HIGH,GEMINI,B1,069460::2024,True,False
HIGH,GEMINI,B1,069510::2024,True,False
HIGH,GEMINI,B1,071200::2024,True,False
HIGH,GEMINI,B1,071970::2024,True,False
HIGH,GEMINI,B1,072990::2024,True,False
HIGH,GEMINI,B1,073190::2024,True,False
HIGH,GEMINI,B1,073240::2024,True,False
HIGH,GEMINI,B1,075130::2024,True,False
HIGH,GEMINI,B1,078070::2024,True,False
HIGH,GEMINI,B1,078140::2024,True,False
HIGH,GEMINI,B1,078150::2024,True,False
HIGH,GEMINI,B1,079160::2024,True,False
HIGH,GEMINI,B1,079190::2024,True,False
HIGH,GEMINI,B1,079550::2024,True,False
HIGH,GEMINI,B1,079650::2024,True,False
HIGH,GEMINI,B1,079810::2024,True,False
HIGH,GEMINI,B1,079900::2024,True,False
HIGH,GEMINI,B1,079940::2024,True,False
HIGH,GEMINI,B1,079950::2024,True,False
HIGH,GEMINI,B1,079960::2024,True,False
HIGH,GEMINI,B1,079980::2024,True,False
HIGH,GEMINI,B1,080010::2024,True,False
HIGH,GEMINI,B1,080520::2024,True,False
HIGH,GEMINI,B1,080530::2024,True,False
HIGH,GEMINI,B1,081660::2024,True,False
HIGH,GEMINI,B1,083310::2024,True,False
HIGH,GEMINI,B1,083450::2024,True,False
HIGH,GEMINI,B1,083930::2024,True,False
HIGH,GEMINI,B1,084650::2024,True,False
HIGH,GEMINI,B1,085670::2024,True,False
HIGH,GEMINI,B1,086280::2024,True,False
HIGH,GEMINI,B1,086450::2024,True,False
HIGH,GEMINI,B1,086520::2024,True,False
HIGH,GEMINI,B1,086670::2024,True,False
HIGH,GEMINI,B1,086710::2024,True,False
HIGH,GEMINI,B1,086890::2024,True,False
HIGH,GEMINI,B1,087260::2024,True,False
HIGH,GEMINI,B1,087600::2024,True,False
HIGH,GEMINI,B1,088290::2024,True,False
HIGH,GEMINI,B1,088800::2024,True,False
HIGH,GEMINI,B1,089150::2024,True,False
HIGH,GEMINI,B1,089470::2024,True,False
HIGH,GEMINI,B1,089860::2024,True,False
HIGH,GEMINI,B1,089970::2024,True,False
HIGH,GEMINI,B1,089980::2024,True,False
HIGH,GEMINI,B1,090150::2024,True,False
HIGH,GEMINI,B1,090360::2024,True,False
HIGH,GEMINI,B1,090710::2024,True,False
HIGH,GEMINI,B1,091120::2024,True,False
HIGH,GEMINI,B1,091580::2024,True,False
HIGH,GEMINI,B1,091590::2024,True,False
HIGH,GEMINI,B1,091810::2024,True,False
HIGH,GEMINI,B1,092730::2024,True,False
HIGH,GEMINI,B1,092870::2024,True,False
HIGH,GEMINI,B1,093370::2024,True,False
HIGH,GEMINI,B1,094280::2024,True,False
HIGH,GEMINI,B1,094480::2024,True,False
HIGH,GEMINI,B1,094850::2024,True,False
HIGH,GEMINI,B1,094970::2024,True,False
HIGH,GEMINI,B1,095610::2024,True,False
HIGH,GEMINI,B1,095910::2024,True,False
HIGH,GEMINI,B1,096350::2024,True,False
HIGH,GEMINI,B1,096690::2024,True,False
HIGH,GEMINI,B1,099320::2024,True,False
HIGH,GEMINI,B1,099520::2024,True,False
HIGH,GEMINI,B1,099750::2024,True,False
HIGH,GEMINI,B1,100030::2024,True,False
HIGH,GEMINI,B1,100090::2024,True,False
HIGH,GEMINI,B1,100120::2024,True,False
HIGH,GEMINI,B1,100590::2024,True,False
HIGH,GEMINI,B1,101400::2024,True,False
HIGH,GEMINI,B1,101490::2024,True,False
HIGH,GEMINI,B1,101670::2024,True,False
HIGH,GEMINI,B1,102710::2024,True,False
HIGH,GEMINI,B1,102950::2024,True,False
HIGH,GEMINI,B1,104620::2024,True,False
HIGH,GEMINI,B1,104700::2024,True,False
HIGH,GEMINI,B1,104830::2024,True,False
HIGH,GEMINI,B1,105630::2024,True,False
HIGH,GEMINI,B1,105760::2024,True,False
HIGH,GEMINI,B1,105840::2024,True,False
HIGH,GEMINI,B1,106520::2024,True,False
HIGH,GEMINI,B1,108230::2024,True,False
HIGH,GEMINI,B1,108380::2024,True,False
HIGH,GEMINI,B1,109610::2024,True,False
HIGH,GEMINI,B1,109670::2024,True,False
HIGH,GEMINI,B1,109740::2024,True,False
HIGH,GEMINI,B1,109860::2024,True,False
HIGH,GEMINI,B1,110790::2024,True,False
HIGH,GEMINI,B1,110990::2024,True,False
HIGH,GEMINI,B1,111870::2024,True,False
HIGH,GEMINI,B1,114840::2024,True,False
HIGH,GEMINI,B1,115310::2024,True,False
HIGH,GEMINI,B1,115450::2024,True,False
HIGH,GEMINI,B1,119500::2024,True,False
HIGH,GEMINI,B1,119830::2024,True,False
HIGH,GEMINI,B1,120240::2024,True,False
HIGH,GEMINI,B1,121060::2024,True,False
HIGH,GEMINI,B1,121600::2024,True,False
HIGH,GEMINI,B1,122350::2024,True,False
HIGH,GEMINI,B1,122640::2024,True,False
HIGH,GEMINI,B1,123330::2024,True,False
HIGH,GEMINI,B1,123410::2024,True,False
HIGH,GEMINI,B1,123570::2024,True,False
HIGH,GEMINI,B1,123840::2024,True,False
HIGH,GEMINI,B1,124500::2024,True,False
HIGH,GEMINI,B1,124560::2024,True,False
HIGH,GEMINI,B1,126600::2024,True,False
HIGH,GEMINI,B1,126640::2024,True,False
HIGH,GEMINI,B1,126720::2024,True,False
HIGH,GEMINI,B1,126730::2024,True,False
HIGH,GEMINI,B1,128660::2024,True,False
HIGH,GEMINI,B1,128820::2024,True,False
HIGH,GEMINI,B1,129890::2024,True,False
HIGH,GEMINI,B1,130500::2024,True,False
HIGH,GEMINI,B1,131030::2024,True,False
HIGH,GEMINI,B1,131090::2024,True,False
HIGH,GEMINI,B1,131290::2024,True,False
HIGH,GEMINI,B1,131400::2024,True,False
HIGH,GEMINI,B1,136490::2024,True,False
HIGH,GEMINI,B1,136540::2024,True,False
HIGH,GEMINI,B1,137080::2024,True,False
HIGH,GEMINI,B1,138080::2024,True,False
HIGH,GEMINI,B1,138490::2024,True,False
HIGH,GEMINI,B1,140070::2024,True,False
HIGH,GEMINI,B1,140430::2024,True,False
HIGH,GEMINI,B1,140670::2024,True,False
HIGH,GEMINI,B1,141080::2024,True,False
HIGH,GEMINI,B1,142210::2024,True,False
HIGH,GEMINI,B1,146060::2024,True,False
HIGH,GEMINI,B1,146320::2024,True,False
HIGH,GEMINI,B1,147830::2024,True,False
HIGH,GEMINI,B1,149950::2024,True,False
HIGH,GEMINI,B1,155650::2024,True,False
HIGH,GEMINI,B1,161580::2024,True,False
HIGH,GEMINI,B1,162120::2024,True,False
HIGH,GEMINI,B1,163280::2024,True,False
HIGH,GEMINI,B1,163560::2024,True,False
HIGH,GEMINI,B1,163730::2024,True,False
HIGH,GEMINI,B1,166090::2024,True,False
HIGH,GEMINI,B1,169330::2024,True,False
HIGH,GEMINI,B1,170030::2024,True,False
HIGH,GEMINI,B1,171010::2024,True,False
HIGH,GEMINI,B1,172670::2024,True,False
HIGH,GEMINI,B1,174880::2024,True,False
HIGH,GEMINI,B1,175140::2024,True,False
HIGH,GEMINI,B1,183490::2024,True,False
HIGH,GEMINI,B1,184230::2024,True,False
HIGH,GEMINI,B1,185750::2024,True,False
HIGH,GEMINI,B1,186230::2024,True,False
HIGH,GEMINI,B1,187790::2024,True,False
HIGH,GEMINI,B1,189300::2024,True,False
HIGH,GEMINI,B1,191410::2024,True,False
HIGH,GEMINI,B1,192410::2024,True,False
HIGH,GEMINI,B1,194700::2024,True,False
HIGH,GEMINI,B1,196700::2024,True,False
HIGH,GEMINI,B1,197140::2024,True,False
HIGH,GEMINI,B1,198440::2024,True,False
HIGH,GEMINI,B1,199150::2024,True,False
HIGH,GEMINI,B1,199480::2024,True,False
HIGH,GEMINI,B1,200130::2024,True,False
HIGH,GEMINI,B1,200350::2024,True,False
HIGH,GEMINI,B1,200710::2024,True,False
HIGH,GEMINI,B1,200880::2024,True,False
HIGH,GEMINI,B1,203650::2024,True,False
HIGH,GEMINI,B1,204020::2024,True,False
HIGH,GEMINI,B1,206560::2024,True,False
HIGH,GEMINI,B1,208350::2024,True,False
HIGH,GEMINI,B1,209640::2024,True,False
HIGH,GEMINI,B1,210980::2024,True,False
HIGH,GEMINI,B1,212710::2024,True,False
HIGH,GEMINI,B1,214180::2024,True,False
HIGH,GEMINI,B1,214260::2024,True,False
HIGH,GEMINI,B1,214270::2024,True,False
HIGH,GEMINI,B1,214330::2024,True,False
HIGH,GEMINI,B1,215090::2024,True,False
HIGH,GEMINI,B1,215480::2024,True,False
HIGH,GEMINI,B1,215600::2024,True,False
HIGH,GEMINI,B1,217480::2024,True,False
HIGH,GEMINI,B1,217500::2024,True,False
HIGH,GEMINI,B1,218150::2024,True,False
HIGH,GEMINI,B1,219130::2024,True,False
HIGH,GEMINI,B1,219550::2024,True,False
HIGH,GEMINI,B1,220180::2024,True,False
HIGH,GEMINI,B1,220260::2024,True,False
HIGH,GEMINI,B1,221840::2024,True,False
HIGH,GEMINI,B1,222080::2024,True,False
HIGH,GEMINI,B1,222810::2024,True,False
HIGH,GEMINI,B1,222980::2024,True,False
HIGH,GEMINI,B1,223310::2024,True,False
HIGH,GEMINI,B1,224760::2024,True,False
HIGH,GEMINI,B1,225430::2024,True,False
HIGH,GEMINI,B1,232140::2024,True,False
HIGH,GEMINI,B1,234080::2024,False,True
HIGH,GEMINI,B1,234100::2024,True,False
HIGH,GEMINI,B1,236200::2024,True,False
HIGH,GEMINI,B1,237750::2024,True,False
HIGH,GEMINI,B1,238170::2024,True,False
HIGH,GEMINI,B1,238490::2024,True,False
HIGH,GEMINI,B1,239610::2024,True,False
HIGH,GEMINI,B1,240600::2024,True,False
HIGH,GEMINI,B1,241770::2024,True,False
HIGH,GEMINI,B1,244920::2024,True,False
HIGH,GEMINI,B1,247540::2024,True,False
HIGH,GEMINI,B1,250030::2024,True,False
HIGH,GEMINI,B1,250930::2024,True,False
HIGH,GEMINI,B1,251370::2024,True,False
HIGH,GEMINI,B1,251970::2024,True,False
HIGH,GEMINI,B1,252990::2024,True,False
HIGH,GEMINI,B1,253450::2024,True,False
HIGH,GEMINI,B1,253590::2024,True,False
HIGH,GEMINI,B1,254490::2024,True,False
HIGH,GEMINI,B1,255440::2024,True,False
HIGH,GEMINI,B1,256940::2024,True,False
HIGH,GEMINI,B1,258790::2024,True,False
HIGH,GEMINI,B1,259630::2024,True,False
HIGH,GEMINI,B1,262260::2024,True,False
HIGH,GEMINI,B1,263020::2024,True,False
HIGH,GEMINI,B1,263770::2024,True,False
HIGH,GEMINI,B1,263920::2024,True,False
HIGH,GEMINI,B1,264450::2024,True,False
HIGH,GEMINI,B1,265520::2024,True,False
HIGH,GEMINI,B1,265740::2024,True,False
HIGH,GEMINI,B1,267080::2024,True,False
HIGH,GEMINI,B1,267850::2024,True,False
HIGH,GEMINI,B1,269620::2024,True,False
HIGH,GEMINI,B1,270870::2024,True,False
HIGH,GEMINI,B1,271830::2024,True,False
HIGH,GEMINI,B1,272110::2024,True,False
HIGH,GEMINI,B1,275630::2024,True,False
HIGH,GEMINI,B1,277410::2024,True,False
HIGH,GEMINI,B1,277810::2024,True,False
HIGH,GEMINI,B1,281740::2024,True,False
HIGH,GEMINI,B1,281820::2024,True,False
HIGH,GEMINI,B1,282330::2024,True,False
HIGH,GEMINI,B1,288620::2024,True,False
HIGH,GEMINI,B1,289220::2024,True,False
HIGH,GEMINI,B1,290560::2024,True,False
HIGH,GEMINI,B1,290720::2024,True,False
HIGH,GEMINI,B1,294140::2024,True,False
HIGH,GEMINI,B1,294570::2024,True,False
HIGH,GEMINI,B1,297090::2024,True,False
HIGH,GEMINI,B1,297890::2024,True,False
HIGH,GEMINI,B1,298000::2024,True,False
HIGH,GEMINI,B1,298020::2024,True,False
HIGH,GEMINI,B1,298690::2024,True,False
HIGH,GEMINI,B1,298830::2024,True,False
HIGH,GEMINI,B1,299900::2024,True,False
HIGH,GEMINI,B1,302440::2024,True,False
HIGH,GEMINI,B1,303530::2024,True,False
HIGH,GEMINI,B1,306040::2024,True,False
HIGH,GEMINI,B1,307280::2024,True,False
HIGH,GEMINI,B1,307870::2024,True,False
HIGH,GEMINI,B1,307950::2024,True,False
HIGH,GEMINI,B1,308170::2024,True,False
HIGH,GEMINI,B1,310870::2024,True,False
HIGH,GEMINI,B1,311390::2024,True,False
HIGH,GEMINI,B1,314140::2024,True,False
HIGH,GEMINI,B1,317120::2024,True,False
HIGH,GEMINI,B1,317240::2024,True,False
HIGH,GEMINI,B1,317330::2024,True,False
HIGH,GEMINI,B1,317400::2024,True,False
HIGH,GEMINI,B1,317770::2024,True,False
HIGH,GEMINI,B1,317830::2024,True,False
HIGH,GEMINI,B1,317850::2024,True,False
HIGH,GEMINI,B1,318160::2024,True,False
HIGH,GEMINI,B1,319400::2024,True,False
HIGH,GEMINI,B1,320000::2024,True,False
HIGH,GEMINI,B1,321820::2024,True,False
HIGH,GEMINI,B1,328380::2024,True,False
HIGH,GEMINI,B1,332290::2024,True,False
HIGH,GEMINI,B1,332570::2024,True,False
HIGH,GEMINI,B1,333620::2024,True,False
HIGH,GEMINI,B1,335870::2024,True,False
HIGH,GEMINI,B1,339770::2024,True,False
HIGH,GEMINI,B1,347000::2024,True,False
HIGH,GEMINI,B1,348340::2024,True,False
HIGH,GEMINI,B1,352090::2024,True,False
HIGH,GEMINI,B1,352700::2024,True,False
HIGH,GEMINI,B1,353190::2024,True,False
HIGH,GEMINI,B1,353590::2024,True,False
HIGH,GEMINI,B1,354320::2024,True,False
HIGH,GEMINI,B1,354390::2024,True,False
HIGH,GEMINI,B1,355390::2024,True,False
HIGH,GEMINI,B1,357230::2024,True,False
HIGH,GEMINI,B1,357580::2024,True,False
HIGH,GEMINI,B1,360350::2024,True,False
HIGH,GEMINI,B1,362990::2024,True,False
HIGH,GEMINI,B1,368600::2024,True,False
HIGH,GEMINI,B1,370090::2024,True,False
HIGH,GEMINI,B1,372910::2024,True,False
HIGH,GEMINI,B1,373170::2024,True,False
HIGH,GEMINI,B1,373200::2024,True,False
HIGH,GEMINI,B1,377220::2024,True,False
HIGH,GEMINI,B1,378340::2024,True,False
HIGH,GEMINI,B1,381620::2024,True,False
HIGH,GEMINI,B1,382480::2024,True,False
HIGH,GEMINI,B1,382800::2024,True,False
HIGH,GEMINI,B1,382840::2024,True,False
HIGH,GEMINI,B1,383310::2024,True,False
HIGH,GEMINI,B1,388050::2024,False,True
HIGH,GEMINI,B1,389680::2024,True,False
HIGH,GEMINI,B1,391710::2024,True,False
HIGH,GEMINI,B1,393210::2024,True,False
HIGH,GEMINI,B1,398120::2024,True,False
HIGH,GEMINI,B1,399720::2024,True,False
HIGH,GEMINI,B1,403490::2024,True,False
HIGH,GEMINI,B1,406820::2024,True,False
HIGH,GEMINI,B1,415380::2024,True,False
HIGH,GEMINI,B1,417200::2024,True,False
HIGH,GEMINI,B1,419050::2024,True,False
HIGH,GEMINI,B1,419080::2024,True,False
HIGH,GEMINI,B1,419530::2024,True,False
HIGH,GEMINI,B1,420570::2024,True,False
HIGH,GEMINI,B1,430690::2024,True,False
HIGH,GEMINI,B1,432980::2024,True,False
HIGH,GEMINI,B1,439090::2024,True,False
HIGH,GEMINI,B1,439580::2024,True,False
HIGH,GEMINI,B1,444530::2024,True,False
HIGH,GEMINI,B1,448710::2024,True,False
HIGH,GEMINI,B1,450080::2024,True,False
HIGH,GEMINI,B1,450520::2024,True,False
HIGH,GEMINI,B1,451250::2024,True,False
HIGH,GEMINI,B1,452160::2024,True,False
HIGH,GEMINI,B1,452190::2024,True,False
HIGH,GEMINI,B1,452280::2024,True,False
HIGH,GEMINI,B1,456700::2024,True,False
HIGH,GEMINI,B1,457370::2024,True,False
HIGH,GEMINI,B1,457550::2024,True,False
HIGH,GEMINI,B1,457600::2024,True,False
HIGH,GEMINI,B1,460930::2024,True,False
HIGH,GEMINI,B1,469750::2024,True,False
HIGH,GEMINI,B1,475580::2024,True,False
HIGH,GEMINI,B1,475660::2024,True,False
HIGH,GEMINI,B1,476080::2024,True,False
HIGH,GEMINI,B1,478560::2024,True,False
HIGH,GEMINI,B1,479960::2024,True,False
HIGH,GEMINI,BINF,000020::2024,True,False
HIGH,GEMINI,BINF,000100::2024,True,False
HIGH,GEMINI,BINF,000250::2024,True,False
HIGH,GEMINI,BINF,000670::2024,True,False
HIGH,GEMINI,BINF,000680::2024,True,False
HIGH,GEMINI,BINF,000700::2024,True,False
HIGH,GEMINI,BINF,000860::2024,True,False
HIGH,GEMINI,BINF,000990::2024,True,False
HIGH,GEMINI,BINF,001060::2024,True,False
HIGH,GEMINI,BINF,001120::2024,True,False
HIGH,GEMINI,BINF,001210::2024,True,False
HIGH,GEMINI,BINF,001230::2024,True,False
HIGH,GEMINI,BINF,001340::2024,True,False
HIGH,GEMINI,BINF,001540::2024,True,False
HIGH,GEMINI,BINF,001560::2024,True,False
HIGH,GEMINI,BINF,001620::2024,True,False
HIGH,GEMINI,BINF,001740::2024,True,False
HIGH,GEMINI,BINF,001780::2024,True,False
HIGH,GEMINI,BINF,001940::2024,True,False
HIGH,GEMINI,BINF,002150::2024,True,False
HIGH,GEMINI,BINF,002240::2024,True,False
HIGH,GEMINI,BINF,002380::2024,True,False
HIGH,GEMINI,BINF,002410::2024,True,False
HIGH,GEMINI,BINF,002630::2024,True,False
HIGH,GEMINI,BINF,002690::2024,True,False
HIGH,GEMINI,BINF,002780::2024,True,False
HIGH,GEMINI,BINF,002900::2024,True,False
HIGH,GEMINI,BINF,002990::2024,True,False
HIGH,GEMINI,BINF,003010::2024,True,False
HIGH,GEMINI,BINF,003160::2024,True,False
HIGH,GEMINI,BINF,003220::2024,True,False
HIGH,GEMINI,BINF,003380::2024,True,False
HIGH,GEMINI,BINF,003800::2024,True,False
HIGH,GEMINI,BINF,003850::2024,True,False
HIGH,GEMINI,BINF,004090::2024,True,False
HIGH,GEMINI,BINF,004310::2024,True,False
HIGH,GEMINI,BINF,004430::2024,True,False
HIGH,GEMINI,BINF,004800::2024,True,False
HIGH,GEMINI,BINF,004840::2024,True,False
HIGH,GEMINI,BINF,005030::2024,True,False
HIGH,GEMINI,BINF,005160::2024,True,False
HIGH,GEMINI,BINF,005180::2024,True,False
HIGH,GEMINI,BINF,005320::2024,True,False
HIGH,GEMINI,BINF,005380::2024,True,False
HIGH,GEMINI,BINF,005430::2024,True,False
HIGH,GEMINI,BINF,005750::2024,True,False
HIGH,GEMINI,BINF,005820::2024,True,False
HIGH,GEMINI,BINF,005850::2024,True,False
HIGH,GEMINI,BINF,005870::2024,True,False
HIGH,GEMINI,BINF,005880::2024,True,False
HIGH,GEMINI,BINF,005950::2024,True,False
HIGH,GEMINI,BINF,005960::2024,True,False
HIGH,GEMINI,BINF,006140::2024,True,False
HIGH,GEMINI,BINF,006280::2024,True,False
HIGH,GEMINI,BINF,006490::2024,True,False
HIGH,GEMINI,BINF,006620::2024,True,False
HIGH,GEMINI,BINF,006890::2024,True,False
HIGH,GEMINI,BINF,007120::2024,True,False
HIGH,GEMINI,BINF,007390::2024,True,False
HIGH,GEMINI,BINF,007680::2024,True,False
HIGH,GEMINI,BINF,007770::2024,True,False
HIGH,GEMINI,BINF,007820::2024,True,False
HIGH,GEMINI,BINF,008040::2024,True,False
HIGH,GEMINI,BINF,008350::2024,True,False
HIGH,GEMINI,BINF,009180::2024,True,False
HIGH,GEMINI,BINF,009200::2024,True,False
HIGH,GEMINI,BINF,009310::2024,True,False
HIGH,GEMINI,BINF,009320::2024,True,False
HIGH,GEMINI,BINF,009450::2024,True,False
HIGH,GEMINI,BINF,009520::2024,True,False
HIGH,GEMINI,BINF,009540::2024,True,False
HIGH,GEMINI,BINF,009580::2024,True,False
HIGH,GEMINI,BINF,009620::2024,True,False
HIGH,GEMINI,BINF,010060::2024,True,False
HIGH,GEMINI,BINF,010130::2024,True,False
HIGH,GEMINI,BINF,010140::2024,True,False
HIGH,GEMINI,BINF,010170::2024,True,False
HIGH,GEMINI,BINF,010240::2024,True,False
HIGH,GEMINI,BINF,010280::2024,True,False
HIGH,GEMINI,BINF,010690::2024,True,False
HIGH,GEMINI,BINF,011040::2024,True,False
HIGH,GEMINI,BINF,011200::2024,True,False
HIGH,GEMINI,BINF,011230::2024,True,False
HIGH,GEMINI,BINF,011370::2024,True,False
HIGH,GEMINI,BINF,011420::2024,True,False
HIGH,GEMINI,BINF,011760::2024,True,False
HIGH,GEMINI,BINF,012330::2024,True,False
HIGH,GEMINI,BINF,012340::2024,True,False
HIGH,GEMINI,BINF,012510::2024,True,False
HIGH,GEMINI,BINF,012750::2024,True,False
HIGH,GEMINI,BINF,013030::2024,True,False
HIGH,GEMINI,BINF,013120::2024,True,False
HIGH,GEMINI,BINF,013360::2024,True,False
HIGH,GEMINI,BINF,013700::2024,True,False
HIGH,GEMINI,BINF,013720::2024,True,False
HIGH,GEMINI,BINF,013810::2024,True,False
HIGH,GEMINI,BINF,013870::2024,True,False
HIGH,GEMINI,BINF,014190::2024,True,False
HIGH,GEMINI,BINF,014200::2024,True,False
HIGH,GEMINI,BINF,014530::2024,True,False
HIGH,GEMINI,BINF,014580::2024,True,False
HIGH,GEMINI,BINF,014830::2024,True,False
HIGH,GEMINI,BINF,014970::2024,True,False
HIGH,GEMINI,BINF,015230::2024,True,False
HIGH,GEMINI,BINF,015710::2024,True,False
HIGH,GEMINI,BINF,015890::2024,True,False
HIGH,GEMINI,BINF,016100::2024,True,False
HIGH,GEMINI,BINF,016450::2024,True,False
HIGH,GEMINI,BINF,016740::2024,True,False
HIGH,GEMINI,BINF,016880::2024,True,False
HIGH,GEMINI,BINF,017000::2024,True,False
HIGH,GEMINI,BINF,017250::2024,True,False
HIGH,GEMINI,BINF,017390::2024,True,False
HIGH,GEMINI,BINF,017480::2024,True,False
HIGH,GEMINI,BINF,017550::2024,True,False
HIGH,GEMINI,BINF,017890::2024,True,False
HIGH,GEMINI,BINF,017960::2024,True,False
HIGH,GEMINI,BINF,018000::2024,True,False
HIGH,GEMINI,BINF,018290::2024,True,False
HIGH,GEMINI,BINF,018310::2024,True,False
HIGH,GEMINI,BINF,019540::2024,True,False
HIGH,GEMINI,BINF,021650::2024,True,False
HIGH,GEMINI,BINF,023350::2024,True,False
HIGH,GEMINI,BINF,023410::2024,True,False
HIGH,GEMINI,BINF,025540::2024,True,False
HIGH,GEMINI,BINF,025620::2024,True,False
HIGH,GEMINI,BINF,025900::2024,True,False
HIGH,GEMINI,BINF,026960::2024,True,False
HIGH,GEMINI,BINF,027050::2024,True,False
HIGH,GEMINI,BINF,028050::2024,True,False
HIGH,GEMINI,BINF,028100::2024,True,False
HIGH,GEMINI,BINF,028670::2024,True,False
HIGH,GEMINI,BINF,029460::2024,True,False
HIGH,GEMINI,BINF,029960::2024,True,False
HIGH,GEMINI,BINF,030530::2024,True,False
HIGH,GEMINI,BINF,030960::2024,True,False
HIGH,GEMINI,BINF,031310::2024,True,False
HIGH,GEMINI,BINF,031820::2024,True,False
HIGH,GEMINI,BINF,032080::2024,True,False
HIGH,GEMINI,BINF,032560::2024,True,False
HIGH,GEMINI,BINF,032620::2024,True,False
HIGH,GEMINI,BINF,032790::2024,True,False
HIGH,GEMINI,BINF,032940::2024,True,False
HIGH,GEMINI,BINF,033050::2024,True,False
HIGH,GEMINI,BINF,033100::2024,True,False
HIGH,GEMINI,BINF,033160::2024,True,False
HIGH,GEMINI,BINF,033200::2024,True,False
HIGH,GEMINI,BINF,033250::2024,True,False
HIGH,GEMINI,BINF,033320::2024,True,False
HIGH,GEMINI,BINF,033500::2024,True,False
HIGH,GEMINI,BINF,033530::2024,True,False
HIGH,GEMINI,BINF,033540::2024,True,False
HIGH,GEMINI,BINF,033640::2024,True,False
HIGH,GEMINI,BINF,033780::2024,True,False
HIGH,GEMINI,BINF,034230::2024,True,False
HIGH,GEMINI,BINF,035000::2024,True,False
HIGH,GEMINI,BINF,035150::2024,True,False
HIGH,GEMINI,BINF,035760::2024,True,False
HIGH,GEMINI,BINF,035890::2024,True,False
HIGH,GEMINI,BINF,036000::2024,True,False
HIGH,GEMINI,BINF,036010::2024,True,False
HIGH,GEMINI,BINF,036090::2024,True,False
HIGH,GEMINI,BINF,036170::2024,True,False
HIGH,GEMINI,BINF,036190::2024,True,False
HIGH,GEMINI,BINF,036200::2024,True,False
HIGH,GEMINI,BINF,036480::2024,True,False
HIGH,GEMINI,BINF,036540::2024,True,False
HIGH,GEMINI,BINF,036630::2024,True,False
HIGH,GEMINI,BINF,036930::2024,True,False
HIGH,GEMINI,BINF,037030::2024,True,False
HIGH,GEMINI,BINF,037070::2024,True,False
HIGH,GEMINI,BINF,038070::2024,True,False
HIGH,GEMINI,BINF,038110::2024,True,False
HIGH,GEMINI,BINF,038290::2024,True,False
HIGH,GEMINI,BINF,038540::2024,True,False
HIGH,GEMINI,BINF,038680::2024,True,False
HIGH,GEMINI,BINF,039010::2024,True,False
HIGH,GEMINI,BINF,039130::2024,True,False
HIGH,GEMINI,BINF,039310::2024,True,False
HIGH,GEMINI,BINF,040160::2024,True,False
HIGH,GEMINI,BINF,040910::2024,True,False
HIGH,GEMINI,BINF,041830::2024,True,False
HIGH,GEMINI,BINF,042000::2024,True,False
HIGH,GEMINI,BINF,042420::2024,True,False
HIGH,GEMINI,BINF,042510::2024,True,False
HIGH,GEMINI,BINF,042520::2024,True,False
HIGH,GEMINI,BINF,042660::2024,True,False
HIGH,GEMINI,BINF,043220::2024,True,False
HIGH,GEMINI,BINF,043910::2024,True,False
HIGH,GEMINI,BINF,044180::2024,True,False
HIGH,GEMINI,BINF,044340::2024,True,False
HIGH,GEMINI,BINF,044380::2024,True,False
HIGH,GEMINI,BINF,045060::2024,True,False
HIGH,GEMINI,BINF,045300::2024,True,False
HIGH,GEMINI,BINF,045660::2024,True,False
HIGH,GEMINI,BINF,046940::2024,True,False
HIGH,GEMINI,BINF,046970::2024,True,False
HIGH,GEMINI,BINF,047400::2024,True,False
HIGH,GEMINI,BINF,048430::2024,True,False
HIGH,GEMINI,BINF,048830::2024,True,False
HIGH,GEMINI,BINF,049180::2024,True,False
HIGH,GEMINI,BINF,049480::2024,True,False
HIGH,GEMINI,BINF,050760::2024,True,False
HIGH,GEMINI,BINF,051490::2024,True,False
HIGH,GEMINI,BINF,051600::2024,True,False
HIGH,GEMINI,BINF,052900::2024,True,False
HIGH,GEMINI,BINF,053060::2024,True,False
HIGH,GEMINI,BINF,053080::2024,True,False
HIGH,GEMINI,BINF,053260::2024,True,False
HIGH,GEMINI,BINF,053580::2024,True,False
HIGH,GEMINI,BINF,053700::2024,True,False
HIGH,GEMINI,BINF,054090::2024,True,False
HIGH,GEMINI,BINF,054540::2024,True,False
HIGH,GEMINI,BINF,054930::2024,True,False
HIGH,GEMINI,BINF,055490::2024,True,False
HIGH,GEMINI,BINF,056190::2024,True,False
HIGH,GEMINI,BINF,058730::2024,True,False
HIGH,GEMINI,BINF,059120::2024,True,False
HIGH,GEMINI,BINF,060150::2024,True,False
HIGH,GEMINI,BINF,060250::2024,True,False
HIGH,GEMINI,BINF,060310::2024,True,False
HIGH,GEMINI,BINF,060850::2024,True,False
HIGH,GEMINI,BINF,061040::2024,True,False
HIGH,GEMINI,BINF,062040::2024,True,False
HIGH,GEMINI,BINF,062970::2024,True,False
HIGH,GEMINI,BINF,063080::2024,True,False
HIGH,GEMINI,BINF,064240::2024,True,False
HIGH,GEMINI,BINF,064480::2024,True,False
HIGH,GEMINI,BINF,065370::2024,True,False
HIGH,GEMINI,BINF,065690::2024,True,False
HIGH,GEMINI,BINF,066700::2024,True,False
HIGH,GEMINI,BINF,066830::2024,True,False
HIGH,GEMINI,BINF,067280::2024,True,False
HIGH,GEMINI,BINF,067570::2024,True,False
HIGH,GEMINI,BINF,067730::2024,True,False
HIGH,GEMINI,BINF,068940::2024,True,False
HIGH,GEMINI,BINF,069140::2024,True,False
HIGH,GEMINI,BINF,069260::2024,True,False
HIGH,GEMINI,BINF,069460::2024,True,False
HIGH,GEMINI,BINF,069510::2024,True,False
HIGH,GEMINI,BINF,071200::2024,True,False
HIGH,GEMINI,BINF,071970::2024,True,False
HIGH,GEMINI,BINF,072990::2024,True,False
HIGH,GEMINI,BINF,073190::2024,True,False
HIGH,GEMINI,BINF,073240::2024,True,False
HIGH,GEMINI,BINF,075130::2024,True,False
HIGH,GEMINI,BINF,078070::2024,True,False
HIGH,GEMINI,BINF,078140::2024,True,False
HIGH,GEMINI,BINF,078150::2024,True,False
HIGH,GEMINI,BINF,079160::2024,True,False
HIGH,GEMINI,BINF,079190::2024,True,False
HIGH,GEMINI,BINF,079550::2024,True,False
HIGH,GEMINI,BINF,079650::2024,True,False
HIGH,GEMINI,BINF,079810::2024,True,False
HIGH,GEMINI,BINF,079900::2024,True,False
HIGH,GEMINI,BINF,079940::2024,True,False
HIGH,GEMINI,BINF,079950::2024,True,False
HIGH,GEMINI,BINF,079960::2024,True,False
HIGH,GEMINI,BINF,079980::2024,True,False
HIGH,GEMINI,BINF,080010::2024,True,False
HIGH,GEMINI,BINF,080520::2024,True,False
HIGH,GEMINI,BINF,080530::2024,True,False
HIGH,GEMINI,BINF,081660::2024,True,False
HIGH,GEMINI,BINF,083310::2024,True,False
HIGH,GEMINI,BINF,083450::2024,True,False
HIGH,GEMINI,BINF,083930::2024,True,False
HIGH,GEMINI,BINF,084650::2024,True,False
HIGH,GEMINI,BINF,085670::2024,True,False
HIGH,GEMINI,BINF,086280::2024,True,False
HIGH,GEMINI,BINF,086450::2024,True,False
HIGH,GEMINI,BINF,086520::2024,True,False
HIGH,GEMINI,BINF,086670::2024,True,False
HIGH,GEMINI,BINF,086710::2024,True,False
HIGH,GEMINI,BINF,086890::2024,True,False
HIGH,GEMINI,BINF,087260::2024,True,False
HIGH,GEMINI,BINF,087600::2024,True,False
HIGH,GEMINI,BINF,088290::2024,True,False
HIGH,GEMINI,BINF,088800::2024,True,False
HIGH,GEMINI,BINF,089150::2024,True,False
HIGH,GEMINI,BINF,089470::2024,True,False
HIGH,GEMINI,BINF,089860::2024,True,False
HIGH,GEMINI,BINF,089970::2024,True,False
HIGH,GEMINI,BINF,089980::2024,True,False
HIGH,GEMINI,BINF,090150::2024,True,False
HIGH,GEMINI,BINF,090360::2024,True,False
HIGH,GEMINI,BINF,090710::2024,True,False
HIGH,GEMINI,BINF,091120::2024,True,False
HIGH,GEMINI,BINF,091580::2024,True,False
HIGH,GEMINI,BINF,091590::2024,True,False
HIGH,GEMINI,BINF,091810::2024,True,False
HIGH,GEMINI,BINF,092730::2024,True,False
HIGH,GEMINI,BINF,092870::2024,True,False
HIGH,GEMINI,BINF,093370::2024,True,False
HIGH,GEMINI,BINF,094280::2024,True,False
HIGH,GEMINI,BINF,094480::2024,True,False
HIGH,GEMINI,BINF,094850::2024,True,False
HIGH,GEMINI,BINF,094970::2024,True,False
HIGH,GEMINI,BINF,095610::2024,True,False
HIGH,GEMINI,BINF,095910::2024,True,False
HIGH,GEMINI,BINF,096350::2024,True,False
HIGH,GEMINI,BINF,096690::2024,True,False
HIGH,GEMINI,BINF,099320::2024,True,False
HIGH,GEMINI,BINF,099520::2024,True,False
HIGH,GEMINI,BINF,099750::2024,True,False
HIGH,GEMINI,BINF,100030::2024,True,False
HIGH,GEMINI,BINF,100090::2024,True,False
HIGH,GEMINI,BINF,100120::2024,True,False
HIGH,GEMINI,BINF,100590::2024,True,False
HIGH,GEMINI,BINF,101400::2024,True,False
HIGH,GEMINI,BINF,101490::2024,True,False
HIGH,GEMINI,BINF,101670::2024,True,False
HIGH,GEMINI,BINF,102710::2024,True,False
HIGH,GEMINI,BINF,102950::2024,True,False
HIGH,GEMINI,BINF,104620::2024,True,False
HIGH,GEMINI,BINF,104700::2024,True,False
HIGH,GEMINI,BINF,104830::2024,True,False
HIGH,GEMINI,BINF,105630::2024,True,False
HIGH,GEMINI,BINF,105760::2024,True,False
HIGH,GEMINI,BINF,105840::2024,True,False
HIGH,GEMINI,BINF,106520::2024,True,False
HIGH,GEMINI,BINF,108230::2024,True,False
HIGH,GEMINI,BINF,108380::2024,True,False
HIGH,GEMINI,BINF,109610::2024,True,False
HIGH,GEMINI,BINF,109670::2024,True,False
HIGH,GEMINI,BINF,109740::2024,True,False
HIGH,GEMINI,BINF,109860::2024,True,False
HIGH,GEMINI,BINF,110790::2024,True,False
HIGH,GEMINI,BINF,110990::2024,True,False
HIGH,GEMINI,BINF,111870::2024,True,False
HIGH,GEMINI,BINF,114840::2024,True,False
HIGH,GEMINI,BINF,115310::2024,True,False
HIGH,GEMINI,BINF,115450::2024,True,False
HIGH,GEMINI,BINF,119500::2024,True,False
HIGH,GEMINI,BINF,119830::2024,True,False
HIGH,GEMINI,BINF,120240::2024,True,False
HIGH,GEMINI,BINF,121060::2024,True,False
HIGH,GEMINI,BINF,121600::2024,True,False
HIGH,GEMINI,BINF,122350::2024,True,False
HIGH,GEMINI,BINF,122640::2024,True,False
HIGH,GEMINI,BINF,123330::2024,True,False
HIGH,GEMINI,BINF,123410::2024,True,False
HIGH,GEMINI,BINF,123570::2024,True,False
HIGH,GEMINI,BINF,123840::2024,True,False
HIGH,GEMINI,BINF,124500::2024,True,False
HIGH,GEMINI,BINF,124560::2024,True,False
HIGH,GEMINI,BINF,126600::2024,True,False
HIGH,GEMINI,BINF,126640::2024,True,False
HIGH,GEMINI,BINF,126720::2024,True,False
HIGH,GEMINI,BINF,126730::2024,True,False
HIGH,GEMINI,BINF,128660::2024,True,False
HIGH,GEMINI,BINF,128820::2024,True,False
HIGH,GEMINI,BINF,129890::2024,True,False
HIGH,GEMINI,BINF,130500::2024,True,False
HIGH,GEMINI,BINF,131030::2024,True,False
HIGH,GEMINI,BINF,131090::2024,True,False
HIGH,GEMINI,BINF,131290::2024,True,False
HIGH,GEMINI,BINF,131400::2024,True,False
HIGH,GEMINI,BINF,136490::2024,True,False
HIGH,GEMINI,BINF,136540::2024,True,False
HIGH,GEMINI,BINF,137080::2024,True,False
HIGH,GEMINI,BINF,138080::2024,True,False
HIGH,GEMINI,BINF,138490::2024,True,False
HIGH,GEMINI,BINF,140070::2024,True,False
HIGH,GEMINI,BINF,140430::2024,True,False
HIGH,GEMINI,BINF,140670::2024,True,False
HIGH,GEMINI,BINF,141080::2024,True,False
HIGH,GEMINI,BINF,142210::2024,True,False
HIGH,GEMINI,BINF,146060::2024,True,False
HIGH,GEMINI,BINF,146320::2024,True,False
HIGH,GEMINI,BINF,147830::2024,True,False
HIGH,GEMINI,BINF,149950::2024,True,False
HIGH,GEMINI,BINF,155650::2024,True,False
HIGH,GEMINI,BINF,161580::2024,True,False
HIGH,GEMINI,BINF,162120::2024,True,False
HIGH,GEMINI,BINF,163280::2024,True,False
HIGH,GEMINI,BINF,163560::2024,True,False
HIGH,GEMINI,BINF,163730::2024,True,False
HIGH,GEMINI,BINF,166090::2024,True,False
HIGH,GEMINI,BINF,169330::2024,True,False
HIGH,GEMINI,BINF,170030::2024,True,False
HIGH,GEMINI,BINF,171010::2024,True,False
HIGH,GEMINI,BINF,172670::2024,True,False
HIGH,GEMINI,BINF,174880::2024,True,False
HIGH,GEMINI,BINF,175140::2024,True,False
HIGH,GEMINI,BINF,183490::2024,True,False
HIGH,GEMINI,BINF,184230::2024,True,False
HIGH,GEMINI,BINF,185750::2024,True,False
HIGH,GEMINI,BINF,186230::2024,True,False
HIGH,GEMINI,BINF,187790::2024,True,False
HIGH,GEMINI,BINF,189300::2024,True,False
HIGH,GEMINI,BINF,191410::2024,True,False
HIGH,GEMINI,BINF,192410::2024,True,False
HIGH,GEMINI,BINF,194700::2024,True,False
HIGH,GEMINI,BINF,196700::2024,True,False
HIGH,GEMINI,BINF,197140::2024,True,False
HIGH,GEMINI,BINF,198440::2024,True,False
HIGH,GEMINI,BINF,199150::2024,True,False
HIGH,GEMINI,BINF,199480::2024,True,False
HIGH,GEMINI,BINF,200130::2024,True,False
HIGH,GEMINI,BINF,200350::2024,True,False
HIGH,GEMINI,BINF,200710::2024,True,False
HIGH,GEMINI,BINF,200880::2024,True,False
HIGH,GEMINI,BINF,203650::2024,True,False
HIGH,GEMINI,BINF,204020::2024,True,False
HIGH,GEMINI,BINF,206560::2024,True,False
HIGH,GEMINI,BINF,208350::2024,True,False
HIGH,GEMINI,BINF,209640::2024,True,False
HIGH,GEMINI,BINF,210980::2024,True,False
HIGH,GEMINI,BINF,212710::2024,True,False
HIGH,GEMINI,BINF,214180::2024,True,False
HIGH,GEMINI,BINF,214260::2024,True,False
HIGH,GEMINI,BINF,214270::2024,True,False
HIGH,GEMINI,BINF,214330::2024,True,False
HIGH,GEMINI,BINF,215090::2024,True,False
HIGH,GEMINI,BINF,215480::2024,True,False
HIGH,GEMINI,BINF,215600::2024,True,False
HIGH,GEMINI,BINF,217480::2024,True,False
HIGH,GEMINI,BINF,217500::2024,True,False
HIGH,GEMINI,BINF,218150::2024,True,False
HIGH,GEMINI,BINF,219130::2024,True,False
HIGH,GEMINI,BINF,219550::2024,True,False
HIGH,GEMINI,BINF,220180::2024,True,False
HIGH,GEMINI,BINF,220260::2024,True,False
HIGH,GEMINI,BINF,221840::2024,True,False
HIGH,GEMINI,BINF,222080::2024,True,False
HIGH,GEMINI,BINF,222810::2024,True,False
HIGH,GEMINI,BINF,222980::2024,True,False
HIGH,GEMINI,BINF,223310::2024,True,False
HIGH,GEMINI,BINF,224760::2024,True,False
HIGH,GEMINI,BINF,225430::2024,True,False
HIGH,GEMINI,BINF,232140::2024,True,False
HIGH,GEMINI,BINF,234080::2024,True,False
HIGH,GEMINI,BINF,234100::2024,True,False
HIGH,GEMINI,BINF,236200::2024,True,False
HIGH,GEMINI,BINF,237750::2024,True,False
HIGH,GEMINI,BINF,238170::2024,True,False
HIGH,GEMINI,BINF,238490::2024,True,False
HIGH,GEMINI,BINF,239610::2024,True,False
HIGH,GEMINI,BINF,240600::2024,True,False
HIGH,GEMINI,BINF,241770::2024,True,False
HIGH,GEMINI,BINF,244920::2024,True,False
HIGH,GEMINI,BINF,247540::2024,True,False
HIGH,GEMINI,BINF,250030::2024,True,False
HIGH,GEMINI,BINF,250930::2024,True,False
HIGH,GEMINI,BINF,251370::2024,True,False
HIGH,GEMINI,BINF,251970::2024,True,False
HIGH,GEMINI,BINF,252990::2024,True,False
HIGH,GEMINI,BINF,253450::2024,True,False
HIGH,GEMINI,BINF,253590::2024,True,False
HIGH,GEMINI,BINF,254490::2024,True,False
HIGH,GEMINI,BINF,255440::2024,True,False
HIGH,GEMINI,BINF,256940::2024,True,False
HIGH,GEMINI,BINF,258790::2024,True,False
HIGH,GEMINI,BINF,259630::2024,True,False
HIGH,GEMINI,BINF,262260::2024,True,False
HIGH,GEMINI,BINF,263020::2024,True,False
HIGH,GEMINI,BINF,263770::2024,True,False
HIGH,GEMINI,BINF,263920::2024,True,False
HIGH,GEMINI,BINF,264450::2024,True,False
HIGH,GEMINI,BINF,265520::2024,True,False
HIGH,GEMINI,BINF,265740::2024,True,False
HIGH,GEMINI,BINF,267080::2024,True,False
HIGH,GEMINI,BINF,267850::2024,True,False
HIGH,GEMINI,BINF,269620::2024,True,False
HIGH,GEMINI,BINF,270870::2024,True,False
HIGH,GEMINI,BINF,271830::2024,True,False
HIGH,GEMINI,BINF,272110::2024,True,False
HIGH,GEMINI,BINF,275630::2024,True,False
HIGH,GEMINI,BINF,277410::2024,True,False
HIGH,GEMINI,BINF,277810::2024,True,False
HIGH,GEMINI,BINF,281740::2024,True,False
HIGH,GEMINI,BINF,281820::2024,True,False
HIGH,GEMINI,BINF,282330::2024,True,False
HIGH,GEMINI,BINF,288620::2024,True,False
HIGH,GEMINI,BINF,289220::2024,True,False
HIGH,GEMINI,BINF,290560::2024,True,False
HIGH,GEMINI,BINF,290720::2024,True,False
HIGH,GEMINI,BINF,294140::2024,True,False
HIGH,GEMINI,BINF,294570::2024,True,False
HIGH,GEMINI,BINF,297090::2024,True,False
HIGH,GEMINI,BINF,297890::2024,True,False
HIGH,GEMINI,BINF,298000::2024,True,False
HIGH,GEMINI,BINF,298020::2024,True,False
HIGH,GEMINI,BINF,298690::2024,True,False
HIGH,GEMINI,BINF,298830::2024,True,False
HIGH,GEMINI,BINF,299900::2024,True,False
HIGH,GEMINI,BINF,302440::2024,True,False
HIGH,GEMINI,BINF,303530::2024,True,False
HIGH,GEMINI,BINF,306040::2024,True,False
HIGH,GEMINI,BINF,307280::2024,True,False
HIGH,GEMINI,BINF,307870::2024,True,False
HIGH,GEMINI,BINF,307950::2024,True,False
HIGH,GEMINI,BINF,308170::2024,True,False
HIGH,GEMINI,BINF,310870::2024,True,False
HIGH,GEMINI,BINF,311390::2024,True,False
HIGH,GEMINI,BINF,314140::2024,True,False
HIGH,GEMINI,BINF,317120::2024,True,False
HIGH,GEMINI,BINF,317240::2024,True,False
HIGH,GEMINI,BINF,317330::2024,True,False
HIGH,GEMINI,BINF,317400::2024,True,False
HIGH,GEMINI,BINF,317770::2024,True,False
HIGH,GEMINI,BINF,317830::2024,True,False
HIGH,GEMINI,BINF,317850::2024,True,False
HIGH,GEMINI,BINF,318160::2024,True,False
HIGH,GEMINI,BINF,319400::2024,True,False
HIGH,GEMINI,BINF,320000::2024,True,False
HIGH,GEMINI,BINF,321820::2024,True,False
HIGH,GEMINI,BINF,328380::2024,True,False
HIGH,GEMINI,BINF,332290::2024,True,False
HIGH,GEMINI,BINF,332570::2024,True,False
HIGH,GEMINI,BINF,333620::2024,True,False
HIGH,GEMINI,BINF,335870::2024,True,False
HIGH,GEMINI,BINF,339770::2024,True,False
HIGH,GEMINI,BINF,347000::2024,True,False
HIGH,GEMINI,BINF,348340::2024,True,False
HIGH,GEMINI,BINF,352090::2024,True,False
HIGH,GEMINI,BINF,352700::2024,True,False
HIGH,GEMINI,BINF,353190::2024,True,False
HIGH,GEMINI,BINF,353590::2024,True,False
HIGH,GEMINI,BINF,354320::2024,True,False
HIGH,GEMINI,BINF,354390::2024,True,False
HIGH,GEMINI,BINF,355390::2024,True,False
HIGH,GEMINI,BINF,357230::2024,True,False
HIGH,GEMINI,BINF,357580::2024,True,False
HIGH,GEMINI,BINF,360350::2024,True,False
HIGH,GEMINI,BINF,362990::2024,True,False
HIGH,GEMINI,BINF,368600::2024,True,False
HIGH,GEMINI,BINF,370090::2024,True,False
HIGH,GEMINI,BINF,372910::2024,True,False
HIGH,GEMINI,BINF,373170::2024,True,False
HIGH,GEMINI,BINF,373200::2024,True,False
HIGH,GEMINI,BINF,377220::2024,True,False
HIGH,GEMINI,BINF,378340::2024,True,False
HIGH,GEMINI,BINF,381620::2024,True,False
HIGH,GEMINI,BINF,382480::2024,True,False
HIGH,GEMINI,BINF,382800::2024,True,False
HIGH,GEMINI,BINF,382840::2024,True,False
HIGH,GEMINI,BINF,383310::2024,True,False
HIGH,GEMINI,BINF,388050::2024,True,False
HIGH,GEMINI,BINF,389680::2024,True,False
HIGH,GEMINI,BINF,391710::2024,True,False
HIGH,GEMINI,BINF,393210::2024,True,False
HIGH,GEMINI,BINF,398120::2024,True,False
HIGH,GEMINI,BINF,399720::2024,True,False
HIGH,GEMINI,BINF,403490::2024,True,False
HIGH,GEMINI,BINF,406820::2024,True,False
HIGH,GEMINI,BINF,415380::2024,True,False
HIGH,GEMINI,BINF,417200::2024,True,False
HIGH,GEMINI,BINF,419050::2024,True,False
HIGH,GEMINI,BINF,419080::2024,True,False
HIGH,GEMINI,BINF,419530::2024,True,False
HIGH,GEMINI,BINF,420570::2024,True,False
HIGH,GEMINI,BINF,430690::2024,True,False
HIGH,GEMINI,BINF,432980::2024,True,False
HIGH,GEMINI,BINF,439090::2024,True,False
HIGH,GEMINI,BINF,439580::2024,True,False
HIGH,GEMINI,BINF,444530::2024,True,False
HIGH,GEMINI,BINF,448710::2024,True,False
HIGH,GEMINI,BINF,450080::2024,True,False
HIGH,GEMINI,BINF,450520::2024,True,False
HIGH,GEMINI,BINF,451250::2024,True,False
HIGH,GEMINI,BINF,452160::2024,True,False
HIGH,GEMINI,BINF,452190::2024,True,False
HIGH,GEMINI,BINF,452280::2024,True,False
HIGH,GEMINI,BINF,456700::2024,True,False
HIGH,GEMINI,BINF,457370::2024,True,False
HIGH,GEMINI,BINF,457550::2024,True,False
HIGH,GEMINI,BINF,457600::2024,True,False
HIGH,GEMINI,BINF,460930::2024,True,False
HIGH,GEMINI,BINF,469750::2024,True,False
HIGH,GEMINI,BINF,475580::2024,True,False
HIGH,GEMINI,BINF,475660::2024,True,False
HIGH,GEMINI,BINF,476080::2024,True,False
HIGH,GEMINI,BINF,478560::2024,True,False
HIGH,GEMINI,BINF,479960::2024,True,False
HIGH,GPT,B1,000020::2024,True,False
HIGH,GPT,B1,000100::2024,True,False
HIGH,GPT,B1,000250::2024,True,False
HIGH,GPT,B1,000670::2024,True,False
HIGH,GPT,B1,000680::2024,True,False
HIGH,GPT,B1,000700::2024,True,False
HIGH,GPT,B1,000860::2024,True,False
HIGH,GPT,B1,000990::2024,True,False
HIGH,GPT,B1,001060::2024,True,False
HIGH,GPT,B1,001120::2024,True,False
HIGH,GPT,B1,001210::2024,True,False
HIGH,GPT,B1,001230::2024,True,False
HIGH,GPT,B1,001340::2024,True,False
HIGH,GPT,B1,001540::2024,True,False
HIGH,GPT,B1,001560::2024,True,False
HIGH,GPT,B1,001620::2024,True,False
HIGH,GPT,B1,001740::2024,True,False
HIGH,GPT,B1,001780::2024,True,False
HIGH,GPT,B1,001940::2024,True,False
HIGH,GPT,B1,002150::2024,True,False
HIGH,GPT,B1,002240::2024,True,False
HIGH,GPT,B1,002380::2024,True,False
HIGH,GPT,B1,002410::2024,True,False
HIGH,GPT,B1,002630::2024,True,False
HIGH,GPT,B1,002690::2024,True,False
HIGH,GPT,B1,002780::2024,True,False
HIGH,GPT,B1,002900::2024,True,False
HIGH,GPT,B1,002990::2024,True,False
HIGH,GPT,B1,003010::2024,True,False
HIGH,GPT,B1,003160::2024,True,False
HIGH,GPT,B1,003220::2024,True,False
HIGH,GPT,B1,003380::2024,False,True
HIGH,GPT,B1,003800::2024,True,False
HIGH,GPT,B1,003850::2024,True,False
HIGH,GPT,B1,004090::2024,True,False
HIGH,GPT,B1,004310::2024,True,False
HIGH,GPT,B1,004430::2024,True,False
HIGH,GPT,B1,004800::2024,True,False
HIGH,GPT,B1,004840::2024,True,False
HIGH,GPT,B1,005030::2024,True,False
HIGH,GPT,B1,005160::2024,True,False
HIGH,GPT,B1,005180::2024,True,False
HIGH,GPT,B1,005320::2024,True,False
HIGH,GPT,B1,005380::2024,True,False
HIGH,GPT,B1,005430::2024,True,False
HIGH,GPT,B1,005750::2024,True,False
HIGH,GPT,B1,005820::2024,True,False
HIGH,GPT,B1,005850::2024,True,False
HIGH,GPT,B1,005870::2024,True,False
HIGH,GPT,B1,005880::2024,True,False
HIGH,GPT,B1,005950::2024,True,False
HIGH,GPT,B1,005960::2024,True,False
HIGH,GPT,B1,006140::2024,True,False
HIGH,GPT,B1,006280::2024,True,False
HIGH,GPT,B1,006490::2024,True,False
HIGH,GPT,B1,006620::2024,True,False
HIGH,GPT,B1,006890::2024,True,False
HIGH,GPT,B1,007120::2024,True,False
HIGH,GPT,B1,007390::2024,True,False
HIGH,GPT,B1,007680::2024,True,False
HIGH,GPT,B1,007770::2024,True,False
HIGH,GPT,B1,007820::2024,True,False
HIGH,GPT,B1,008040::2024,True,False
HIGH,GPT,B1,008350::2024,True,False
HIGH,GPT,B1,009180::2024,True,False
HIGH,GPT,B1,009200::2024,False,True
HIGH,GPT,B1,009310::2024,True,False
HIGH,GPT,B1,009320::2024,True,False
HIGH,GPT,B1,009450::2024,True,False
HIGH,GPT,B1,009520::2024,True,False
HIGH,GPT,B1,009540::2024,True,False
HIGH,GPT,B1,009580::2024,True,False
HIGH,GPT,B1,009620::2024,True,False
HIGH,GPT,B1,010060::2024,True,False
HIGH,GPT,B1,010130::2024,True,False
HIGH,GPT,B1,010140::2024,True,False
HIGH,GPT,B1,010170::2024,True,False
HIGH,GPT,B1,010240::2024,True,False
HIGH,GPT,B1,010280::2024,True,False
HIGH,GPT,B1,010690::2024,True,False
HIGH,GPT,B1,011040::2024,True,False
HIGH,GPT,B1,011200::2024,True,False
HIGH,GPT,B1,011230::2024,True,False
HIGH,GPT,B1,011370::2024,True,False
HIGH,GPT,B1,011420::2024,True,False
HIGH,GPT,B1,011760::2024,True,False
HIGH,GPT,B1,012330::2024,True,False
HIGH,GPT,B1,012340::2024,True,False
HIGH,GPT,B1,012510::2024,True,False
HIGH,GPT,B1,012750::2024,True,False
HIGH,GPT,B1,013030::2024,True,False
HIGH,GPT,B1,013120::2024,True,False
HIGH,GPT,B1,013360::2024,False,True
HIGH,GPT,B1,013700::2024,True,False
HIGH,GPT,B1,013720::2024,True,False
HIGH,GPT,B1,013810::2024,True,False
HIGH,GPT,B1,013870::2024,True,False
HIGH,GPT,B1,014190::2024,True,False
HIGH,GPT,B1,014200::2024,True,False
HIGH,GPT,B1,014530::2024,True,False
HIGH,GPT,B1,014580::2024,True,False
HIGH,GPT,B1,014830::2024,True,False
HIGH,GPT,B1,014970::2024,True,False
HIGH,GPT,B1,015230::2024,True,False
HIGH,GPT,B1,015710::2024,True,False
HIGH,GPT,B1,015890::2024,True,False
HIGH,GPT,B1,016100::2024,True,False
HIGH,GPT,B1,016450::2024,True,False
HIGH,GPT,B1,016740::2024,True,False
HIGH,GPT,B1,016880::2024,True,False
HIGH,GPT,B1,017000::2024,True,False
HIGH,GPT,B1,017250::2024,True,False
HIGH,GPT,B1,017390::2024,True,False
HIGH,GPT,B1,017480::2024,True,False
HIGH,GPT,B1,017550::2024,True,False
HIGH,GPT,B1,017890::2024,True,False
HIGH,GPT,B1,017960::2024,False,True
HIGH,GPT,B1,018000::2024,True,False
HIGH,GPT,B1,018290::2024,True,False
HIGH,GPT,B1,018310::2024,True,False
HIGH,GPT,B1,019540::2024,True,False
HIGH,GPT,B1,021650::2024,True,False
HIGH,GPT,B1,023350::2024,True,False
HIGH,GPT,B1,023410::2024,True,False
HIGH,GPT,B1,025540::2024,True,False
HIGH,GPT,B1,025620::2024,True,False
HIGH,GPT,B1,025900::2024,True,False
HIGH,GPT,B1,026960::2024,True,False
HIGH,GPT,B1,027050::2024,True,False
HIGH,GPT,B1,028050::2024,True,False
HIGH,GPT,B1,028100::2024,True,False
HIGH,GPT,B1,028670::2024,True,False
HIGH,GPT,B1,029460::2024,True,False
HIGH,GPT,B1,029960::2024,True,False
HIGH,GPT,B1,030530::2024,True,False
HIGH,GPT,B1,030960::2024,True,False
HIGH,GPT,B1,031310::2024,True,False
HIGH,GPT,B1,031820::2024,True,False
HIGH,GPT,B1,032080::2024,True,False
HIGH,GPT,B1,032560::2024,True,False
HIGH,GPT,B1,032620::2024,True,False
HIGH,GPT,B1,032790::2024,False,True
HIGH,GPT,B1,032940::2024,True,False
HIGH,GPT,B1,033050::2024,True,False
HIGH,GPT,B1,033100::2024,True,False
HIGH,GPT,B1,033160::2024,True,False
HIGH,GPT,B1,033200::2024,True,False
HIGH,GPT,B1,033250::2024,True,False
HIGH,GPT,B1,033320::2024,True,False
HIGH,GPT,B1,033500::2024,True,False
HIGH,GPT,B1,033530::2024,True,False
HIGH,GPT,B1,033540::2024,True,False
HIGH,GPT,B1,033640::2024,True,False
HIGH,GPT,B1,033780::2024,True,False
HIGH,GPT,B1,034230::2024,True,False
HIGH,GPT,B1,035000::2024,True,False
HIGH,GPT,B1,035150::2024,True,False
HIGH,GPT,B1,035760::2024,True,False
HIGH,GPT,B1,035890::2024,True,False
HIGH,GPT,B1,036000::2024,True,False
HIGH,GPT,B1,036010::2024,True,False
HIGH,GPT,B1,036090::2024,True,False
HIGH,GPT,B1,036170::2024,True,False
HIGH,GPT,B1,036190::2024,True,False
HIGH,GPT,B1,036200::2024,True,False
HIGH,GPT,B1,036480::2024,True,False
HIGH,GPT,B1,036540::2024,True,False
HIGH,GPT,B1,036630::2024,True,False
HIGH,GPT,B1,036930::2024,True,False
HIGH,GPT,B1,037030::2024,True,False
HIGH,GPT,B1,037070::2024,True,False
HIGH,GPT,B1,038070::2024,True,False
HIGH,GPT,B1,038110::2024,True,False
HIGH,GPT,B1,038290::2024,True,False
HIGH,GPT,B1,038540::2024,True,False
HIGH,GPT,B1,038680::2024,True,False
HIGH,GPT,B1,039010::2024,True,False
HIGH,GPT,B1,039130::2024,True,False
HIGH,GPT,B1,039310::2024,True,False
HIGH,GPT,B1,040160::2024,True,False
HIGH,GPT,B1,040910::2024,True,False
HIGH,GPT,B1,041830::2024,True,False
HIGH,GPT,B1,042000::2024,True,False
HIGH,GPT,B1,042420::2024,True,False
HIGH,GPT,B1,042510::2024,False,True
HIGH,GPT,B1,042520::2024,True,False
HIGH,GPT,B1,042660::2024,True,False
HIGH,GPT,B1,043220::2024,True,False
HIGH,GPT,B1,043910::2024,True,False
HIGH,GPT,B1,044180::2024,True,False
HIGH,GPT,B1,044340::2024,True,False
HIGH,GPT,B1,044380::2024,True,False
HIGH,GPT,B1,045060::2024,True,False
HIGH,GPT,B1,045300::2024,True,False
HIGH,GPT,B1,045660::2024,True,False
HIGH,GPT,B1,046940::2024,True,False
HIGH,GPT,B1,046970::2024,True,False
HIGH,GPT,B1,047400::2024,True,False
HIGH,GPT,B1,048430::2024,True,False
HIGH,GPT,B1,048830::2024,True,False
HIGH,GPT,B1,049180::2024,True,False
HIGH,GPT,B1,049480::2024,True,False
HIGH,GPT,B1,050760::2024,True,False
HIGH,GPT,B1,051490::2024,True,False
HIGH,GPT,B1,051600::2024,False,True
HIGH,GPT,B1,052900::2024,True,False
HIGH,GPT,B1,053060::2024,True,False
HIGH,GPT,B1,053080::2024,True,False
HIGH,GPT,B1,053260::2024,True,False
HIGH,GPT,B1,053580::2024,True,False
HIGH,GPT,B1,053700::2024,True,False
HIGH,GPT,B1,054090::2024,True,False
HIGH,GPT,B1,054540::2024,True,False
HIGH,GPT,B1,054930::2024,True,False
HIGH,GPT,B1,055490::2024,True,False
HIGH,GPT,B1,056190::2024,False,True
HIGH,GPT,B1,058730::2024,True,False
HIGH,GPT,B1,059120::2024,True,False
HIGH,GPT,B1,060150::2024,True,False
HIGH,GPT,B1,060250::2024,True,False
HIGH,GPT,B1,060310::2024,True,False
HIGH,GPT,B1,060850::2024,True,False
HIGH,GPT,B1,061040::2024,True,False
HIGH,GPT,B1,062040::2024,True,False
HIGH,GPT,B1,062970::2024,True,False
HIGH,GPT,B1,063080::2024,True,False
HIGH,GPT,B1,064240::2024,True,False
HIGH,GPT,B1,064480::2024,True,False
HIGH,GPT,B1,065370::2024,True,False
HIGH,GPT,B1,065690::2024,True,False
HIGH,GPT,B1,066700::2024,True,False
HIGH,GPT,B1,066830::2024,True,False
HIGH,GPT,B1,067280::2024,True,False
HIGH,GPT,B1,067570::2024,False,True
HIGH,GPT,B1,067730::2024,True,False
HIGH,GPT,B1,068940::2024,True,False
HIGH,GPT,B1,069140::2024,True,False
HIGH,GPT,B1,069260::2024,True,False
HIGH,GPT,B1,069460::2024,True,False
HIGH,GPT,B1,069510::2024,True,False
HIGH,GPT,B1,071200::2024,True,False
HIGH,GPT,B1,071970::2024,True,False
HIGH,GPT,B1,072990::2024,True,False
HIGH,GPT,B1,073190::2024,True,False
HIGH,GPT,B1,073240::2024,True,False
HIGH,GPT,B1,075130::2024,True,False
HIGH,GPT,B1,078070::2024,True,False
HIGH,GPT,B1,078140::2024,True,False
HIGH,GPT,B1,078150::2024,True,False
HIGH,GPT,B1,079160::2024,True,False
HIGH,GPT,B1,079190::2024,True,False
HIGH,GPT,B1,079550::2024,True,False
HIGH,GPT,B1,079650::2024,True,False
HIGH,GPT,B1,079810::2024,True,False
HIGH,GPT,B1,079900::2024,True,False
HIGH,GPT,B1,079940::2024,True,False
HIGH,GPT,B1,079950::2024,True,False
HIGH,GPT,B1,079960::2024,True,False
HIGH,GPT,B1,079980::2024,True,False
HIGH,GPT,B1,080010::2024,True,False
HIGH,GPT,B1,080520::2024,True,False
HIGH,GPT,B1,080530::2024,True,False
HIGH,GPT,B1,081660::2024,True,False
HIGH,GPT,B1,083310::2024,True,False
HIGH,GPT,B1,083450::2024,True,False
HIGH,GPT,B1,083930::2024,True,False
HIGH,GPT,B1,084650::2024,True,False
HIGH,GPT,B1,085670::2024,True,False
HIGH,GPT,B1,086280::2024,True,False
HIGH,GPT,B1,086450::2024,True,False
HIGH,GPT,B1,086520::2024,True,False
HIGH,GPT,B1,086670::2024,True,False
HIGH,GPT,B1,086710::2024,True,False
HIGH,GPT,B1,086890::2024,True,False
HIGH,GPT,B1,087260::2024,True,False
HIGH,GPT,B1,087600::2024,True,False
HIGH,GPT,B1,088290::2024,True,False
HIGH,GPT,B1,088800::2024,True,False
HIGH,GPT,B1,089150::2024,True,False
HIGH,GPT,B1,089470::2024,True,False
HIGH,GPT,B1,089860::2024,True,False
HIGH,GPT,B1,089970::2024,True,False
HIGH,GPT,B1,089980::2024,True,False
HIGH,GPT,B1,090150::2024,True,False
HIGH,GPT,B1,090360::2024,True,False
HIGH,GPT,B1,090710::2024,True,False
HIGH,GPT,B1,091120::2024,False,True
HIGH,GPT,B1,091580::2024,True,False
HIGH,GPT,B1,091590::2024,True,False
HIGH,GPT,B1,091810::2024,True,False
HIGH,GPT,B1,092730::2024,True,False
HIGH,GPT,B1,092870::2024,True,False
HIGH,GPT,B1,093370::2024,True,False
HIGH,GPT,B1,094280::2024,True,False
HIGH,GPT,B1,094480::2024,True,False
HIGH,GPT,B1,094850::2024,True,False
HIGH,GPT,B1,094970::2024,True,False
HIGH,GPT,B1,095610::2024,True,False
HIGH,GPT,B1,095910::2024,True,False
HIGH,GPT,B1,096350::2024,True,False
HIGH,GPT,B1,096690::2024,True,False
HIGH,GPT,B1,099320::2024,True,False
HIGH,GPT,B1,099520::2024,True,False
HIGH,GPT,B1,099750::2024,True,False
HIGH,GPT,B1,100030::2024,True,False
HIGH,GPT,B1,100090::2024,True,False
HIGH,GPT,B1,100120::2024,True,False
HIGH,GPT,B1,100590::2024,True,False
HIGH,GPT,B1,101400::2024,True,False
HIGH,GPT,B1,101490::2024,True,False
HIGH,GPT,B1,101670::2024,True,False
HIGH,GPT,B1,102710::2024,True,False
HIGH,GPT,B1,102950::2024,True,False
HIGH,GPT,B1,104620::2024,True,False
HIGH,GPT,B1,104700::2024,True,False
HIGH,GPT,B1,104830::2024,True,False
HIGH,GPT,B1,105630::2024,True,False
HIGH,GPT,B1,105760::2024,True,False
HIGH,GPT,B1,105840::2024,True,False
HIGH,GPT,B1,106520::2024,True,False
HIGH,GPT,B1,108230::2024,True,False
HIGH,GPT,B1,108380::2024,True,False
HIGH,GPT,B1,109610::2024,True,False
HIGH,GPT,B1,109670::2024,True,False
HIGH,GPT,B1,109740::2024,True,False
HIGH,GPT,B1,109860::2024,True,False
HIGH,GPT,B1,110790::2024,True,False
HIGH,GPT,B1,110990::2024,True,False
HIGH,GPT,B1,111870::2024,True,False
HIGH,GPT,B1,114840::2024,True,False
HIGH,GPT,B1,115310::2024,True,False
HIGH,GPT,B1,115450::2024,True,False
HIGH,GPT,B1,119500::2024,True,False
HIGH,GPT,B1,119830::2024,True,False
HIGH,GPT,B1,120240::2024,True,False
HIGH,GPT,B1,121060::2024,True,False
HIGH,GPT,B1,121600::2024,True,False
HIGH,GPT,B1,122350::2024,True,False
HIGH,GPT,B1,122640::2024,True,False
HIGH,GPT,B1,123330::2024,True,False
HIGH,GPT,B1,123410::2024,True,False
HIGH,GPT,B1,123570::2024,True,False
HIGH,GPT,B1,123840::2024,True,False
HIGH,GPT,B1,124500::2024,True,False
HIGH,GPT,B1,124560::2024,True,False
HIGH,GPT,B1,126600::2024,True,False
HIGH,GPT,B1,126640::2024,True,False
HIGH,GPT,B1,126720::2024,True,False
HIGH,GPT,B1,126730::2024,True,False
HIGH,GPT,B1,128660::2024,True,False
HIGH,GPT,B1,128820::2024,True,False
HIGH,GPT,B1,129890::2024,True,False
HIGH,GPT,B1,130500::2024,True,False
HIGH,GPT,B1,131030::2024,True,False
HIGH,GPT,B1,131090::2024,True,False
HIGH,GPT,B1,131290::2024,True,False
HIGH,GPT,B1,131400::2024,True,False
HIGH,GPT,B1,136490::2024,True,False
HIGH,GPT,B1,136540::2024,True,False
HIGH,GPT,B1,137080::2024,True,False
HIGH,GPT,B1,138080::2024,True,False
HIGH,GPT,B1,138490::2024,True,False
HIGH,GPT,B1,140070::2024,True,False
HIGH,GPT,B1,140430::2024,True,False
HIGH,GPT,B1,140670::2024,True,False
HIGH,GPT,B1,141080::2024,True,False
HIGH,GPT,B1,142210::2024,True,False
HIGH,GPT,B1,146060::2024,True,False
HIGH,GPT,B1,146320::2024,True,False
HIGH,GPT,B1,147830::2024,True,False
HIGH,GPT,B1,149950::2024,True,False
HIGH,GPT,B1,155650::2024,True,False
HIGH,GPT,B1,161580::2024,True,False
HIGH,GPT,B1,162120::2024,True,False
HIGH,GPT,B1,163280::2024,True,False
HIGH,GPT,B1,163560::2024,True,False
HIGH,GPT,B1,163730::2024,True,False
HIGH,GPT,B1,166090::2024,True,False
HIGH,GPT,B1,169330::2024,True,False
HIGH,GPT,B1,170030::2024,True,False
HIGH,GPT,B1,171010::2024,True,False
HIGH,GPT,B1,172670::2024,True,False
HIGH,GPT,B1,174880::2024,True,False
HIGH,GPT,B1,175140::2024,True,False
HIGH,GPT,B1,183490::2024,True,False
HIGH,GPT,B1,184230::2024,True,False
HIGH,GPT,B1,185750::2024,True,False
HIGH,GPT,B1,186230::2024,True,False
HIGH,GPT,B1,187790::2024,True,False
HIGH,GPT,B1,189300::2024,True,False
HIGH,GPT,B1,191410::2024,True,False
HIGH,GPT,B1,192410::2024,True,False
HIGH,GPT,B1,194700::2024,True,False
HIGH,GPT,B1,196700::2024,True,False
HIGH,GPT,B1,197140::2024,True,False
HIGH,GPT,B1,198440::2024,True,False
HIGH,GPT,B1,199150::2024,True,False
HIGH,GPT,B1,199480::2024,True,False
HIGH,GPT,B1,200130::2024,True,False
HIGH,GPT,B1,200350::2024,True,False
HIGH,GPT,B1,200710::2024,True,False
HIGH,GPT,B1,200880::2024,True,False
HIGH,GPT,B1,203650::2024,True,False
HIGH,GPT,B1,204020::2024,True,False
HIGH,GPT,B1,206560::2024,True,False
HIGH,GPT,B1,208350::2024,True,False
HIGH,GPT,B1,209640::2024,True,False
HIGH,GPT,B1,210980::2024,True,False
HIGH,GPT,B1,212710::2024,True,False
HIGH,GPT,B1,214180::2024,True,False
HIGH,GPT,B1,214260::2024,True,False
HIGH,GPT,B1,214270::2024,True,False
HIGH,GPT,B1,214330::2024,True,False
HIGH,GPT,B1,215090::2024,True,False
HIGH,GPT,B1,215480::2024,True,False
HIGH,GPT,B1,215600::2024,True,False
HIGH,GPT,B1,217480::2024,True,False
HIGH,GPT,B1,217500::2024,True,False
HIGH,GPT,B1,218150::2024,True,False
HIGH,GPT,B1,219130::2024,True,False
HIGH,GPT,B1,219550::2024,True,False
HIGH,GPT,B1,220180::2024,True,False
HIGH,GPT,B1,220260::2024,True,False
HIGH,GPT,B1,221840::2024,True,False
HIGH,GPT,B1,222080::2024,True,False
HIGH,GPT,B1,222810::2024,True,False
HIGH,GPT,B1,222980::2024,True,False
HIGH,GPT,B1,223310::2024,True,False
HIGH,GPT,B1,224760::2024,True,False
HIGH,GPT,B1,225430::2024,False,True
HIGH,GPT,B1,232140::2024,True,False
HIGH,GPT,B1,234080::2024,True,False
HIGH,GPT,B1,234100::2024,True,False
HIGH,GPT,B1,236200::2024,True,False
HIGH,GPT,B1,237750::2024,True,False
HIGH,GPT,B1,238170::2024,True,False
HIGH,GPT,B1,238490::2024,True,False
HIGH,GPT,B1,239610::2024,True,False
HIGH,GPT,B1,240600::2024,True,False
HIGH,GPT,B1,241770::2024,True,False
HIGH,GPT,B1,244920::2024,True,False
HIGH,GPT,B1,247540::2024,True,False
HIGH,GPT,B1,250030::2024,True,False
HIGH,GPT,B1,250930::2024,True,False
HIGH,GPT,B1,251370::2024,True,False
HIGH,GPT,B1,251970::2024,True,False
HIGH,GPT,B1,252990::2024,True,False
HIGH,GPT,B1,253450::2024,True,False
HIGH,GPT,B1,253590::2024,True,False
HIGH,GPT,B1,254490::2024,True,False
HIGH,GPT,B1,255440::2024,True,False
HIGH,GPT,B1,256940::2024,True,False
HIGH,GPT,B1,258790::2024,True,False
HIGH,GPT,B1,259630::2024,True,False
HIGH,GPT,B1,262260::2024,True,False
HIGH,GPT,B1,263020::2024,True,False
HIGH,GPT,B1,263770::2024,True,False
HIGH,GPT,B1,263920::2024,True,False
HIGH,GPT,B1,264450::2024,True,False
HIGH,GPT,B1,265520::2024,True,False
HIGH,GPT,B1,265740::2024,True,False
HIGH,GPT,B1,267080::2024,True,False
HIGH,GPT,B1,267850::2024,True,False
HIGH,GPT,B1,269620::2024,True,False
HIGH,GPT,B1,270870::2024,True,False
HIGH,GPT,B1,271830::2024,True,False
HIGH,GPT,B1,272110::2024,True,False
HIGH,GPT,B1,275630::2024,True,False
HIGH,GPT,B1,277410::2024,True,False
HIGH,GPT,B1,277810::2024,False,True
HIGH,GPT,B1,281740::2024,True,False
HIGH,GPT,B1,281820::2024,True,False
HIGH,GPT,B1,282330::2024,True,False
HIGH,GPT,B1,288620::2024,True,False
HIGH,GPT,B1,289220::2024,True,False
HIGH,GPT,B1,290560::2024,True,False
HIGH,GPT,B1,290720::2024,True,False
HIGH,GPT,B1,294140::2024,True,False
HIGH,GPT,B1,294570::2024,True,False
HIGH,GPT,B1,297090::2024,True,False
HIGH,GPT,B1,297890::2024,True,False
HIGH,GPT,B1,298000::2024,True,False
HIGH,GPT,B1,298020::2024,True,False
HIGH,GPT,B1,298690::2024,True,False
HIGH,GPT,B1,298830::2024,True,False
HIGH,GPT,B1,299900::2024,True,False
HIGH,GPT,B1,302440::2024,True,False
HIGH,GPT,B1,303530::2024,True,False
HIGH,GPT,B1,306040::2024,True,False
HIGH,GPT,B1,307280::2024,True,False
HIGH,GPT,B1,307870::2024,True,False
HIGH,GPT,B1,307950::2024,True,False
HIGH,GPT,B1,308170::2024,True,False
HIGH,GPT,B1,310870::2024,True,False
HIGH,GPT,B1,311390::2024,True,False
HIGH,GPT,B1,314140::2024,True,False
HIGH,GPT,B1,317120::2024,True,False
HIGH,GPT,B1,317240::2024,True,False
HIGH,GPT,B1,317330::2024,True,False
HIGH,GPT,B1,317400::2024,True,False
HIGH,GPT,B1,317770::2024,True,False
HIGH,GPT,B1,317830::2024,True,False
HIGH,GPT,B1,317850::2024,True,False
HIGH,GPT,B1,318160::2024,True,False
HIGH,GPT,B1,319400::2024,True,False
HIGH,GPT,B1,320000::2024,True,False
HIGH,GPT,B1,321820::2024,True,False
HIGH,GPT,B1,328380::2024,True,False
HIGH,GPT,B1,332290::2024,True,False
HIGH,GPT,B1,332570::2024,True,False
HIGH,GPT,B1,333620::2024,True,False
HIGH,GPT,B1,335870::2024,True,False
HIGH,GPT,B1,339770::2024,True,False
HIGH,GPT,B1,347000::2024,True,False
HIGH,GPT,B1,348340::2024,True,False
HIGH,GPT,B1,352090::2024,True,False
HIGH,GPT,B1,352700::2024,True,False
HIGH,GPT,B1,353190::2024,True,False
HIGH,GPT,B1,353590::2024,True,False
HIGH,GPT,B1,354320::2024,True,False
HIGH,GPT,B1,354390::2024,True,False
HIGH,GPT,B1,355390::2024,True,False
HIGH,GPT,B1,357230::2024,True,False
HIGH,GPT,B1,357580::2024,True,False
HIGH,GPT,B1,360350::2024,True,False
HIGH,GPT,B1,362990::2024,True,False
HIGH,GPT,B1,368600::2024,True,False
HIGH,GPT,B1,370090::2024,True,False
HIGH,GPT,B1,372910::2024,True,False
HIGH,GPT,B1,373170::2024,True,False
HIGH,GPT,B1,373200::2024,True,False
HIGH,GPT,B1,377220::2024,True,False
HIGH,GPT,B1,378340::2024,True,False
HIGH,GPT,B1,381620::2024,True,False
HIGH,GPT,B1,382480::2024,True,False
HIGH,GPT,B1,382800::2024,True,False
HIGH,GPT,B1,382840::2024,True,False
HIGH,GPT,B1,383310::2024,True,False
HIGH,GPT,B1,388050::2024,False,True
HIGH,GPT,B1,389680::2024,False,True
HIGH,GPT,B1,391710::2024,True,False
HIGH,GPT,B1,393210::2024,True,False
HIGH,GPT,B1,398120::2024,True,False
HIGH,GPT,B1,399720::2024,True,False
HIGH,GPT,B1,403490::2024,True,False
HIGH,GPT,B1,406820::2024,True,False
HIGH,GPT,B1,415380::2024,True,False
HIGH,GPT,B1,417200::2024,True,False
HIGH,GPT,B1,419050::2024,True,False
HIGH,GPT,B1,419080::2024,True,False
HIGH,GPT,B1,419530::2024,True,False
HIGH,GPT,B1,420570::2024,True,False
HIGH,GPT,B1,430690::2024,True,False
HIGH,GPT,B1,432980::2024,True,False
HIGH,GPT,B1,439090::2024,True,False
HIGH,GPT,B1,439580::2024,True,False
HIGH,GPT,B1,444530::2024,True,False
HIGH,GPT,B1,448710::2024,True,False
HIGH,GPT,B1,450080::2024,True,False
HIGH,GPT,B1,450520::2024,True,False
HIGH,GPT,B1,451250::2024,False,True
HIGH,GPT,B1,452160::2024,True,False
HIGH,GPT,B1,452190::2024,True,False
HIGH,GPT,B1,452280::2024,True,False
HIGH,GPT,B1,456700::2024,True,False
HIGH,GPT,B1,457370::2024,True,False
HIGH,GPT,B1,457550::2024,True,False
HIGH,GPT,B1,457600::2024,True,False
HIGH,GPT,B1,460930::2024,True,False
HIGH,GPT,B1,469750::2024,True,False
HIGH,GPT,B1,475580::2024,True,False
HIGH,GPT,B1,475660::2024,True,False
HIGH,GPT,B1,476080::2024,True,False
HIGH,GPT,B1,478560::2024,True,False
HIGH,GPT,B1,479960::2024,True,False
HIGH,GPT,BINF,000020::2024,True,False
HIGH,GPT,BINF,000100::2024,True,False
HIGH,GPT,BINF,000250::2024,True,False
HIGH,GPT,BINF,000670::2024,True,False
HIGH,GPT,BINF,000680::2024,True,False
HIGH,GPT,BINF,000700::2024,True,False
HIGH,GPT,BINF,000860::2024,True,False
HIGH,GPT,BINF,000990::2024,True,False
HIGH,GPT,BINF,001060::2024,True,False
HIGH,GPT,BINF,001120::2024,True,False
HIGH,GPT,BINF,001210::2024,True,False
HIGH,GPT,BINF,001230::2024,True,False
HIGH,GPT,BINF,001340::2024,True,False
HIGH,GPT,BINF,001540::2024,True,False
HIGH,GPT,BINF,001560::2024,True,False
HIGH,GPT,BINF,001620::2024,False,True
HIGH,GPT,BINF,001740::2024,True,False
HIGH,GPT,BINF,001780::2024,True,False
HIGH,GPT,BINF,001940::2024,True,False
HIGH,GPT,BINF,002150::2024,True,False
HIGH,GPT,BINF,002240::2024,True,False
HIGH,GPT,BINF,002380::2024,True,False
HIGH,GPT,BINF,002410::2024,True,False
HIGH,GPT,BINF,002630::2024,True,False
HIGH,GPT,BINF,002690::2024,True,False
HIGH,GPT,BINF,002780::2024,True,False
HIGH,GPT,BINF,002900::2024,True,False
HIGH,GPT,BINF,002990::2024,True,False
HIGH,GPT,BINF,003010::2024,True,False
HIGH,GPT,BINF,003160::2024,True,False
HIGH,GPT,BINF,003220::2024,True,False
HIGH,GPT,BINF,003380::2024,True,False
HIGH,GPT,BINF,003800::2024,True,False
HIGH,GPT,BINF,003850::2024,True,False
HIGH,GPT,BINF,004090::2024,True,False
HIGH,GPT,BINF,004310::2024,True,False
HIGH,GPT,BINF,004430::2024,True,False
HIGH,GPT,BINF,004800::2024,True,False
HIGH,GPT,BINF,004840::2024,True,False
HIGH,GPT,BINF,005030::2024,True,False
HIGH,GPT,BINF,005160::2024,True,False
HIGH,GPT,BINF,005180::2024,True,False
HIGH,GPT,BINF,005320::2024,True,False
HIGH,GPT,BINF,005380::2024,True,False
HIGH,GPT,BINF,005430::2024,True,False
HIGH,GPT,BINF,005750::2024,False,True
HIGH,GPT,BINF,005820::2024,True,False
HIGH,GPT,BINF,005850::2024,True,False
HIGH,GPT,BINF,005870::2024,True,False
HIGH,GPT,BINF,005880::2024,True,False
HIGH,GPT,BINF,005950::2024,True,False
HIGH,GPT,BINF,005960::2024,True,False
HIGH,GPT,BINF,006140::2024,True,False
HIGH,GPT,BINF,006280::2024,True,False
HIGH,GPT,BINF,006490::2024,True,False
HIGH,GPT,BINF,006620::2024,True,False
HIGH,GPT,BINF,006890::2024,True,False
HIGH,GPT,BINF,007120::2024,True,False
HIGH,GPT,BINF,007390::2024,True,False
HIGH,GPT,BINF,007680::2024,True,False
HIGH,GPT,BINF,007770::2024,True,False
HIGH,GPT,BINF,007820::2024,True,False
HIGH,GPT,BINF,008040::2024,True,False
HIGH,GPT,BINF,008350::2024,True,False
HIGH,GPT,BINF,009180::2024,True,False
HIGH,GPT,BINF,009200::2024,True,False
HIGH,GPT,BINF,009310::2024,True,False
HIGH,GPT,BINF,009320::2024,True,False
HIGH,GPT,BINF,009450::2024,True,False
HIGH,GPT,BINF,009520::2024,True,False
HIGH,GPT,BINF,009540::2024,True,False
HIGH,GPT,BINF,009580::2024,True,False
HIGH,GPT,BINF,009620::2024,True,False
HIGH,GPT,BINF,010060::2024,True,False
HIGH,GPT,BINF,010130::2024,True,False
HIGH,GPT,BINF,010140::2024,True,False
HIGH,GPT,BINF,010170::2024,True,False
HIGH,GPT,BINF,010240::2024,True,False
HIGH,GPT,BINF,010280::2024,True,False
HIGH,GPT,BINF,010690::2024,True,False
HIGH,GPT,BINF,011040::2024,True,False
HIGH,GPT,BINF,011200::2024,True,False
HIGH,GPT,BINF,011230::2024,True,False
HIGH,GPT,BINF,011370::2024,True,False
HIGH,GPT,BINF,011420::2024,True,False
HIGH,GPT,BINF,011760::2024,True,False
HIGH,GPT,BINF,012330::2024,True,False
HIGH,GPT,BINF,012340::2024,True,False
HIGH,GPT,BINF,012510::2024,True,False
HIGH,GPT,BINF,012750::2024,True,False
HIGH,GPT,BINF,013030::2024,True,False
HIGH,GPT,BINF,013120::2024,True,False
HIGH,GPT,BINF,013360::2024,True,False
HIGH,GPT,BINF,013700::2024,True,False
HIGH,GPT,BINF,013720::2024,True,False
HIGH,GPT,BINF,013810::2024,True,False
HIGH,GPT,BINF,013870::2024,True,False
HIGH,GPT,BINF,014190::2024,True,False
HIGH,GPT,BINF,014200::2024,True,False
HIGH,GPT,BINF,014530::2024,True,False
HIGH,GPT,BINF,014580::2024,True,False
HIGH,GPT,BINF,014830::2024,True,False
HIGH,GPT,BINF,014970::2024,True,False
HIGH,GPT,BINF,015230::2024,True,False
HIGH,GPT,BINF,015710::2024,True,False
HIGH,GPT,BINF,015890::2024,True,False
HIGH,GPT,BINF,016100::2024,True,False
HIGH,GPT,BINF,016450::2024,True,False
HIGH,GPT,BINF,016740::2024,True,False
HIGH,GPT,BINF,016880::2024,True,False
HIGH,GPT,BINF,017000::2024,True,False
HIGH,GPT,BINF,017250::2024,True,False
HIGH,GPT,BINF,017390::2024,True,False
HIGH,GPT,BINF,017480::2024,True,False
HIGH,GPT,BINF,017550::2024,True,False
HIGH,GPT,BINF,017890::2024,True,False
HIGH,GPT,BINF,017960::2024,True,False
HIGH,GPT,BINF,018000::2024,True,False
HIGH,GPT,BINF,018290::2024,True,False
HIGH,GPT,BINF,018310::2024,True,False
HIGH,GPT,BINF,019540::2024,True,False
HIGH,GPT,BINF,021650::2024,True,False
HIGH,GPT,BINF,023350::2024,True,False
HIGH,GPT,BINF,023410::2024,True,False
HIGH,GPT,BINF,025540::2024,True,False
HIGH,GPT,BINF,025620::2024,True,False
HIGH,GPT,BINF,025900::2024,True,False
HIGH,GPT,BINF,026960::2024,True,False
HIGH,GPT,BINF,027050::2024,True,False
HIGH,GPT,BINF,028050::2024,True,False
HIGH,GPT,BINF,028100::2024,True,False
HIGH,GPT,BINF,028670::2024,True,False
HIGH,GPT,BINF,029460::2024,True,False
HIGH,GPT,BINF,029960::2024,True,False
HIGH,GPT,BINF,030530::2024,True,False
HIGH,GPT,BINF,030960::2024,True,False
HIGH,GPT,BINF,031310::2024,True,False
HIGH,GPT,BINF,031820::2024,True,False
HIGH,GPT,BINF,032080::2024,True,False
HIGH,GPT,BINF,032560::2024,True,False
HIGH,GPT,BINF,032620::2024,True,False
HIGH,GPT,BINF,032790::2024,True,False
HIGH,GPT,BINF,032940::2024,True,False
HIGH,GPT,BINF,033050::2024,True,False
HIGH,GPT,BINF,033100::2024,True,False
HIGH,GPT,BINF,033160::2024,True,False
HIGH,GPT,BINF,033200::2024,True,False
HIGH,GPT,BINF,033250::2024,True,False
HIGH,GPT,BINF,033320::2024,True,False
HIGH,GPT,BINF,033500::2024,True,False
HIGH,GPT,BINF,033530::2024,True,False
HIGH,GPT,BINF,033540::2024,True,False
HIGH,GPT,BINF,033640::2024,True,False
HIGH,GPT,BINF,033780::2024,True,False
HIGH,GPT,BINF,034230::2024,True,False
HIGH,GPT,BINF,035000::2024,True,False
HIGH,GPT,BINF,035150::2024,True,False
HIGH,GPT,BINF,035760::2024,True,False
HIGH,GPT,BINF,035890::2024,True,False
HIGH,GPT,BINF,036000::2024,True,False
HIGH,GPT,BINF,036010::2024,True,False
HIGH,GPT,BINF,036090::2024,True,False
HIGH,GPT,BINF,036170::2024,True,False
HIGH,GPT,BINF,036190::2024,True,False
HIGH,GPT,BINF,036200::2024,True,False
HIGH,GPT,BINF,036480::2024,True,False
HIGH,GPT,BINF,036540::2024,True,False
HIGH,GPT,BINF,036630::2024,True,False
HIGH,GPT,BINF,036930::2024,True,False
HIGH,GPT,BINF,037030::2024,True,False
HIGH,GPT,BINF,037070::2024,True,False
HIGH,GPT,BINF,038070::2024,True,False
HIGH,GPT,BINF,038110::2024,True,False
HIGH,GPT,BINF,038290::2024,True,False
HIGH,GPT,BINF,038540::2024,True,False
HIGH,GPT,BINF,038680::2024,True,False
HIGH,GPT,BINF,039010::2024,True,False
HIGH,GPT,BINF,039130::2024,True,False
HIGH,GPT,BINF,039310::2024,True,False
HIGH,GPT,BINF,040160::2024,True,False
HIGH,GPT,BINF,040910::2024,True,False
HIGH,GPT,BINF,041830::2024,True,False
HIGH,GPT,BINF,042000::2024,True,False
HIGH,GPT,BINF,042420::2024,True,False
HIGH,GPT,BINF,042510::2024,True,False
HIGH,GPT,BINF,042520::2024,True,False
HIGH,GPT,BINF,042660::2024,True,False
HIGH,GPT,BINF,043220::2024,True,False
HIGH,GPT,BINF,043910::2024,True,False
HIGH,GPT,BINF,044180::2024,True,False
HIGH,GPT,BINF,044340::2024,True,False
HIGH,GPT,BINF,044380::2024,True,False
HIGH,GPT,BINF,045060::2024,True,False
HIGH,GPT,BINF,045300::2024,True,False
HIGH,GPT,BINF,045660::2024,True,False
HIGH,GPT,BINF,046940::2024,True,False
HIGH,GPT,BINF,046970::2024,True,False
HIGH,GPT,BINF,047400::2024,True,False
HIGH,GPT,BINF,048430::2024,True,False
HIGH,GPT,BINF,048830::2024,True,False
HIGH,GPT,BINF,049180::2024,True,False
HIGH,GPT,BINF,049480::2024,True,False
HIGH,GPT,BINF,050760::2024,True,False
HIGH,GPT,BINF,051490::2024,True,False
HIGH,GPT,BINF,051600::2024,True,False
HIGH,GPT,BINF,052900::2024,True,False
HIGH,GPT,BINF,053060::2024,True,False
HIGH,GPT,BINF,053080::2024,True,False
HIGH,GPT,BINF,053260::2024,True,False
HIGH,GPT,BINF,053580::2024,True,False
HIGH,GPT,BINF,053700::2024,True,False
HIGH,GPT,BINF,054090::2024,True,False
HIGH,GPT,BINF,054540::2024,True,False
HIGH,GPT,BINF,054930::2024,True,False
HIGH,GPT,BINF,055490::2024,True,False
HIGH,GPT,BINF,056190::2024,True,False
HIGH,GPT,BINF,058730::2024,True,False
HIGH,GPT,BINF,059120::2024,True,False
HIGH,GPT,BINF,060150::2024,True,False
HIGH,GPT,BINF,060250::2024,True,False
HIGH,GPT,BINF,060310::2024,True,False
HIGH,GPT,BINF,060850::2024,True,False
HIGH,GPT,BINF,061040::2024,True,False
HIGH,GPT,BINF,062040::2024,True,False
HIGH,GPT,BINF,062970::2024,True,False
HIGH,GPT,BINF,063080::2024,True,False
HIGH,GPT,BINF,064240::2024,True,False
HIGH,GPT,BINF,064480::2024,True,False
HIGH,GPT,BINF,065370::2024,True,False
HIGH,GPT,BINF,065690::2024,True,False
HIGH,GPT,BINF,066700::2024,True,False
HIGH,GPT,BINF,066830::2024,True,False
HIGH,GPT,BINF,067280::2024,True,False
HIGH,GPT,BINF,067570::2024,True,False
HIGH,GPT,BINF,067730::2024,True,False
HIGH,GPT,BINF,068940::2024,True,False
HIGH,GPT,BINF,069140::2024,True,False
HIGH,GPT,BINF,069260::2024,True,False
HIGH,GPT,BINF,069460::2024,True,False
HIGH,GPT,BINF,069510::2024,True,False
HIGH,GPT,BINF,071200::2024,True,False
HIGH,GPT,BINF,071970::2024,True,False
HIGH,GPT,BINF,072990::2024,True,False
HIGH,GPT,BINF,073190::2024,True,False
HIGH,GPT,BINF,073240::2024,True,False
HIGH,GPT,BINF,075130::2024,True,False
HIGH,GPT,BINF,078070::2024,True,False
HIGH,GPT,BINF,078140::2024,False,True
HIGH,GPT,BINF,078150::2024,True,False
HIGH,GPT,BINF,079160::2024,True,False
HIGH,GPT,BINF,079190::2024,True,False
HIGH,GPT,BINF,079550::2024,True,False
HIGH,GPT,BINF,079650::2024,True,False
HIGH,GPT,BINF,079810::2024,True,False
HIGH,GPT,BINF,079900::2024,True,False
HIGH,GPT,BINF,079940::2024,True,False
HIGH,GPT,BINF,079950::2024,True,False
HIGH,GPT,BINF,079960::2024,True,False
HIGH,GPT,BINF,079980::2024,True,False
HIGH,GPT,BINF,080010::2024,True,False
HIGH,GPT,BINF,080520::2024,True,False
HIGH,GPT,BINF,080530::2024,True,False
HIGH,GPT,BINF,081660::2024,True,False
HIGH,GPT,BINF,083310::2024,True,False
HIGH,GPT,BINF,083450::2024,True,False
HIGH,GPT,BINF,083930::2024,True,False
HIGH,GPT,BINF,084650::2024,True,False
HIGH,GPT,BINF,085670::2024,True,False
HIGH,GPT,BINF,086280::2024,True,False
HIGH,GPT,BINF,086450::2024,True,False
HIGH,GPT,BINF,086520::2024,True,False
HIGH,GPT,BINF,086670::2024,True,False
HIGH,GPT,BINF,086710::2024,True,False
HIGH,GPT,BINF,086890::2024,True,False
HIGH,GPT,BINF,087260::2024,True,False
HIGH,GPT,BINF,087600::2024,True,False
HIGH,GPT,BINF,088290::2024,True,False
HIGH,GPT,BINF,088800::2024,True,False
HIGH,GPT,BINF,089150::2024,True,False
HIGH,GPT,BINF,089470::2024,True,False
HIGH,GPT,BINF,089860::2024,True,False
HIGH,GPT,BINF,089970::2024,True,False
HIGH,GPT,BINF,089980::2024,True,False
HIGH,GPT,BINF,090150::2024,True,False
HIGH,GPT,BINF,090360::2024,True,False
HIGH,GPT,BINF,090710::2024,True,False
HIGH,GPT,BINF,091120::2024,True,False
HIGH,GPT,BINF,091580::2024,True,False
HIGH,GPT,BINF,091590::2024,True,False
HIGH,GPT,BINF,091810::2024,True,False
HIGH,GPT,BINF,092730::2024,True,False
HIGH,GPT,BINF,092870::2024,True,False
HIGH,GPT,BINF,093370::2024,True,False
HIGH,GPT,BINF,094280::2024,True,False
HIGH,GPT,BINF,094480::2024,True,False
HIGH,GPT,BINF,094850::2024,True,False
HIGH,GPT,BINF,094970::2024,True,False
HIGH,GPT,BINF,095610::2024,True,False
HIGH,GPT,BINF,095910::2024,True,False
HIGH,GPT,BINF,096350::2024,True,False
HIGH,GPT,BINF,096690::2024,True,False
HIGH,GPT,BINF,099320::2024,True,False
HIGH,GPT,BINF,099520::2024,True,False
HIGH,GPT,BINF,099750::2024,True,False
HIGH,GPT,BINF,100030::2024,True,False
HIGH,GPT,BINF,100090::2024,True,False
HIGH,GPT,BINF,100120::2024,True,False
HIGH,GPT,BINF,100590::2024,True,False
HIGH,GPT,BINF,101400::2024,True,False
HIGH,GPT,BINF,101490::2024,True,False
HIGH,GPT,BINF,101670::2024,True,False
HIGH,GPT,BINF,102710::2024,True,False
HIGH,GPT,BINF,102950::2024,True,False
HIGH,GPT,BINF,104620::2024,True,False
HIGH,GPT,BINF,104700::2024,True,False
HIGH,GPT,BINF,104830::2024,False,True
HIGH,GPT,BINF,105630::2024,True,False
HIGH,GPT,BINF,105760::2024,True,False
HIGH,GPT,BINF,105840::2024,True,False
HIGH,GPT,BINF,106520::2024,True,False
HIGH,GPT,BINF,108230::2024,True,False
HIGH,GPT,BINF,108380::2024,True,False
HIGH,GPT,BINF,109610::2024,True,False
HIGH,GPT,BINF,109670::2024,True,False
HIGH,GPT,BINF,109740::2024,True,False
HIGH,GPT,BINF,109860::2024,True,False
HIGH,GPT,BINF,110790::2024,True,False
HIGH,GPT,BINF,110990::2024,True,False
HIGH,GPT,BINF,111870::2024,True,False
HIGH,GPT,BINF,114840::2024,True,False
HIGH,GPT,BINF,115310::2024,True,False
HIGH,GPT,BINF,115450::2024,True,False
HIGH,GPT,BINF,119500::2024,True,False
HIGH,GPT,BINF,119830::2024,True,False
HIGH,GPT,BINF,120240::2024,True,False
HIGH,GPT,BINF,121060::2024,True,False
HIGH,GPT,BINF,121600::2024,True,False
HIGH,GPT,BINF,122350::2024,True,False
HIGH,GPT,BINF,122640::2024,True,False
HIGH,GPT,BINF,123330::2024,True,False
HIGH,GPT,BINF,123410::2024,True,False
HIGH,GPT,BINF,123570::2024,True,False
HIGH,GPT,BINF,123840::2024,True,False
HIGH,GPT,BINF,124500::2024,True,False
HIGH,GPT,BINF,124560::2024,True,False
HIGH,GPT,BINF,126600::2024,True,False
HIGH,GPT,BINF,126640::2024,True,False
HIGH,GPT,BINF,126720::2024,True,False
HIGH,GPT,BINF,126730::2024,True,False
HIGH,GPT,BINF,128660::2024,True,False
HIGH,GPT,BINF,128820::2024,True,False
HIGH,GPT,BINF,129890::2024,True,False
HIGH,GPT,BINF,130500::2024,True,False
HIGH,GPT,BINF,131030::2024,True,False
HIGH,GPT,BINF,131090::2024,True,False
HIGH,GPT,BINF,131290::2024,True,False
HIGH,GPT,BINF,131400::2024,True,False
HIGH,GPT,BINF,136490::2024,True,False
HIGH,GPT,BINF,136540::2024,True,False
HIGH,GPT,BINF,137080::2024,True,False
HIGH,GPT,BINF,138080::2024,True,False
HIGH,GPT,BINF,138490::2024,True,False
HIGH,GPT,BINF,140070::2024,True,False
HIGH,GPT,BINF,140430::2024,True,False
HIGH,GPT,BINF,140670::2024,True,False
HIGH,GPT,BINF,141080::2024,True,False
HIGH,GPT,BINF,142210::2024,True,False
HIGH,GPT,BINF,146060::2024,True,False
HIGH,GPT,BINF,146320::2024,True,False
HIGH,GPT,BINF,147830::2024,True,False
HIGH,GPT,BINF,149950::2024,True,False
HIGH,GPT,BINF,155650::2024,True,False
HIGH,GPT,BINF,161580::2024,True,False
HIGH,GPT,BINF,162120::2024,True,False
HIGH,GPT,BINF,163280::2024,True,False
HIGH,GPT,BINF,163560::2024,True,False
HIGH,GPT,BINF,163730::2024,True,False
HIGH,GPT,BINF,166090::2024,True,False
HIGH,GPT,BINF,169330::2024,True,False
HIGH,GPT,BINF,170030::2024,True,False
HIGH,GPT,BINF,171010::2024,True,False
HIGH,GPT,BINF,172670::2024,True,False
HIGH,GPT,BINF,174880::2024,True,False
HIGH,GPT,BINF,175140::2024,True,False
HIGH,GPT,BINF,183490::2024,True,False
HIGH,GPT,BINF,184230::2024,True,False
HIGH,GPT,BINF,185750::2024,True,False
HIGH,GPT,BINF,186230::2024,True,False
HIGH,GPT,BINF,187790::2024,True,False
HIGH,GPT,BINF,189300::2024,True,False
HIGH,GPT,BINF,191410::2024,True,False
HIGH,GPT,BINF,192410::2024,True,False
HIGH,GPT,BINF,194700::2024,True,False
HIGH,GPT,BINF,196700::2024,True,False
HIGH,GPT,BINF,197140::2024,True,False
HIGH,GPT,BINF,198440::2024,True,False
HIGH,GPT,BINF,199150::2024,True,False
HIGH,GPT,BINF,199480::2024,True,False
HIGH,GPT,BINF,200130::2024,True,False
HIGH,GPT,BINF,200350::2024,True,False
HIGH,GPT,BINF,200710::2024,True,False
HIGH,GPT,BINF,200880::2024,True,False
HIGH,GPT,BINF,203650::2024,True,False
HIGH,GPT,BINF,204020::2024,True,False
HIGH,GPT,BINF,206560::2024,True,False
HIGH,GPT,BINF,208350::2024,True,False
HIGH,GPT,BINF,209640::2024,True,False
HIGH,GPT,BINF,210980::2024,True,False
HIGH,GPT,BINF,212710::2024,True,False
HIGH,GPT,BINF,214180::2024,True,False
HIGH,GPT,BINF,214260::2024,True,False
HIGH,GPT,BINF,214270::2024,True,False
HIGH,GPT,BINF,214330::2024,True,False
HIGH,GPT,BINF,215090::2024,True,False
HIGH,GPT,BINF,215480::2024,True,False
HIGH,GPT,BINF,215600::2024,True,False
HIGH,GPT,BINF,217480::2024,True,False
HIGH,GPT,BINF,217500::2024,True,False
HIGH,GPT,BINF,218150::2024,True,False
HIGH,GPT,BINF,219130::2024,True,False
HIGH,GPT,BINF,219550::2024,True,False
HIGH,GPT,BINF,220180::2024,True,False
HIGH,GPT,BINF,220260::2024,True,False
HIGH,GPT,BINF,221840::2024,True,False
HIGH,GPT,BINF,222080::2024,True,False
HIGH,GPT,BINF,222810::2024,True,False
HIGH,GPT,BINF,222980::2024,True,False
HIGH,GPT,BINF,223310::2024,True,False
HIGH,GPT,BINF,224760::2024,True,False
HIGH,GPT,BINF,225430::2024,True,False
HIGH,GPT,BINF,232140::2024,True,False
HIGH,GPT,BINF,234080::2024,False,True
HIGH,GPT,BINF,234100::2024,True,False
HIGH,GPT,BINF,236200::2024,True,False
HIGH,GPT,BINF,237750::2024,True,False
HIGH,GPT,BINF,238170::2024,True,False
HIGH,GPT,BINF,238490::2024,True,False
HIGH,GPT,BINF,239610::2024,True,False
HIGH,GPT,BINF,240600::2024,True,False
HIGH,GPT,BINF,241770::2024,True,False
HIGH,GPT,BINF,244920::2024,True,False
HIGH,GPT,BINF,247540::2024,True,False
HIGH,GPT,BINF,250030::2024,True,False
HIGH,GPT,BINF,250930::2024,True,False
HIGH,GPT,BINF,251370::2024,True,False
HIGH,GPT,BINF,251970::2024,True,False
HIGH,GPT,BINF,252990::2024,True,False
HIGH,GPT,BINF,253450::2024,True,False
HIGH,GPT,BINF,253590::2024,True,False
HIGH,GPT,BINF,254490::2024,True,False
HIGH,GPT,BINF,255440::2024,True,False
HIGH,GPT,BINF,256940::2024,True,False
HIGH,GPT,BINF,258790::2024,True,False
HIGH,GPT,BINF,259630::2024,True,False
HIGH,GPT,BINF,262260::2024,True,False
HIGH,GPT,BINF,263020::2024,True,False
HIGH,GPT,BINF,263770::2024,True,False
HIGH,GPT,BINF,263920::2024,True,False
HIGH,GPT,BINF,264450::2024,True,False
HIGH,GPT,BINF,265520::2024,True,False
HIGH,GPT,BINF,265740::2024,True,False
HIGH,GPT,BINF,267080::2024,True,False
HIGH,GPT,BINF,267850::2024,True,False
HIGH,GPT,BINF,269620::2024,True,False
HIGH,GPT,BINF,270870::2024,True,False
HIGH,GPT,BINF,271830::2024,True,False
HIGH,GPT,BINF,272110::2024,True,False
HIGH,GPT,BINF,275630::2024,True,False
HIGH,GPT,BINF,277410::2024,True,False
HIGH,GPT,BINF,277810::2024,True,False
HIGH,GPT,BINF,281740::2024,True,False
HIGH,GPT,BINF,281820::2024,True,False
HIGH,GPT,BINF,282330::2024,True,False
HIGH,GPT,BINF,288620::2024,True,False
HIGH,GPT,BINF,289220::2024,True,False
HIGH,GPT,BINF,290560::2024,True,False
HIGH,GPT,BINF,290720::2024,True,False
HIGH,GPT,BINF,294140::2024,True,False
HIGH,GPT,BINF,294570::2024,True,False
HIGH,GPT,BINF,297090::2024,True,False
HIGH,GPT,BINF,297890::2024,True,False
HIGH,GPT,BINF,298000::2024,True,False
HIGH,GPT,BINF,298020::2024,True,False
HIGH,GPT,BINF,298690::2024,True,False
HIGH,GPT,BINF,298830::2024,True,False
HIGH,GPT,BINF,299900::2024,True,False
HIGH,GPT,BINF,302440::2024,True,False
HIGH,GPT,BINF,303530::2024,True,False
HIGH,GPT,BINF,306040::2024,True,False
HIGH,GPT,BINF,307280::2024,True,False
HIGH,GPT,BINF,307870::2024,True,False
HIGH,GPT,BINF,307950::2024,True,False
HIGH,GPT,BINF,308170::2024,True,False
HIGH,GPT,BINF,310870::2024,True,False
HIGH,GPT,BINF,311390::2024,True,False
HIGH,GPT,BINF,314140::2024,True,False
HIGH,GPT,BINF,317120::2024,True,False
HIGH,GPT,BINF,317240::2024,True,False
HIGH,GPT,BINF,317330::2024,True,False
HIGH,GPT,BINF,317400::2024,True,False
HIGH,GPT,BINF,317770::2024,True,False
HIGH,GPT,BINF,317830::2024,True,False
HIGH,GPT,BINF,317850::2024,True,False
HIGH,GPT,BINF,318160::2024,True,False
HIGH,GPT,BINF,319400::2024,True,False
HIGH,GPT,BINF,320000::2024,True,False
HIGH,GPT,BINF,321820::2024,True,False
HIGH,GPT,BINF,328380::2024,True,False
HIGH,GPT,BINF,332290::2024,True,False
HIGH,GPT,BINF,332570::2024,True,False
HIGH,GPT,BINF,333620::2024,True,False
HIGH,GPT,BINF,335870::2024,True,False
HIGH,GPT,BINF,339770::2024,True,False
HIGH,GPT,BINF,347000::2024,True,False
HIGH,GPT,BINF,348340::2024,True,False
HIGH,GPT,BINF,352090::2024,True,False
HIGH,GPT,BINF,352700::2024,True,False
HIGH,GPT,BINF,353190::2024,True,False
HIGH,GPT,BINF,353590::2024,True,False
HIGH,GPT,BINF,354320::2024,True,False
HIGH,GPT,BINF,354390::2024,True,False
HIGH,GPT,BINF,355390::2024,True,False
HIGH,GPT,BINF,357230::2024,True,False
HIGH,GPT,BINF,357580::2024,True,False
HIGH,GPT,BINF,360350::2024,True,False
HIGH,GPT,BINF,362990::2024,True,False
HIGH,GPT,BINF,368600::2024,True,False
HIGH,GPT,BINF,370090::2024,True,False
HIGH,GPT,BINF,372910::2024,True,False
HIGH,GPT,BINF,373170::2024,True,False
HIGH,GPT,BINF,373200::2024,True,False
HIGH,GPT,BINF,377220::2024,True,False
HIGH,GPT,BINF,378340::2024,True,False
HIGH,GPT,BINF,381620::2024,True,False
HIGH,GPT,BINF,382480::2024,True,False
HIGH,GPT,BINF,382800::2024,True,False
HIGH,GPT,BINF,382840::2024,True,False
HIGH,GPT,BINF,383310::2024,True,False
HIGH,GPT,BINF,388050::2024,True,False
HIGH,GPT,BINF,389680::2024,False,True
HIGH,GPT,BINF,391710::2024,True,False
HIGH,GPT,BINF,393210::2024,True,False
HIGH,GPT,BINF,398120::2024,True,False
HIGH,GPT,BINF,399720::2024,True,False
HIGH,GPT,BINF,403490::2024,True,False
HIGH,GPT,BINF,406820::2024,True,False
HIGH,GPT,BINF,415380::2024,True,False
HIGH,GPT,BINF,417200::2024,True,False
HIGH,GPT,BINF,419050::2024,True,False
HIGH,GPT,BINF,419080::2024,True,False
HIGH,GPT,BINF,419530::2024,True,False
HIGH,GPT,BINF,420570::2024,True,False
HIGH,GPT,BINF,430690::2024,True,False
HIGH,GPT,BINF,432980::2024,True,False
HIGH,GPT,BINF,439090::2024,True,False
HIGH,GPT,BINF,439580::2024,True,False
HIGH,GPT,BINF,444530::2024,True,False
HIGH,GPT,BINF,448710::2024,True,False
HIGH,GPT,BINF,450080::2024,True,False
HIGH,GPT,BINF,450520::2024,True,False
HIGH,GPT,BINF,451250::2024,False,True
HIGH,GPT,BINF,452160::2024,True,False
HIGH,GPT,BINF,452190::2024,True,False
HIGH,GPT,BINF,452280::2024,True,False
HIGH,GPT,BINF,456700::2024,True,False
HIGH,GPT,BINF,457370::2024,True,False
HIGH,GPT,BINF,457550::2024,True,False
HIGH,GPT,BINF,457600::2024,True,False
HIGH,GPT,BINF,460930::2024,True,False
HIGH,GPT,BINF,469750::2024,True,False
HIGH,GPT,BINF,475580::2024,True,False
HIGH,GPT,BINF,475660::2024,True,False
HIGH,GPT,BINF,476080::2024,True,False
HIGH,GPT,BINF,478560::2024,True,False
HIGH,GPT,BINF,479960::2024,True,False
