analysis_id,key_json,key_sha256,seed_uint64,model,oracle,reasoning_regime,execution_policy,replicate,population,action_space,budget,information_condition,lhs,rhs,N,estimate,ci_low,ci_high,n_lt_zero,n_eq_zero,n_gt_zero,raw_p,bootstrap_draw_sha256,holm_family_id,statistical_path,holm_p,reject_05
SUPPLEMENTAL_HISTORICAL_ROW,"{""action_space"":""CANDIDATE9"",""analysis_id"":""SUPPLEMENTAL_HISTORICAL_ROW"",""budget"":""B1"",""execution_policy"":""REPAIRED"",""information_condition"":""IC-b"",""lhs"":""C4R"",""model"":""GEMINI"",""oracle"":""alpha"",""population"":""ITT"",""reasoning_regime"":""BASELINE"",""replicate"":""RUN1"",""rhs"":""C4""}",c4e5fc68c0baa2bfa149e62f8430b4f9b585343aad06c2f94e1267b19e7a91c6,14188023727940870847,GEMINI,ALPHA,BASELINE,REPAIRED,1,ITT,CANDIDATE9,B1,IC-b,C4R,C4,575,-0.0389563679018802,-0.0858606730366859,0.0030157709605704,9649,0,351,0.0703929607039296,852d5b4ba10dfc99f1ce436cf2cf68767835e918e5d0b64d3abe90c4c998882e,REPAIRED_SUPPLEMENTAL,V13_SUPPLEMENTAL_SHA256_STREAM,1.0,False
SUPPLEMENTAL_HISTORICAL_ROW,"{""action_space"":""CANDIDATE9"",""analysis_id"":""SUPPLEMENTAL_HISTORICAL_ROW"",""budget"":""B1"",""execution_policy"":""REPAIRED"",""information_condition"":""IC-b"",""lhs"":""C4R"",""model"":""GEMINI"",""oracle"":""beta"",""population"":""ITT"",""reasoning_regime"":""BASELINE"",""replicate"":""RUN1"",""rhs"":""C4""}",d535c2c5cdf3c233e115ef197813557c14d0d3d71a387f2d0f7cb2b71a0558b1,15363399858663965235,GEMINI,BETA,BASELINE,REPAIRED,1,ITT,CANDIDATE9,B1,IC-b,C4R,C4,575,-0.02049837693259,-0.0348896727061932,-0.0096320040005459,10000,0,0,0.0001999800019998,61485acb1bf2448bc1208a57185510c36d43797bedebf127cd6eb1574f9495c0,REPAIRED_SUPPLEMENTAL,V13_SUPPLEMENTAL_SHA256_STREAM,0.023997600239976002,True
SUPPLEMENTAL_HISTORICAL_ROW,"{""action_space"":""CANDIDATE9"",""analysis_id"":""SUPPLEMENTAL_HISTORICAL_ROW"",""budget"":""B1"",""execution_policy"":""REPAIRED"",""information_condition"":""IC-b"",""lhs"":""C4R"",""model"":""GEMINI"",""oracle"":""gamma"",""population"":""ITT"",""reasoning_regime"":""BASELINE"",""replicate"":""RUN1"",""rhs"":""C4""}",008559ecf553deb3c7302d3902d5b738f5f02324781c1c5355dd594875c7aa13,37535046165585587,GEMINI,GAMMA,BASELINE,REPAIRED,1,ITT,CANDIDATE9,B1,IC-b,C4R,C4,575,-0.0130183556974263,-0.0336475910686204,0.0056433807128993,9114,0,886,0.1773822617738226,23b878649b5255a2b2a4fb615b57a47dbf66af6c7d2c2c94388b9053ff12bbdd,REPAIRED_SUPPLEMENTAL,V13_SUPPLEMENTAL_SHA256_STREAM,1.0,False
SUPPLEMENTAL_HISTORICAL_ROW,"{""action_space"":""CANDIDATE9"",""analysis_id"":""SUPPLEMENTAL_HISTORICAL_ROW"",""budget"":""B1"",""execution_policy"":""REPAIRED"",""information_condition"":""IC-b"",""lhs"":""C6-E"",""model"":""GEMINI"",""oracle"":""alpha"",""population"":""ITT"",""reasoning_regime"":""BASELINE"",""replicate"":""RUN1"",""rhs"":""C4R""}",3135e4c84cf5195a8cba9124187e0b68dc45b3cfaff50b7b495b128764d95305,3545991830559856986,GEMINI,ALPHA,BASELINE,REPAIRED,1,ITT,CANDIDATE9,B1,IC-b,C6-E,C4R,575,0.043963715540386,-0.0035519247865545,0.0934985270338258,344,0,9656,0.068993100689931,2eae926f443587033b56823d1b9e971fa6f5a011378444392714d754d32e29d9,REPAIRED_SUPPLEMENTAL,V13_SUPPLEMENTAL_SHA256_STREAM,1.0,False
SUPPLEMENTAL_HISTORICAL_ROW,"{""action_space"":""CANDIDATE9"",""analysis_id"":""SUPPLEMENTAL_HISTORICAL_ROW"",""budget"":""B1"",""execution_policy"":""REPAIRED"",""information_condition"":""IC-b"",""lhs"":""C6-E"",""model"":""GEMINI"",""oracle"":""beta"",""population"":""ITT"",""reasoning_regime"":""BASELINE"",""replicate"":""RUN1"",""rhs"":""C4R""}",db32c393de2e2a3cb3105526b60e2695079aafa327ab8e2a5a83bd8a0a383f87,15794901882996927036,GEMINI,BETA,BASELINE,REPAIRED,1,ITT,CANDIDATE9,B1,IC-b,C6-E,C4R,575,0.0070278699012458,-0.0125152057596574,0.0259801223010484,2267,0,7733,0.4535546445355464,1e7a7c5d8c0a415235aafb44c9a6c6d1029cc43bf2fd2635e84084768e36f746,REPAIRED_SUPPLEMENTAL,V13_SUPPLEMENTAL_SHA256_STREAM,1.0,False
SUPPLEMENTAL_HISTORICAL_ROW,"{""action_space"":""CANDIDATE9"",""analysis_id"":""SUPPLEMENTAL_HISTORICAL_ROW"",""budget"":""B1"",""execution_policy"":""REPAIRED"",""information_condition"":""IC-b"",""lhs"":""C6-E"",""model"":""GEMINI"",""oracle"":""gamma"",""population"":""ITT"",""reasoning_regime"":""BASELINE"",""replicate"":""RUN1"",""rhs"":""C4R""}",22c75f4cfc3d55ec5fd3d8808478f9b0066b65e1692dee6fd734d095ac2c4a71,2506076501909001708,GEMINI,GAMMA,BASELINE,REPAIRED,1,ITT,CANDIDATE9,B1,IC-b,C6-E,C4R,575,0.0310977764226662,0.0091762274134813,0.0545972486966723,21,0,9979,0.0043995600439956,8b0c4944b768992fa0983728cfb753a292d8c471105f86f5ea9c940338103fc9,REPAIRED_SUPPLEMENTAL,V13_SUPPLEMENTAL_SHA256_STREAM,0.395960403959604,False
SUPPLEMENTAL_HISTORICAL_ROW,"{""action_space"":""CANDIDATE9"",""analysis_id"":""SUPPLEMENTAL_HISTORICAL_ROW"",""budget"":""B1"",""execution_policy"":""REPAIRED"",""information_condition"":""IC-b"",""lhs"":""C4R"",""model"":""GPT"",""oracle"":""alpha"",""population"":""ITT"",""reasoning_regime"":""BASELINE"",""replicate"":""RUN1"",""rhs"":""C4""}",7f61bea8ca15ca6cf8b9d2b5667a1143cc5b461f04177cfe0f6ac444b8f1f84b,9178827147711990380,GPT,ALPHA,BASELINE,REPAIRED,1,ITT,CANDIDATE9,B1,IC-b,C4R,C4,575,0.0018226514987759,-0.0101996682089023,0.0120562728901575,3504,31,6465,0.7071292870712929,30ae5b7d7f639a692074e04f07646909342f94b7b1eb44cc4d9028e16dd87690,REPAIRED_SUPPLEMENTAL,V13_SUPPLEMENTAL_SHA256_STREAM,1.0,False
SUPPLEMENTAL_HISTORICAL_ROW,"{""action_space"":""CANDIDATE9"",""analysis_id"":""SUPPLEMENTAL_HISTORICAL_ROW"",""budget"":""B1"",""execution_policy"":""REPAIRED"",""information_condition"":""IC-b"",""lhs"":""C4R"",""model"":""GPT"",""oracle"":""beta"",""population"":""ITT"",""reasoning_regime"":""BASELINE"",""replicate"":""RUN1"",""rhs"":""C4""}",8bf27684dcfb0d2c8889d33afe3d72ab055991e1df747b0a9f4ff6fb7877a9be,10084252828651162924,GPT,BETA,BASELINE,REPAIRED,1,ITT,CANDIDATE9,B1,IC-b,C4R,C4,575,0.0003507831884494,-0.0123007689011555,0.0098035898719802,4343,0,5657,0.8687131286871312,ca0acf2cc2520be98a4da1b6aec09683c015120b93fedff3021fbfd54aff0816,REPAIRED_SUPPLEMENTAL,V13_SUPPLEMENTAL_SHA256_STREAM,1.0,False
SUPPLEMENTAL_HISTORICAL_ROW,"{""action_space"":""CANDIDATE9"",""analysis_id"":""SUPPLEMENTAL_HISTORICAL_ROW"",""budget"":""B1"",""execution_policy"":""REPAIRED"",""information_condition"":""IC-b"",""lhs"":""C4R"",""model"":""GPT"",""oracle"":""gamma"",""population"":""ITT"",""reasoning_regime"":""BASELINE"",""replicate"":""RUN1"",""rhs"":""C4""}",7985902850fba3c9c4347d4313358c9b196a7e030f71acba93a1d2f4ab37bd8f,8756563553323557833,GPT,GAMMA,BASELINE,REPAIRED,1,ITT,CANDIDATE9,B1,IC-b,C4R,C4,575,-0.0029803903579632,-0.0087972466450755,0.0022188258123162,8637,1,1362,0.2727727227277272,a863777bffa916439c4e37d709476e4a3d3793d0958d301b8b971f8e0092af30,REPAIRED_SUPPLEMENTAL,V13_SUPPLEMENTAL_SHA256_STREAM,1.0,False
SUPPLEMENTAL_HISTORICAL_ROW,"{""action_space"":""CANDIDATE9"",""analysis_id"":""SUPPLEMENTAL_HISTORICAL_ROW"",""budget"":""B1"",""execution_policy"":""REPAIRED"",""information_condition"":""IC-b"",""lhs"":""C6-E"",""model"":""GPT"",""oracle"":""alpha"",""population"":""ITT"",""reasoning_regime"":""BASELINE"",""replicate"":""RUN1"",""rhs"":""C4R""}",ae010d6129153aa1694289d4d41ca1afd777d0d7da76ab26cc9f59826304a684,12538317548528417441,GPT,ALPHA,BASELINE,REPAIRED,1,ITT,CANDIDATE9,B1,IC-b,C6-E,C4R,575,0.1096601216094353,0.0455031655425028,0.1761502070583786,2,0,9998,0.0005999400059994,1611f454058a055810a246ed58bcbd781a02936cae5b5d3fd62997e83fcc61cf,REPAIRED_SUPPLEMENTAL,V13_SUPPLEMENTAL_SHA256_STREAM,0.05999400059993999,False
SUPPLEMENTAL_HISTORICAL_ROW,"{""action_space"":""CANDIDATE9"",""analysis_id"":""SUPPLEMENTAL_HISTORICAL_ROW"",""budget"":""B1"",""execution_policy"":""REPAIRED"",""information_condition"":""IC-b"",""lhs"":""C6-E"",""model"":""GPT"",""oracle"":""beta"",""population"":""ITT"",""reasoning_regime"":""BASELINE"",""replicate"":""RUN1"",""rhs"":""C4R""}",c829ac5d745ec15c0f9b338e5e1ad47100a85b87f1f63494c9714dc1e9504270,14423248799015027036,GPT,BETA,BASELINE,REPAIRED,1,ITT,CANDIDATE9,B1,IC-b,C6-E,C4R,575,0.022674531179644,0.0042509700924505,0.042404483039037,78,0,9922,0.0157984201579842,d4e2d33779b4f50ba9d868bb8c965a8fba0a1c8efc630064a6b111d1520bccaf,REPAIRED_SUPPLEMENTAL,V13_SUPPLEMENTAL_SHA256_STREAM,1.0,False
SUPPLEMENTAL_HISTORICAL_ROW,"{""action_space"":""CANDIDATE9"",""analysis_id"":""SUPPLEMENTAL_HISTORICAL_ROW"",""budget"":""B1"",""execution_policy"":""REPAIRED"",""information_condition"":""IC-b"",""lhs"":""C6-E"",""model"":""GPT"",""oracle"":""gamma"",""population"":""ITT"",""reasoning_regime"":""BASELINE"",""replicate"":""RUN1"",""rhs"":""C4R""}",4b4b967cd40408114f6b4a691dde2f89fe062f47ade7d0b512650160d8fc7ba8,5425595638975039505,GPT,GAMMA,BASELINE,REPAIRED,1,ITT,CANDIDATE9,B1,IC-b,C6-E,C4R,575,0.0261748705221125,0.0001702578933036,0.0531522715119128,243,0,9757,0.0487951204879512,35582875fe870b95375c97fa13ce5fbb67fcb4ab93b6198725844b73acd21e84,REPAIRED_SUPPLEMENTAL,V13_SUPPLEMENTAL_SHA256_STREAM,1.0,False
SUPPLEMENTAL_HISTORICAL_ROW,"{""action_space"":""FREE8"",""analysis_id"":""SUPPLEMENTAL_HISTORICAL_ROW"",""budget"":""B1"",""execution_policy"":""REPAIRED"",""information_condition"":""IC-b"",""lhs"":""C4R"",""model"":""GEMINI"",""oracle"":""alpha"",""population"":""ITT"",""reasoning_regime"":""BASELINE"",""replicate"":""RUN1"",""rhs"":""C4""}",38dc47137266652b663391c60cdbfae7c9af2968562c6f658ccb79062cf6100f,4097227909849572651,GEMINI,ALPHA,BASELINE,REPAIRED,1,ITT,FREE8,B1,IC-b,C4R,C4,575,-0.0108917251044902,-0.036122078955836,0.0143469558995201,8056,0,1944,0.388961103889611,0597057edb83f284c0ad4e075600ea894c8519483e2e719aa92370eeea061a31,REPAIRED_SUPPLEMENTAL,V13_SUPPLEMENTAL_SHA256_STREAM,1.0,False
SUPPLEMENTAL_HISTORICAL_ROW,"{""action_space"":""FREE8"",""analysis_id"":""SUPPLEMENTAL_HISTORICAL_ROW"",""budget"":""B1"",""execution_policy"":""REPAIRED"",""information_condition"":""IC-b"",""lhs"":""C4R"",""model"":""GEMINI"",""oracle"":""beta"",""population"":""ITT"",""reasoning_regime"":""BASELINE"",""replicate"":""RUN1"",""rhs"":""C4""}",c361e51ecb128e5984f8108a3b200ed54945673c3dad57200591a33a78a12d2b,14078785830555651673,GEMINI,BETA,BASELINE,REPAIRED,1,ITT,FREE8,B1,IC-b,C4R,C4,575,-0.0002686895483569,-0.003512294698698,0.0028319470904507,5660,0,4340,0.8681131886811319,f17d12e1abc44529cceeffb90708dc5d084a92a9b51af2ffd30e91bb29d0b3e4,REPAIRED_SUPPLEMENTAL,V13_SUPPLEMENTAL_SHA256_STREAM,1.0,False
SUPPLEMENTAL_HISTORICAL_ROW,"{""action_space"":""FREE8"",""analysis_id"":""SUPPLEMENTAL_HISTORICAL_ROW"",""budget"":""B1"",""execution_policy"":""REPAIRED"",""information_condition"":""IC-b"",""lhs"":""C4R"",""model"":""GEMINI"",""oracle"":""gamma"",""population"":""ITT"",""reasoning_regime"":""BASELINE"",""replicate"":""RUN1"",""rhs"":""C4""}",306fb5b8b6acbe12a78bc16b4b4a8c22f6ebae08eeab83825f42149dc2218d6a,3490208041178807826,GEMINI,GAMMA,BASELINE,REPAIRED,1,ITT,FREE8,B1,IC-b,C4R,C4,575,-0.0033149860324224,-0.0201663875732404,0.0118751881838318,6443,0,3557,0.7115288471152885,48d105a2636183fc52db3f3b0244bade56610dfbb65aa70379c005f921a033ae,REPAIRED_SUPPLEMENTAL,V13_SUPPLEMENTAL_SHA256_STREAM,1.0,False
SUPPLEMENTAL_HISTORICAL_ROW,"{""action_space"":""FREE8"",""analysis_id"":""SUPPLEMENTAL_HISTORICAL_ROW"",""budget"":""B1"",""execution_policy"":""REPAIRED"",""information_condition"":""IC-b"",""lhs"":""C5"",""model"":""GEMINI"",""oracle"":""alpha"",""population"":""ITT"",""reasoning_regime"":""BASELINE"",""replicate"":""RUN1"",""rhs"":""C4""}",0be655ab230f4c935bd060b50ab486fbf8c124c26cd7c8c0770ac82786694c2b,857466972576631955,GEMINI,ALPHA,BASELINE,REPAIRED,1,ITT,FREE8,B1,IC-b,C5,C4,575,0.0601628854555431,0.0004545799604487,0.1228410924868961,240,0,9760,0.0481951804819518,1cf1e964ad0d4f20168ca4483856d67c5449be4cfa29c66ec50fc7f0f9560169,REPAIRED_SUPPLEMENTAL,V13_SUPPLEMENTAL_SHA256_STREAM,1.0,False
SUPPLEMENTAL_HISTORICAL_ROW,"{""action_space"":""FREE8"",""analysis_id"":""SUPPLEMENTAL_HISTORICAL_ROW"",""budget"":""B1"",""execution_policy"":""REPAIRED"",""information_condition"":""IC-b"",""lhs"":""C5"",""model"":""GEMINI"",""oracle"":""beta"",""population"":""ITT"",""reasoning_regime"":""BASELINE"",""replicate"":""RUN1"",""rhs"":""C4""}",1a4321d4a1487b106f405b3553354206669c91a318e00c29bcf60697bb89a6f7,1892393465548405520,GEMINI,BETA,BASELINE,REPAIRED,1,ITT,FREE8,B1,IC-b,C5,C4,575,0.0199912426519741,0.0085092932254172,0.0341613318256339,1,0,9999,0.0003999600039996,1dccde761484852dc264dde50a45d723688bb81d52e8a4de31bdb74f40739a55,REPAIRED_SUPPLEMENTAL,V13_SUPPLEMENTAL_SHA256_STREAM,0.0407959204079592,True
SUPPLEMENTAL_HISTORICAL_ROW,"{""action_space"":""FREE8"",""analysis_id"":""SUPPLEMENTAL_HISTORICAL_ROW"",""budget"":""B1"",""execution_policy"":""REPAIRED"",""information_condition"":""IC-b"",""lhs"":""C5"",""model"":""GEMINI"",""oracle"":""gamma"",""population"":""ITT"",""reasoning_regime"":""BASELINE"",""replicate"":""RUN1"",""rhs"":""C4""}",82f4beffcc04883f3e544c8c2627f757c7fd1b3d798fce7a9ee874e0fae13f63,9436377125096818751,GEMINI,GAMMA,BASELINE,REPAIRED,1,ITT,FREE8,B1,IC-b,C5,C4,575,0.0395903764843701,0.0097628670916618,0.0719104926630181,56,0,9944,0.0113988601139886,2328a124fdeeb10367d13ffdde04926c519d0f61781979549f3735737c180e34,REPAIRED_SUPPLEMENTAL,V13_SUPPLEMENTAL_SHA256_STREAM,0.9575042495750424,False
SUPPLEMENTAL_HISTORICAL_ROW,"{""action_space"":""FREE8"",""analysis_id"":""SUPPLEMENTAL_HISTORICAL_ROW"",""budget"":""B1"",""execution_policy"":""REPAIRED"",""information_condition"":""IC-b"",""lhs"":""C6-E"",""model"":""GEMINI"",""oracle"":""alpha"",""population"":""ITT"",""reasoning_regime"":""BASELINE"",""replicate"":""RUN1"",""rhs"":""C4R""}",18c128268f27b62eeb1adcef1aef24dc1e62c11360ec09d7ec124aff008ed19c,1783751073491039790,GEMINI,ALPHA,BASELINE,REPAIRED,1,ITT,FREE8,B1,IC-b,C6-E,C4R,575,0.0585127442314314,0.0090451726368531,0.1106604336319099,90,0,9910,0.0181981801819818,083e8b65383a49754b14d8515d5b620fcecadf0245b0b7e2eb60a67d14781eb9,REPAIRED_SUPPLEMENTAL,V13_SUPPLEMENTAL_SHA256_STREAM,1.0,False
SUPPLEMENTAL_HISTORICAL_ROW,"{""action_space"":""FREE8"",""analysis_id"":""SUPPLEMENTAL_HISTORICAL_ROW"",""budget"":""B1"",""execution_policy"":""REPAIRED"",""information_condition"":""IC-b"",""lhs"":""C6-E"",""model"":""GEMINI"",""oracle"":""beta"",""population"":""ITT"",""reasoning_regime"":""BASELINE"",""replicate"":""RUN1"",""rhs"":""C4R""}",fae816f5b9f2c27ac7ac64ef7f805d7ffb2c64800f947d877addfa7512654dcc,18079725948721349242,GEMINI,BETA,BASELINE,REPAIRED,1,ITT,FREE8,B1,IC-b,C6-E,C4R,575,0.0252508700846904,0.0104936377968136,0.0443290173555797,0,0,10000,0.0001999800019998,f97c3fbb1da14fdcb1dc156c91107e551a4329e151b6d693ff857c359535f231,REPAIRED_SUPPLEMENTAL,V13_SUPPLEMENTAL_SHA256_STREAM,0.023997600239976002,True
SUPPLEMENTAL_HISTORICAL_ROW,"{""action_space"":""FREE8"",""analysis_id"":""SUPPLEMENTAL_HISTORICAL_ROW"",""budget"":""B1"",""execution_policy"":""REPAIRED"",""information_condition"":""IC-b"",""lhs"":""C6-E"",""model"":""GEMINI"",""oracle"":""gamma"",""population"":""ITT"",""reasoning_regime"":""BASELINE"",""replicate"":""RUN1"",""rhs"":""C4R""}",9e0d7395695b6b2525e35776a5b2b120d62103e8916c9dfeb5ea2a57ea3ab7e1,11388886118244772645,GEMINI,GAMMA,BASELINE,REPAIRED,1,ITT,FREE8,B1,IC-b,C6-E,C4R,575,0.0186529117606378,-0.002166766505159,0.0410314109917309,399,0,9601,0.07999200079992,dbae2685e331399265aecbbf42f74eb3a5ee43b91ec5e4965ccd504068f1b13d,REPAIRED_SUPPLEMENTAL,V13_SUPPLEMENTAL_SHA256_STREAM,1.0,False
SUPPLEMENTAL_HISTORICAL_ROW,"{""action_space"":""FREE8"",""analysis_id"":""SUPPLEMENTAL_HISTORICAL_ROW"",""budget"":""B1"",""execution_policy"":""REPAIRED"",""information_condition"":""IC-b"",""lhs"":""C6-E"",""model"":""GEMINI"",""oracle"":""alpha"",""population"":""ITT"",""reasoning_regime"":""BASELINE"",""replicate"":""RUN1"",""rhs"":""C6-EX""}",124c81c57bef4597de53c111b2d5d817db0cc5e4c2d1b289e304fb3febaf1ef6,1318571476100531607,GEMINI,ALPHA,BASELINE,REPAIRED,1,ITT,FREE8,B1,IC-b,C6-E,C6-EX,575,0.076525450094166,0.0221563399838729,0.1372099547180789,23,0,9977,0.0047995200479952,13c1c9751700b2952255b561e83da0f92ac912efd1e63005832d2ce173f024f3,REPAIRED_SUPPLEMENTAL,V13_SUPPLEMENTAL_SHA256_STREAM,0.4271572842715728,False
SUPPLEMENTAL_HISTORICAL_ROW,"{""action_space"":""FREE8"",""analysis_id"":""SUPPLEMENTAL_HISTORICAL_ROW"",""budget"":""B1"",""execution_policy"":""REPAIRED"",""information_condition"":""IC-b"",""lhs"":""C6-E"",""model"":""GEMINI"",""oracle"":""beta"",""population"":""ITT"",""reasoning_regime"":""BASELINE"",""replicate"":""RUN1"",""rhs"":""C6-EX""}",5aef37dd97e8adab0b343240d10338bbe9bab0d941f78f81bf382be47c519f8f,6552517407723269547,GEMINI,BETA,BASELINE,REPAIRED,1,ITT,FREE8,B1,IC-b,C6-E,C6-EX,575,0.0269177587159377,0.0121953772862854,0.0462102583847412,0,0,10000,0.0001999800019998,fedfa2143810d6a097eb6eb56c8469085958811b67a5e0d302361079d11aac2b,REPAIRED_SUPPLEMENTAL,V13_SUPPLEMENTAL_SHA256_STREAM,0.023997600239976002,True
SUPPLEMENTAL_HISTORICAL_ROW,"{""action_space"":""FREE8"",""analysis_id"":""SUPPLEMENTAL_HISTORICAL_ROW"",""budget"":""B1"",""execution_policy"":""REPAIRED"",""information_condition"":""IC-b"",""lhs"":""C6-E"",""model"":""GEMINI"",""oracle"":""gamma"",""population"":""ITT"",""reasoning_regime"":""BASELINE"",""replicate"":""RUN1"",""rhs"":""C6-EX""}",844aeef42a1713a2d3a342fdd6d5cff002fb1f3cdcf75a7ed8097e03f6f5e75d,9532694293728662434,GEMINI,GAMMA,BASELINE,REPAIRED,1,ITT,FREE8,B1,IC-b,C6-E,C6-EX,575,0.0309869294845131,0.0102535369351813,0.0529954776732951,9,0,9991,0.001999800019998,64eabea8d808301a7a2acdbb4e0589213e0f52b13e223ef3a92230cf78e8d904,REPAIRED_SUPPLEMENTAL,V13_SUPPLEMENTAL_SHA256_STREAM,0.18398160183981602,False
SUPPLEMENTAL_HISTORICAL_ROW,"{""action_space"":""FREE8"",""analysis_id"":""SUPPLEMENTAL_HISTORICAL_ROW"",""budget"":""B1"",""execution_policy"":""REPAIRED"",""information_condition"":""IC-b"",""lhs"":""C4R"",""model"":""GEMINI"",""oracle"":""alpha"",""population"":""ITT"",""reasoning_regime"":""BASELINE"",""replicate"":""RUN2"",""rhs"":""C4""}",9e3255ea1430aad122ed3f0c9749f4e5330b2c1a1a89eef6fb19791d2c7e67f0,11399268070677588689,GEMINI,ALPHA,BASELINE,REPAIRED,2,ITT,FREE8,B1,IC-b,C4R,C4,575,0.0025882232831519,-0.0367066809021358,0.0420726628882603,4495,0,5505,0.8991100889911009,0e6eb8ca40778b7557555a3c92992d5e78df842f3510ce904cd2df4a94647c97,STABILITY_SUPPLEMENTAL,V13_SUPPLEMENTAL_SHA256_STREAM,1.0,False
SUPPLEMENTAL_HISTORICAL_ROW,"{""action_space"":""FREE8"",""analysis_id"":""SUPPLEMENTAL_HISTORICAL_ROW"",""budget"":""B1"",""execution_policy"":""REPAIRED"",""information_condition"":""IC-b"",""lhs"":""C4R"",""model"":""GEMINI"",""oracle"":""beta"",""population"":""ITT"",""reasoning_regime"":""BASELINE"",""replicate"":""RUN2"",""rhs"":""C4""}",bd97f1cfba2175a7367523a8c8fbd62b2ba753faf5c8f771f2e927ff3dec59f1,13661653869134968231,GEMINI,BETA,BASELINE,REPAIRED,2,ITT,FREE8,B1,IC-b,C4R,C4,575,-0.0003332738068853,-0.0060164068289286,0.0065319962526573,5564,0,4436,0.8873112688731127,d1d6a2d26050822f9194a0689574a557df279b5eebfd681798f0737f28491bae,STABILITY_SUPPLEMENTAL,V13_SUPPLEMENTAL_SHA256_STREAM,1.0,False
SUPPLEMENTAL_HISTORICAL_ROW,"{""action_space"":""FREE8"",""analysis_id"":""SUPPLEMENTAL_HISTORICAL_ROW"",""budget"":""B1"",""execution_policy"":""REPAIRED"",""information_condition"":""IC-b"",""lhs"":""C4R"",""model"":""GEMINI"",""oracle"":""gamma"",""population"":""ITT"",""reasoning_regime"":""BASELINE"",""replicate"":""RUN2"",""rhs"":""C4""}",d506f916a5b4425efef6d4d70257f13a8a7544aafedd29a0b32be2d259bcf3f1,15350230255603565150,GEMINI,GAMMA,BASELINE,REPAIRED,2,ITT,FREE8,B1,IC-b,C4R,C4,575,-0.0038640649743717,-0.0198755469227712,0.0122660874424671,6876,0,3124,0.624937506249375,1bdba0cc33cbe3fc06bfe809f980e7d44fd940903f7a3b02ea83a54f560e84a5,STABILITY_SUPPLEMENTAL,V13_SUPPLEMENTAL_SHA256_STREAM,1.0,False
SUPPLEMENTAL_HISTORICAL_ROW,"{""action_space"":""FREE8"",""analysis_id"":""SUPPLEMENTAL_HISTORICAL_ROW"",""budget"":""B1"",""execution_policy"":""REPAIRED"",""information_condition"":""IC-b"",""lhs"":""C6-E"",""model"":""GEMINI"",""oracle"":""alpha"",""population"":""ITT"",""reasoning_regime"":""BASELINE"",""replicate"":""RUN2"",""rhs"":""C4R""}",031e55ffa7671bfc536b66366755a33aa19b29b1bffd7f4777abddb55e806eb5,224711587928677372,GEMINI,ALPHA,BASELINE,REPAIRED,2,ITT,FREE8,B1,IC-b,C6-E,C4R,575,0.0651959329980058,0.0121103501568181,0.1179812425415181,83,0,9917,0.0167983201679832,118f136a114db406a4440027774d8b2c4d71e990fcfce91864f822a243e2fa91,STABILITY_SUPPLEMENTAL,V13_SUPPLEMENTAL_SHA256_STREAM,0.8735126487351264,False
SUPPLEMENTAL_HISTORICAL_ROW,"{""action_space"":""FREE8"",""analysis_id"":""SUPPLEMENTAL_HISTORICAL_ROW"",""budget"":""B1"",""execution_policy"":""REPAIRED"",""information_condition"":""IC-b"",""lhs"":""C6-E"",""model"":""GEMINI"",""oracle"":""beta"",""population"":""ITT"",""reasoning_regime"":""BASELINE"",""replicate"":""RUN2"",""rhs"":""C4R""}",8f00a94bf8ebebcee32e09efe2f39e715f9226023f5a7f2ca8bdd02edbb1bfe8,10304422091187547086,GEMINI,BETA,BASELINE,REPAIRED,2,ITT,FREE8,B1,IC-b,C6-E,C4R,575,0.0128119791693645,0.0028891189903683,0.0256810019461549,44,0,9956,0.008999100089991,db51e3c0a0dbf50aaf3b80c34d61ee42748201389e5ecac4c26569aa9ad6eb24,STABILITY_SUPPLEMENTAL,V13_SUPPLEMENTAL_SHA256_STREAM,0.503949605039496,False
SUPPLEMENTAL_HISTORICAL_ROW,"{""action_space"":""FREE8"",""analysis_id"":""SUPPLEMENTAL_HISTORICAL_ROW"",""budget"":""B1"",""execution_policy"":""REPAIRED"",""information_condition"":""IC-b"",""lhs"":""C6-E"",""model"":""GEMINI"",""oracle"":""gamma"",""population"":""ITT"",""reasoning_regime"":""BASELINE"",""replicate"":""RUN2"",""rhs"":""C4R""}",fc1802766cf2ffe76e895a655b4ece474192a0e0f431320144dde67785896697,18165271804656156647,GEMINI,GAMMA,BASELINE,REPAIRED,2,ITT,FREE8,B1,IC-b,C6-E,C4R,575,0.0064970869598595,-0.0118060721873248,0.023710738350018,2295,0,7705,0.4591540845915408,0d3536ffdcc7740265eb9f154ab0c2f962ae1711cd09ccc645943da015810cb6,STABILITY_SUPPLEMENTAL,V13_SUPPLEMENTAL_SHA256_STREAM,1.0,False
SUPPLEMENTAL_HISTORICAL_ROW,"{""action_space"":""FREE8"",""analysis_id"":""SUPPLEMENTAL_HISTORICAL_ROW"",""budget"":""BINF"",""execution_policy"":""REPAIRED"",""information_condition"":""IC-b"",""lhs"":""C4R"",""model"":""GEMINI"",""oracle"":""alpha"",""population"":""ITT"",""reasoning_regime"":""BASELINE"",""replicate"":""RUN1"",""rhs"":""C4""}",ba9951fba92396e2edd1ec45bec860857e2f816e0c97bded36d422b23912e883,13445868303807649506,GEMINI,ALPHA,BASELINE,REPAIRED,1,ITT,FREE8,BINF,IC-b,C4R,C4,575,0.1427225405629058,0.088880631073941,0.2010210611078233,0,0,10000,0.0001999800019998,b749aef98569d48df69ab7c4c839ed17baa6c920416ade1f323aef30d674f6de,REPAIRED_SUPPLEMENTAL,V13_SUPPLEMENTAL_SHA256_STREAM,0.023997600239976002,True
SUPPLEMENTAL_HISTORICAL_ROW,"{""action_space"":""FREE8"",""analysis_id"":""SUPPLEMENTAL_HISTORICAL_ROW"",""budget"":""BINF"",""execution_policy"":""REPAIRED"",""information_condition"":""IC-b"",""lhs"":""C4R"",""model"":""GEMINI"",""oracle"":""beta"",""population"":""ITT"",""reasoning_regime"":""BASELINE"",""replicate"":""RUN1"",""rhs"":""C4""}",b6fd5c183babffc8d808e247a6b8ae82395882090cd023d67d2b6862e38b8f93,13185796543160778696,GEMINI,BETA,BASELINE,REPAIRED,1,ITT,FREE8,BINF,IC-b,C4R,C4,575,0.0188831093344678,0.0143767507840022,0.0238531621844733,0,0,10000,0.0001999800019998,6c14f1519b6b2bc210e7616cfd7b4a25c6d23be283d5283108eeb47d54a50770,REPAIRED_SUPPLEMENTAL,V13_SUPPLEMENTAL_SHA256_STREAM,0.023997600239976002,True
SUPPLEMENTAL_HISTORICAL_ROW,"{""action_space"":""FREE8"",""analysis_id"":""SUPPLEMENTAL_HISTORICAL_ROW"",""budget"":""BINF"",""execution_policy"":""REPAIRED"",""information_condition"":""IC-b"",""lhs"":""C4R"",""model"":""GEMINI"",""oracle"":""gamma"",""population"":""ITT"",""reasoning_regime"":""BASELINE"",""replicate"":""RUN1"",""rhs"":""C4""}",de7a6452bb729ab95a9fefbc0d188fd7da9411463d98b7ce51532f080fe0d8a8,16031236130073647801,GEMINI,GAMMA,BASELINE,REPAIRED,1,ITT,FREE8,BINF,IC-b,C4R,C4,575,0.0290910945537854,0.0149527206623282,0.0447838251013091,0,0,10000,0.0001999800019998,280fd5333b2db5a9f9aef0edfacfe6be1577892b7c3c265fcf15e882426a0b54,REPAIRED_SUPPLEMENTAL,V13_SUPPLEMENTAL_SHA256_STREAM,0.023997600239976002,True
SUPPLEMENTAL_HISTORICAL_ROW,"{""action_space"":""FREE8"",""analysis_id"":""SUPPLEMENTAL_HISTORICAL_ROW"",""budget"":""BINF"",""execution_policy"":""REPAIRED"",""information_condition"":""IC-b"",""lhs"":""C5"",""model"":""GEMINI"",""oracle"":""alpha"",""population"":""ITT"",""reasoning_regime"":""BASELINE"",""replicate"":""RUN1"",""rhs"":""C4""}",f1a978b57073dfd5086bdf95d6f08f5f1e2fe3d72a937b51a863d9ea9d526f6a,17413582154875789269,GEMINI,ALPHA,BASELINE,REPAIRED,1,ITT,FREE8,BINF,IC-b,C5,C4,575,-0.0714651445584745,-0.1625623521063089,0.0189396601783508,9387,0,613,0.1227877212278772,e8e1730aaf55dea4c7b92667cbe93fb058508fbc822b016f8646ed779ae3e758,REPAIRED_SUPPLEMENTAL,V13_SUPPLEMENTAL_SHA256_STREAM,1.0,False
SUPPLEMENTAL_HISTORICAL_ROW,"{""action_space"":""FREE8"",""analysis_id"":""SUPPLEMENTAL_HISTORICAL_ROW"",""budget"":""BINF"",""execution_policy"":""REPAIRED"",""information_condition"":""IC-b"",""lhs"":""C5"",""model"":""GEMINI"",""oracle"":""beta"",""population"":""ITT"",""reasoning_regime"":""BASELINE"",""replicate"":""RUN1"",""rhs"":""C4""}",6bbd6979f6af8ee951dbfbdc7c871a0854cb1a1e2f75fca7e47db1c3554015b9,7763477305207262953,GEMINI,BETA,BASELINE,REPAIRED,1,ITT,FREE8,BINF,IC-b,C5,C4,575,-0.0097248152150484,-0.0547864976069791,0.03518031558598,6613,0,3387,0.6775322467753224,f02d0756acfef9a9c6308698b0f2b1142b8e54812f3457f56701a4bc3c8452d6,REPAIRED_SUPPLEMENTAL,V13_SUPPLEMENTAL_SHA256_STREAM,1.0,False
SUPPLEMENTAL_HISTORICAL_ROW,"{""action_space"":""FREE8"",""analysis_id"":""SUPPLEMENTAL_HISTORICAL_ROW"",""budget"":""BINF"",""execution_policy"":""REPAIRED"",""information_condition"":""IC-b"",""lhs"":""C5"",""model"":""GEMINI"",""oracle"":""gamma"",""population"":""ITT"",""reasoning_regime"":""BASELINE"",""replicate"":""RUN1"",""rhs"":""C4""}",f9f90e1d7267033bd2bee835b4d136f3d98c5f30112aac04d967de4e2c7163cb,18012443704281203515,GEMINI,GAMMA,BASELINE,REPAIRED,1,ITT,FREE8,BINF,IC-b,C5,C4,575,-0.0034461906496072,-0.0408353407072244,0.0341579546778577,5768,0,4232,0.8465153484651535,0e9fd434e75b2d92ea4599bb17409aabed0e078a69608e599124f63cae1e36ad,REPAIRED_SUPPLEMENTAL,V13_SUPPLEMENTAL_SHA256_STREAM,1.0,False
SUPPLEMENTAL_HISTORICAL_ROW,"{""action_space"":""FREE8"",""analysis_id"":""SUPPLEMENTAL_HISTORICAL_ROW"",""budget"":""BINF"",""execution_policy"":""REPAIRED"",""information_condition"":""IC-b"",""lhs"":""C6-E"",""model"":""GEMINI"",""oracle"":""alpha"",""population"":""ITT"",""reasoning_regime"":""BASELINE"",""replicate"":""RUN1"",""rhs"":""C4R""}",d04a04837584869b6d5f1eb8f96d947980d4825a0643d40f0b940d4681c51419,15008813670824445595,GEMINI,ALPHA,BASELINE,REPAIRED,1,ITT,FREE8,BINF,IC-b,C6-E,C4R,575,0.0180376742055013,-0.0550144078412456,0.0886475379340702,3131,0,6869,0.6263373662633737,178881e589cc4c1fd52acf34c325214adecf9c19f74d031d0706d80b422d47a7,REPAIRED_SUPPLEMENTAL,V13_SUPPLEMENTAL_SHA256_STREAM,1.0,False
SUPPLEMENTAL_HISTORICAL_ROW,"{""action_space"":""FREE8"",""analysis_id"":""SUPPLEMENTAL_HISTORICAL_ROW"",""budget"":""BINF"",""execution_policy"":""REPAIRED"",""information_condition"":""IC-b"",""lhs"":""C6-E"",""model"":""GEMINI"",""oracle"":""beta"",""population"":""ITT"",""reasoning_regime"":""BASELINE"",""replicate"":""RUN1"",""rhs"":""C4R""}",97beb59bfd9507f73b8479ced07067b0f8719d7bad301947805c317ba8dff006,10934376626881103863,GEMINI,BETA,BASELINE,REPAIRED,1,ITT,FREE8,BINF,IC-b,C6-E,C4R,575,0.0049455856284697,-0.0154924976411849,0.024067448099422,2987,0,7013,0.5975402459754025,9fef47ae1a38d32fae6315878c095b63afb791f5329d2df7ba9a99b667625ed0,REPAIRED_SUPPLEMENTAL,V13_SUPPLEMENTAL_SHA256_STREAM,1.0,False
SUPPLEMENTAL_HISTORICAL_ROW,"{""action_space"":""FREE8"",""analysis_id"":""SUPPLEMENTAL_HISTORICAL_ROW"",""budget"":""BINF"",""execution_policy"":""REPAIRED"",""information_condition"":""IC-b"",""lhs"":""C6-E"",""model"":""GEMINI"",""oracle"":""gamma"",""population"":""ITT"",""reasoning_regime"":""BASELINE"",""replicate"":""RUN1"",""rhs"":""C4R""}",2ef1e7f64471d3c2bd40564cb04385c380a098facff067da6048beac3edf665d,3382739840028234690,GEMINI,GAMMA,BASELINE,REPAIRED,1,ITT,FREE8,BINF,IC-b,C6-E,C4R,575,0.0071957839822742,-0.0165951748424635,0.0317987161547708,2809,0,7191,0.561943805619438,124691cd2acd38a4c29358786fceb64adc5740403d72d4ddd31eb754f8614a40,REPAIRED_SUPPLEMENTAL,V13_SUPPLEMENTAL_SHA256_STREAM,1.0,False
SUPPLEMENTAL_HISTORICAL_ROW,"{""action_space"":""FREE8"",""analysis_id"":""SUPPLEMENTAL_HISTORICAL_ROW"",""budget"":""BINF"",""execution_policy"":""REPAIRED"",""information_condition"":""IC-b"",""lhs"":""C6-E"",""model"":""GEMINI"",""oracle"":""alpha"",""population"":""ITT"",""reasoning_regime"":""BASELINE"",""replicate"":""RUN1"",""rhs"":""C6-EX""}",0f01b26ab6d349e4979b5d6c220ff5dcbc67528a4f17591b364186dcebd37d62,1081341556949207524,GEMINI,ALPHA,BASELINE,REPAIRED,1,ITT,FREE8,BINF,IC-b,C6-E,C6-EX,575,0.0576216387179675,-0.0068880761865115,0.1230815544991346,393,0,9607,0.0787921207879212,0df8348142351ee239a340447bd568889440097e970439f32481e62fd1b22b5b,REPAIRED_SUPPLEMENTAL,V13_SUPPLEMENTAL_SHA256_STREAM,1.0,False
SUPPLEMENTAL_HISTORICAL_ROW,"{""action_space"":""FREE8"",""analysis_id"":""SUPPLEMENTAL_HISTORICAL_ROW"",""budget"":""BINF"",""execution_policy"":""REPAIRED"",""information_condition"":""IC-b"",""lhs"":""C6-E"",""model"":""GEMINI"",""oracle"":""beta"",""population"":""ITT"",""reasoning_regime"":""BASELINE"",""replicate"":""RUN1"",""rhs"":""C6-EX""}",a8b1982a249d34243e4570020070c0eb32890b49e4b867fa3793b05e377e9949,12155664176020010020,GEMINI,BETA,BASELINE,REPAIRED,1,ITT,FREE8,BINF,IC-b,C6-E,C6-EX,575,0.0137132409204537,-0.0025189664469208,0.0302545092406004,500,0,9500,0.1001899810018998,95e23c585c60346b66210fc99bcfc350e19af064a4be0a72fb50d74db10fd13b,REPAIRED_SUPPLEMENTAL,V13_SUPPLEMENTAL_SHA256_STREAM,1.0,False
SUPPLEMENTAL_HISTORICAL_ROW,"{""action_space"":""FREE8"",""analysis_id"":""SUPPLEMENTAL_HISTORICAL_ROW"",""budget"":""BINF"",""execution_policy"":""REPAIRED"",""information_condition"":""IC-b"",""lhs"":""C6-E"",""model"":""GEMINI"",""oracle"":""gamma"",""population"":""ITT"",""reasoning_regime"":""BASELINE"",""replicate"":""RUN1"",""rhs"":""C6-EX""}",1a35bc95b831ad690c7c1553ca2be7713dd98ad00b4422849b37e06a47e046df,1888622969978203497,GEMINI,GAMMA,BASELINE,REPAIRED,1,ITT,FREE8,BINF,IC-b,C6-E,C6-EX,575,0.0098212095856971,-0.0152460417515731,0.0356958603783883,2222,0,7778,0.4445555444455554,f1242642b338c6c798b3b936811a84c09fef160b39807d1a448abd4f28aa0544,REPAIRED_SUPPLEMENTAL,V13_SUPPLEMENTAL_SHA256_STREAM,1.0,False
SUPPLEMENTAL_HISTORICAL_ROW,"{""action_space"":""FREE8"",""analysis_id"":""SUPPLEMENTAL_HISTORICAL_ROW"",""budget"":""BINF"",""execution_policy"":""REPAIRED"",""information_condition"":""IC-b"",""lhs"":""C4R"",""model"":""GEMINI"",""oracle"":""alpha"",""population"":""ITT"",""reasoning_regime"":""BASELINE"",""replicate"":""RUN2"",""rhs"":""C4""}",68afb31dbd4c69a9eeaef282f32cd8ecde846eb7245c46b50d987e63c46b6921,7543444841180195241,GEMINI,ALPHA,BASELINE,REPAIRED,2,ITT,FREE8,BINF,IC-b,C4R,C4,575,0.1150247223394299,0.069165343892748,0.1668198660030856,0,0,10000,0.0001999800019998,df96c51c3b7b1199f520f7b5cda0891fb7545ca52f9b2fb799661a8ccea9f08f,STABILITY_SUPPLEMENTAL,V13_SUPPLEMENTAL_SHA256_STREAM,0.0191980801919808,True
SUPPLEMENTAL_HISTORICAL_ROW,"{""action_space"":""FREE8"",""analysis_id"":""SUPPLEMENTAL_HISTORICAL_ROW"",""budget"":""BINF"",""execution_policy"":""REPAIRED"",""information_condition"":""IC-b"",""lhs"":""C4R"",""model"":""GEMINI"",""oracle"":""beta"",""population"":""ITT"",""reasoning_regime"":""BASELINE"",""replicate"":""RUN2"",""rhs"":""C4""}",f92c2756b3d3fbcaf7725e8b29b756a6b134ac53d0acf63160f1926c1a80f0aa,17954769067757009866,GEMINI,BETA,BASELINE,REPAIRED,2,ITT,FREE8,BINF,IC-b,C4R,C4,575,0.0347038551005181,0.0145957563278472,0.0595543644973029,0,0,10000,0.0001999800019998,d2a2f882aeb0e2c848a577e3269d9c7796a1d3d68b4f6761f1118d04dce2ea2d,STABILITY_SUPPLEMENTAL,V13_SUPPLEMENTAL_SHA256_STREAM,0.0191980801919808,True
SUPPLEMENTAL_HISTORICAL_ROW,"{""action_space"":""FREE8"",""analysis_id"":""SUPPLEMENTAL_HISTORICAL_ROW"",""budget"":""BINF"",""execution_policy"":""REPAIRED"",""information_condition"":""IC-b"",""lhs"":""C4R"",""model"":""GEMINI"",""oracle"":""gamma"",""population"":""ITT"",""reasoning_regime"":""BASELINE"",""replicate"":""RUN2"",""rhs"":""C4""}",e082b2ba2a13d24aafa1d87bf0cdabfc2dccaa17818000362c5da5ce4d2230e9,16177689324107846218,GEMINI,GAMMA,BASELINE,REPAIRED,2,ITT,FREE8,BINF,IC-b,C4R,C4,575,0.0271389797500414,0.0114221602626928,0.044708259692393,2,0,9998,0.0005999400059994,6a202fd10ff7927c69cafdeed3add57593b91f6774229fc8c73ce53999ac7854,STABILITY_SUPPLEMENTAL,V13_SUPPLEMENTAL_SHA256_STREAM,0.0431956804319568,True
SUPPLEMENTAL_HISTORICAL_ROW,"{""action_space"":""FREE8"",""analysis_id"":""SUPPLEMENTAL_HISTORICAL_ROW"",""budget"":""BINF"",""execution_policy"":""REPAIRED"",""information_condition"":""IC-b"",""lhs"":""C6-E"",""model"":""GEMINI"",""oracle"":""alpha"",""population"":""ITT"",""reasoning_regime"":""BASELINE"",""replicate"":""RUN2"",""rhs"":""C4R""}",7a9fe9067fb8cfe6fc1e43e4c416d1a2f572515fada17d8a9b9d44b8ac721ffb,8836037208046096358,GEMINI,ALPHA,BASELINE,REPAIRED,2,ITT,FREE8,BINF,IC-b,C6-E,C4R,575,0.0586446525913185,-0.0137761454384054,0.1315796217676044,597,0,9403,0.1195880411958804,e699ce2feeab22534e1d28dbe0fa727ea009d2dbd3623aa9893041beef839a03,STABILITY_SUPPLEMENTAL,V13_SUPPLEMENTAL_SHA256_STREAM,1.0,False
SUPPLEMENTAL_HISTORICAL_ROW,"{""action_space"":""FREE8"",""analysis_id"":""SUPPLEMENTAL_HISTORICAL_ROW"",""budget"":""BINF"",""execution_policy"":""REPAIRED"",""information_condition"":""IC-b"",""lhs"":""C6-E"",""model"":""GEMINI"",""oracle"":""beta"",""population"":""ITT"",""reasoning_regime"":""BASELINE"",""replicate"":""RUN2"",""rhs"":""C4R""}",c9072c2615ad732ec674264df111c4c672ccbf41aa396e987830809595c01941,14485595268544557870,GEMINI,BETA,BASELINE,REPAIRED,2,ITT,FREE8,BINF,IC-b,C6-E,C4R,575,-0.0037627747426372,-0.0319351809309988,0.0216426286534356,5921,0,4079,0.815918408159184,35edb04d8e583e0ea0de53932ffe3bef716494d4099398d25dd57528306ab278,STABILITY_SUPPLEMENTAL,V13_SUPPLEMENTAL_SHA256_STREAM,1.0,False
SUPPLEMENTAL_HISTORICAL_ROW,"{""action_space"":""FREE8"",""analysis_id"":""SUPPLEMENTAL_HISTORICAL_ROW"",""budget"":""BINF"",""execution_policy"":""REPAIRED"",""information_condition"":""IC-b"",""lhs"":""C6-E"",""model"":""GEMINI"",""oracle"":""gamma"",""population"":""ITT"",""reasoning_regime"":""BASELINE"",""replicate"":""RUN2"",""rhs"":""C4R""}",d5895dcd0dbeb8df5acf46183b26ea2d5190a60c513fa0ddb9873087a60e6f4f,15386932737168292063,GEMINI,GAMMA,BASELINE,REPAIRED,2,ITT,FREE8,BINF,IC-b,C6-E,C4R,575,0.0224447176496353,-0.0030046902400952,0.0483770942992429,442,0,9558,0.0885911408859114,eb62e5e6a308aa9c81be7765d1f335aed255abe9832224191495513b1cf63b5f,STABILITY_SUPPLEMENTAL,V13_SUPPLEMENTAL_SHA256_STREAM,1.0,False
SUPPLEMENTAL_HISTORICAL_ROW,"{""action_space"":""FREE8"",""analysis_id"":""SUPPLEMENTAL_HISTORICAL_ROW"",""budget"":""B1"",""execution_policy"":""REPAIRED"",""information_condition"":""IC-b"",""lhs"":""C4R"",""model"":""GPT"",""oracle"":""alpha"",""population"":""ITT"",""reasoning_regime"":""BASELINE"",""replicate"":""RUN1"",""rhs"":""C4""}",334b9c80d73f1facadb59129959bf26be1eb9549b069459b32fe6bfddae6226d,3696219996368609196,GPT,ALPHA,BASELINE,REPAIRED,1,ITT,FREE8,B1,IC-b,C4R,C4,575,0.0047476423535253,0.0,0.0121707599636332,0,1372,8628,0.2745725427457254,0d3c339a01cb313a5a9cb83b6de0d0581953d30869998dc57ec906fcc289ac4d,REPAIRED_SUPPLEMENTAL,V13_SUPPLEMENTAL_SHA256_STREAM,1.0,False
SUPPLEMENTAL_HISTORICAL_ROW,"{""action_space"":""FREE8"",""analysis_id"":""SUPPLEMENTAL_HISTORICAL_ROW"",""budget"":""B1"",""execution_policy"":""REPAIRED"",""information_condition"":""IC-b"",""lhs"":""C4R"",""model"":""GPT"",""oracle"":""beta"",""population"":""ITT"",""reasoning_regime"":""BASELINE"",""replicate"":""RUN1"",""rhs"":""C4""}",4426d4c96c84a12bbb9529fe56d16acfdabf3e569db1300690114fe6fd3af1ce,4910846405268250923,GPT,BETA,BASELINE,REPAIRED,1,ITT,FREE8,B1,IC-b,C4R,C4,575,0.0007369742693598,0.0001156281656019,0.0016359941964637,20,0,9980,0.0041995800419958,060c4174fa5de0b521c26cc33971754a83d9411a7776860b5712ea9cecbca989,REPAIRED_SUPPLEMENTAL,V13_SUPPLEMENTAL_SHA256_STREAM,0.38216178382161775,False
SUPPLEMENTAL_HISTORICAL_ROW,"{""action_space"":""FREE8"",""analysis_id"":""SUPPLEMENTAL_HISTORICAL_ROW"",""budget"":""B1"",""execution_policy"":""REPAIRED"",""information_condition"":""IC-b"",""lhs"":""C4R"",""model"":""GPT"",""oracle"":""gamma"",""population"":""ITT"",""reasoning_regime"":""BASELINE"",""replicate"":""RUN1"",""rhs"":""C4""}",ca87f1d2cd5dd88109dcee82b8bca26e8e6d767fd9d3043955611f77739afaa7,14593899005208287361,GPT,GAMMA,BASELINE,REPAIRED,1,ITT,FREE8,B1,IC-b,C4R,C4,575,4.523435442894444e-05,-0.0007179394935486,0.0008536425568355,3392,1336,5272,0.9457054294570544,83038ac9f614c44a1ed95d372970ad65dde82966d65703308b9fc7b2199694af,REPAIRED_SUPPLEMENTAL,V13_SUPPLEMENTAL_SHA256_STREAM,1.0,False
SUPPLEMENTAL_HISTORICAL_ROW,"{""action_space"":""FREE8"",""analysis_id"":""SUPPLEMENTAL_HISTORICAL_ROW"",""budget"":""B1"",""execution_policy"":""REPAIRED"",""information_condition"":""IC-b"",""lhs"":""C5"",""model"":""GPT"",""oracle"":""alpha"",""population"":""ITT"",""reasoning_regime"":""BASELINE"",""replicate"":""RUN1"",""rhs"":""C4""}",34e9e3647b35cf27d7e335bb3b3b8e7581fc00b194f35860f9769035f28204f1,3812828580249194279,GPT,ALPHA,BASELINE,REPAIRED,1,ITT,FREE8,B1,IC-b,C5,C4,575,0.0786980069334217,-0.0096528567698692,0.1692092034380571,431,0,9569,0.0863913608639136,3de22739207915b67ddded2330e9a654a448836200680a1bd177df3c3f83e7ed,REPAIRED_SUPPLEMENTAL,V13_SUPPLEMENTAL_SHA256_STREAM,1.0,False
SUPPLEMENTAL_HISTORICAL_ROW,"{""action_space"":""FREE8"",""analysis_id"":""SUPPLEMENTAL_HISTORICAL_ROW"",""budget"":""B1"",""execution_policy"":""REPAIRED"",""information_condition"":""IC-b"",""lhs"":""C5"",""model"":""GPT"",""oracle"":""beta"",""population"":""ITT"",""reasoning_regime"":""BASELINE"",""replicate"":""RUN1"",""rhs"":""C4""}",1570966149b9be57a7f88c4c002c842d71f70c65293449f12469190a0dd67be2,1544900016780983895,GPT,BETA,BASELINE,REPAIRED,1,ITT,FREE8,B1,IC-b,C5,C4,575,0.0308055919698298,0.0046364286399943,0.0586294530352564,95,0,9905,0.0191980801919808,f215122d873c45fc7198e70d4e946d8a7c9d84d2a23ea19211e092a0ef2df07d,REPAIRED_SUPPLEMENTAL,V13_SUPPLEMENTAL_SHA256_STREAM,1.0,False
SUPPLEMENTAL_HISTORICAL_ROW,"{""action_space"":""FREE8"",""analysis_id"":""SUPPLEMENTAL_HISTORICAL_ROW"",""budget"":""B1"",""execution_policy"":""REPAIRED"",""information_condition"":""IC-b"",""lhs"":""C5"",""model"":""GPT"",""oracle"":""gamma"",""population"":""ITT"",""reasoning_regime"":""BASELINE"",""replicate"":""RUN1"",""rhs"":""C4""}",19fec7c5f148bd026e598d99d4109cd29ad36efbc2162455ab540ad334761b59,1873154148003265794,GPT,GAMMA,BASELINE,REPAIRED,1,ITT,FREE8,B1,IC-b,C5,C4,575,0.0205947235650503,-0.0176472057140919,0.0590481160482873,1473,0,8527,0.2947705229477052,d24632b46ebbad1bad7ef4ea19d6d77d7c9cf01c39f41323328b3ae103cbc1b5,REPAIRED_SUPPLEMENTAL,V13_SUPPLEMENTAL_SHA256_STREAM,1.0,False
SUPPLEMENTAL_HISTORICAL_ROW,"{""action_space"":""FREE8"",""analysis_id"":""SUPPLEMENTAL_HISTORICAL_ROW"",""budget"":""B1"",""execution_policy"":""REPAIRED"",""information_condition"":""IC-b"",""lhs"":""C6-E"",""model"":""GPT"",""oracle"":""alpha"",""population"":""ITT"",""reasoning_regime"":""BASELINE"",""replicate"":""RUN1"",""rhs"":""C4R""}",a1a3e1394c1eb00c7fe3f0c7a0b93c374df82eae9b52ffda1413db22392ba7a9,11647400697516699660,GPT,ALPHA,BASELINE,REPAIRED,1,ITT,FREE8,B1,IC-b,C6-E,C4R,575,0.1935656511450997,0.1251231027879426,0.2654729001753245,0,0,10000,0.0001999800019998,48533e9d619e4dbc7b7ee0d9b86da7cc7d649d4a878fb85b1692b1605d7fc779,REPAIRED_SUPPLEMENTAL,V13_SUPPLEMENTAL_SHA256_STREAM,0.023997600239976002,True
SUPPLEMENTAL_HISTORICAL_ROW,"{""action_space"":""FREE8"",""analysis_id"":""SUPPLEMENTAL_HISTORICAL_ROW"",""budget"":""B1"",""execution_policy"":""REPAIRED"",""information_condition"":""IC-b"",""lhs"":""C6-E"",""model"":""GPT"",""oracle"":""beta"",""population"":""ITT"",""reasoning_regime"":""BASELINE"",""replicate"":""RUN1"",""rhs"":""C4R""}",bf6caa019b578d6f294aee78595686fdd82060a6f1043014b43f6e94075cd3dc,13793586682606882159,GPT,BETA,BASELINE,REPAIRED,1,ITT,FREE8,B1,IC-b,C6-E,C4R,575,0.0504270788226406,0.0305287696208484,0.0738173603028275,0,0,10000,0.0001999800019998,40f09a73ab9940c6102ba40b38dacf462a28291004c5e6473ba7d993f7d8745f,REPAIRED_SUPPLEMENTAL,V13_SUPPLEMENTAL_SHA256_STREAM,0.023997600239976002,True
SUPPLEMENTAL_HISTORICAL_ROW,"{""action_space"":""FREE8"",""analysis_id"":""SUPPLEMENTAL_HISTORICAL_ROW"",""budget"":""B1"",""execution_policy"":""REPAIRED"",""information_condition"":""IC-b"",""lhs"":""C6-E"",""model"":""GPT"",""oracle"":""gamma"",""population"":""ITT"",""reasoning_regime"":""BASELINE"",""replicate"":""RUN1"",""rhs"":""C4R""}",64a19666a5fb60cb518e764aa4841a5d4e02a8b191aa9724865f1261fd7b3bd5,7251242242658754763,GPT,GAMMA,BASELINE,REPAIRED,1,ITT,FREE8,B1,IC-b,C6-E,C4R,575,0.0734011304910537,0.0394809270369901,0.1112166892992088,0,0,10000,0.0001999800019998,bf4cb4b59f182170100354b0b87605c5aab6f9250409db2eba5425da993d0c2e,REPAIRED_SUPPLEMENTAL,V13_SUPPLEMENTAL_SHA256_STREAM,0.023997600239976002,True
SUPPLEMENTAL_HISTORICAL_ROW,"{""action_space"":""FREE8"",""analysis_id"":""SUPPLEMENTAL_HISTORICAL_ROW"",""budget"":""B1"",""execution_policy"":""REPAIRED"",""information_condition"":""IC-b"",""lhs"":""C6-E"",""model"":""GPT"",""oracle"":""alpha"",""population"":""ITT"",""reasoning_regime"":""BASELINE"",""replicate"":""RUN1"",""rhs"":""C6-EX""}",b35a568b8697ec190abfbe1cc71fcd27fefadfee9e3216708fa6fbe09527751c,12923737237951605785,GPT,ALPHA,BASELINE,REPAIRED,1,ITT,FREE8,B1,IC-b,C6-E,C6-EX,575,0.2027242187241006,0.1084452137823169,0.2939869486904863,0,0,10000,0.0001999800019998,8f1d895b28015fdb8d7bce264bf1827ee64395f98c65a29f3abdcff3e5b652da,REPAIRED_SUPPLEMENTAL,V13_SUPPLEMENTAL_SHA256_STREAM,0.023997600239976002,True
SUPPLEMENTAL_HISTORICAL_ROW,"{""action_space"":""FREE8"",""analysis_id"":""SUPPLEMENTAL_HISTORICAL_ROW"",""budget"":""B1"",""execution_policy"":""REPAIRED"",""information_condition"":""IC-b"",""lhs"":""C6-E"",""model"":""GPT"",""oracle"":""beta"",""population"":""ITT"",""reasoning_regime"":""BASELINE"",""replicate"":""RUN1"",""rhs"":""C6-EX""}",57409c46044f75eee27f8220e03e1a63c5f90f573746ed4f1760944e26b5ed70,6287196904343172590,GPT,BETA,BASELINE,REPAIRED,1,ITT,FREE8,B1,IC-b,C6-E,C6-EX,575,0.0281193392665467,-0.0053459028651919,0.0604527211468189,488,0,9512,0.0977902209779022,3f3006ab4f89c112a6896f4515fc03b1f918f522bfdf6de3d99b061b5ada8e39,REPAIRED_SUPPLEMENTAL,V13_SUPPLEMENTAL_SHA256_STREAM,1.0,False
SUPPLEMENTAL_HISTORICAL_ROW,"{""action_space"":""FREE8"",""analysis_id"":""SUPPLEMENTAL_HISTORICAL_ROW"",""budget"":""B1"",""execution_policy"":""REPAIRED"",""information_condition"":""IC-b"",""lhs"":""C6-E"",""model"":""GPT"",""oracle"":""gamma"",""population"":""ITT"",""reasoning_regime"":""BASELINE"",""replicate"":""RUN1"",""rhs"":""C6-EX""}",cdd9c03e07c4f6d00751ad94720bcd9872e4610359b1c1733ffbd63dca58d095,14833098220372293328,GPT,GAMMA,BASELINE,REPAIRED,1,ITT,FREE8,B1,IC-b,C6-E,C6-EX,575,0.0642009014042956,0.0273170213835301,0.1031106152688233,3,0,9997,0.0007999200079992,ef02c07e5de97c6b134ef1a3a7340170ea2495c3899d8307a4660aecfc80b0f9,REPAIRED_SUPPLEMENTAL,V13_SUPPLEMENTAL_SHA256_STREAM,0.075992400759924,False
SUPPLEMENTAL_HISTORICAL_ROW,"{""action_space"":""FREE8"",""analysis_id"":""SUPPLEMENTAL_HISTORICAL_ROW"",""budget"":""B1"",""execution_policy"":""REPAIRED"",""information_condition"":""IC-b"",""lhs"":""C4R"",""model"":""GPT"",""oracle"":""alpha"",""population"":""ITT"",""reasoning_regime"":""BASELINE"",""replicate"":""RUN2"",""rhs"":""C4""}",6e2152ff56340404b3f86c1f277caf626943c7357876d7c23505369c10a94fbe,7935715275019912196,GPT,ALPHA,BASELINE,REPAIRED,2,ITT,FREE8,B1,IC-b,C4R,C4,575,-0.0048861359782918,-0.0195968332688728,0.0054230481769378,7449,168,2383,0.5103489651034897,5c63dcce6c19b07640267f9b11b85638ee93526f1f115a0a758600855cb75670,STABILITY_SUPPLEMENTAL,V13_SUPPLEMENTAL_SHA256_STREAM,1.0,False
SUPPLEMENTAL_HISTORICAL_ROW,"{""action_space"":""FREE8"",""analysis_id"":""SUPPLEMENTAL_HISTORICAL_ROW"",""budget"":""B1"",""execution_policy"":""REPAIRED"",""information_condition"":""IC-b"",""lhs"":""C4R"",""model"":""GPT"",""oracle"":""beta"",""population"":""ITT"",""reasoning_regime"":""BASELINE"",""replicate"":""RUN2"",""rhs"":""C4""}",8526ddf036f0cf72a130bb8d939add482556cd41ba1c56c1c04badebc0291cbd,9594600079943061362,GPT,BETA,BASELINE,REPAIRED,2,ITT,FREE8,B1,IC-b,C4R,C4,575,-0.0001465680317554,-0.0019188631015882,0.0014583740198374,5494,0,4506,0.9013098690130988,71304012f7c23ac6a914b1e2e68a2d351dc4aef6e0cb23173fe73bf0745f7159,STABILITY_SUPPLEMENTAL,V13_SUPPLEMENTAL_SHA256_STREAM,1.0,False
SUPPLEMENTAL_HISTORICAL_ROW,"{""action_space"":""FREE8"",""analysis_id"":""SUPPLEMENTAL_HISTORICAL_ROW"",""budget"":""B1"",""execution_policy"":""REPAIRED"",""information_condition"":""IC-b"",""lhs"":""C4R"",""model"":""GPT"",""oracle"":""gamma"",""population"":""ITT"",""reasoning_regime"":""BASELINE"",""replicate"":""RUN2"",""rhs"":""C4""}",1e8b7633a4cc525bb4d2bc09c2f925a04c672968902e5d3cc399795e1da1f607,2200982807080882779,GPT,GAMMA,BASELINE,REPAIRED,2,ITT,FREE8,B1,IC-b,C4R,C4,575,-0.0004848730959163,-0.0037770120209303,0.0018696508232133,5817,47,4136,0.8367163283671633,3ee72798537f3a296980034ef910ba555061df27f490698f8e6bd4e3b2b4467d,STABILITY_SUPPLEMENTAL,V13_SUPPLEMENTAL_SHA256_STREAM,1.0,False
SUPPLEMENTAL_HISTORICAL_ROW,"{""action_space"":""FREE8"",""analysis_id"":""SUPPLEMENTAL_HISTORICAL_ROW"",""budget"":""B1"",""execution_policy"":""REPAIRED"",""information_condition"":""IC-b"",""lhs"":""C6-E"",""model"":""GPT"",""oracle"":""alpha"",""population"":""ITT"",""reasoning_regime"":""BASELINE"",""replicate"":""RUN2"",""rhs"":""C4R""}",c054090db13584585f9c4093355b7dcd8b53acd933ccad9563baadf5f6c5f44c,13858711907738158168,GPT,ALPHA,BASELINE,REPAIRED,2,ITT,FREE8,B1,IC-b,C6-E,C4R,575,0.1929117281194641,0.122652549388075,0.2641493633417943,0,0,10000,0.0001999800019998,dbc33b96415581b2ed68d113d4290ed0590b01a50b860c85f284fb7ee6a4ebf9,STABILITY_SUPPLEMENTAL,V13_SUPPLEMENTAL_SHA256_STREAM,0.0191980801919808,True
SUPPLEMENTAL_HISTORICAL_ROW,"{""action_space"":""FREE8"",""analysis_id"":""SUPPLEMENTAL_HISTORICAL_ROW"",""budget"":""B1"",""execution_policy"":""REPAIRED"",""information_condition"":""IC-b"",""lhs"":""C6-E"",""model"":""GPT"",""oracle"":""beta"",""population"":""ITT"",""reasoning_regime"":""BASELINE"",""replicate"":""RUN2"",""rhs"":""C4R""}",e794b71b766aa1b063c66965815ec2497b369ab2ecf7e8b2c3f848caca2d5a77,16687163847893230000,GPT,BETA,BASELINE,REPAIRED,2,ITT,FREE8,B1,IC-b,C6-E,C4R,575,0.047205450610014,0.021883231249863,0.0741608785142627,1,0,9999,0.0003999600039996,b8e278312bc84db4878a8814df928ce1743682fed3896fddc14985e7280bc8d3,STABILITY_SUPPLEMENTAL,V13_SUPPLEMENTAL_SHA256_STREAM,0.0311968803119688,True
SUPPLEMENTAL_HISTORICAL_ROW,"{""action_space"":""FREE8"",""analysis_id"":""SUPPLEMENTAL_HISTORICAL_ROW"",""budget"":""B1"",""execution_policy"":""REPAIRED"",""information_condition"":""IC-b"",""lhs"":""C6-E"",""model"":""GPT"",""oracle"":""gamma"",""population"":""ITT"",""reasoning_regime"":""BASELINE"",""replicate"":""RUN2"",""rhs"":""C4R""}",a7eed207fe61d6c3556abad620a1869658db792157ad4abd093eb34031f7acc5,12100840180565530307,GPT,GAMMA,BASELINE,REPAIRED,2,ITT,FREE8,B1,IC-b,C6-E,C4R,575,0.0424659390722923,0.0146330867560391,0.0719573210911882,14,0,9986,0.002999700029997,7ae2294893f300d349f502b751590c197881bc82d2cf6a749b8d6b3fcce6ddcc,STABILITY_SUPPLEMENTAL,V13_SUPPLEMENTAL_SHA256_STREAM,0.182981701829817,False
SUPPLEMENTAL_HISTORICAL_ROW,"{""action_space"":""FREE8"",""analysis_id"":""SUPPLEMENTAL_HISTORICAL_ROW"",""budget"":""BINF"",""execution_policy"":""REPAIRED"",""information_condition"":""IC-b"",""lhs"":""C4R"",""model"":""GPT"",""oracle"":""alpha"",""population"":""ITT"",""reasoning_regime"":""BASELINE"",""replicate"":""RUN1"",""rhs"":""C4""}",860bd815a9f4fa02dcc40e7387d5fe5b992f8a813c3091184e9e3f0357c65498,9659051413383477762,GPT,ALPHA,BASELINE,REPAIRED,1,ITT,FREE8,BINF,IC-b,C4R,C4,575,0.0294739314098917,0.0031556631469481,0.0584630604995691,130,0,9870,0.0261973802619738,c26d0db35427e181cba02c747d17960a9fd733030ff067411db64efbb59a451d,REPAIRED_SUPPLEMENTAL,V13_SUPPLEMENTAL_SHA256_STREAM,1.0,False
SUPPLEMENTAL_HISTORICAL_ROW,"{""action_space"":""FREE8"",""analysis_id"":""SUPPLEMENTAL_HISTORICAL_ROW"",""budget"":""BINF"",""execution_policy"":""REPAIRED"",""information_condition"":""IC-b"",""lhs"":""C4R"",""model"":""GPT"",""oracle"":""beta"",""population"":""ITT"",""reasoning_regime"":""BASELINE"",""replicate"":""RUN1"",""rhs"":""C4""}",edfb5ebc1797a7df6ca2aedfb0188dbbeb62e2b39216066b3bfb9fd09c7b1386,17148404168085972959,GPT,BETA,BASELINE,REPAIRED,1,ITT,FREE8,BINF,IC-b,C4R,C4,575,0.0050115122138118,-0.0029155067575103,0.0162901195755715,1422,0,8578,0.2845715428457154,371b6a19a3f3252589f5bb049a6fe975329586302541d4574f40d0b460eb9f13,REPAIRED_SUPPLEMENTAL,V13_SUPPLEMENTAL_SHA256_STREAM,1.0,False
SUPPLEMENTAL_HISTORICAL_ROW,"{""action_space"":""FREE8"",""analysis_id"":""SUPPLEMENTAL_HISTORICAL_ROW"",""budget"":""BINF"",""execution_policy"":""REPAIRED"",""information_condition"":""IC-b"",""lhs"":""C4R"",""model"":""GPT"",""oracle"":""gamma"",""population"":""ITT"",""reasoning_regime"":""BASELINE"",""replicate"":""RUN1"",""rhs"":""C4""}",82c2130156579add4986c818b896e994703d6a5ce4bf20b0e89ff848e2b2b889,9422114266876975837,GPT,GAMMA,BASELINE,REPAIRED,1,ITT,FREE8,BINF,IC-b,C4R,C4,575,0.009231538746435,-0.001307648261834,0.0209975002923418,444,0,9556,0.088991100889911,40975e5da0baba92458014a1bd289663eea1949a3d2b8ca8040a62f572778552,REPAIRED_SUPPLEMENTAL,V13_SUPPLEMENTAL_SHA256_STREAM,1.0,False
SUPPLEMENTAL_HISTORICAL_ROW,"{""action_space"":""FREE8"",""analysis_id"":""SUPPLEMENTAL_HISTORICAL_ROW"",""budget"":""BINF"",""execution_policy"":""REPAIRED"",""information_condition"":""IC-b"",""lhs"":""C5"",""model"":""GPT"",""oracle"":""alpha"",""population"":""ITT"",""reasoning_regime"":""BASELINE"",""replicate"":""RUN1"",""rhs"":""C4""}",491f52c1683c4c12c954b5ffc76fc7b20c9f074b79d4f0a1d5d623694265151b,5269021079677717522,GPT,ALPHA,BASELINE,REPAIRED,1,ITT,FREE8,BINF,IC-b,C5,C4,575,0.0413670836295406,-0.0584699729522361,0.1386532187490413,2016,0,7984,0.4033596640335966,47cb43187a6f73d7114200d2605b82c1a28defff42d6fbe44ae1502303f2c5e2,REPAIRED_SUPPLEMENTAL,V13_SUPPLEMENTAL_SHA256_STREAM,1.0,False
SUPPLEMENTAL_HISTORICAL_ROW,"{""action_space"":""FREE8"",""analysis_id"":""SUPPLEMENTAL_HISTORICAL_ROW"",""budget"":""BINF"",""execution_policy"":""REPAIRED"",""information_condition"":""IC-b"",""lhs"":""C5"",""model"":""GPT"",""oracle"":""beta"",""population"":""ITT"",""reasoning_regime"":""BASELINE"",""replicate"":""RUN1"",""rhs"":""C4""}",6dbb3ff76417e662ca4ab9efe29c84a7fa3048be8f958e6b812542465f48e9c6,7906983902547797602,GPT,BETA,BASELINE,REPAIRED,1,ITT,FREE8,BINF,IC-b,C5,C4,575,0.0111292390114641,-0.0188764055042016,0.0412867710358016,2273,0,7727,0.4547545245475452,b807d68106c2ba66deb92ae7d5d1d78433e001f71e42de7a59356aefea5d5d4b,REPAIRED_SUPPLEMENTAL,V13_SUPPLEMENTAL_SHA256_STREAM,1.0,False
SUPPLEMENTAL_HISTORICAL_ROW,"{""action_space"":""FREE8"",""analysis_id"":""SUPPLEMENTAL_HISTORICAL_ROW"",""budget"":""BINF"",""execution_policy"":""REPAIRED"",""information_condition"":""IC-b"",""lhs"":""C5"",""model"":""GPT"",""oracle"":""gamma"",""population"":""ITT"",""reasoning_regime"":""BASELINE"",""replicate"":""RUN1"",""rhs"":""C4""}",c1999ba31e1467e18e19bfb2cbf0e69478887dc21a47792175f9c87e6b268629,13950352445643450337,GPT,GAMMA,BASELINE,REPAIRED,1,ITT,FREE8,BINF,IC-b,C5,C4,575,-0.0414084557477259,-0.0848273538009015,0.0008434956893488,9723,0,277,0.0555944405559444,7cb3f43ff285c489076ef9d1a9908b3fed6793d13b3e6398926e01471651c334,REPAIRED_SUPPLEMENTAL,V13_SUPPLEMENTAL_SHA256_STREAM,1.0,False
SUPPLEMENTAL_HISTORICAL_ROW,"{""action_space"":""FREE8"",""analysis_id"":""SUPPLEMENTAL_HISTORICAL_ROW"",""budget"":""BINF"",""execution_policy"":""REPAIRED"",""information_condition"":""IC-b"",""lhs"":""C6-E"",""model"":""GPT"",""oracle"":""alpha"",""population"":""ITT"",""reasoning_regime"":""BASELINE"",""replicate"":""RUN1"",""rhs"":""C4R""}",a06e1f0bcd517b56dd046db295a3a9591e40175e165feef18c770d0d855af350,11560211429056412502,GPT,ALPHA,BASELINE,REPAIRED,1,ITT,FREE8,BINF,IC-b,C6-E,C4R,575,0.2069672461925741,0.1253735227928784,0.2914014007995074,0,0,10000,0.0001999800019998,290ceeb94de329b98838b7420fb9b08b815b696eea6ee89c1fc56db43ba323bc,REPAIRED_SUPPLEMENTAL,V13_SUPPLEMENTAL_SHA256_STREAM,0.023997600239976002,True
SUPPLEMENTAL_HISTORICAL_ROW,"{""action_space"":""FREE8"",""analysis_id"":""SUPPLEMENTAL_HISTORICAL_ROW"",""budget"":""BINF"",""execution_policy"":""REPAIRED"",""information_condition"":""IC-b"",""lhs"":""C6-E"",""model"":""GPT"",""oracle"":""beta"",""population"":""ITT"",""reasoning_regime"":""BASELINE"",""replicate"":""RUN1"",""rhs"":""C4R""}",9c57a4a737a3bc3840ce6ced8dc0dcd303403b0bfe6cea7115603e109010b505,11265654030990556216,GPT,BETA,BASELINE,REPAIRED,1,ITT,FREE8,BINF,IC-b,C6-E,C4R,575,0.0569421562500198,0.0313897973102901,0.0836815738160865,2,0,9998,0.0005999400059994,87fcd5c092e629aa5be1b5f55a7f83f7a5149e69f4dff06c5f1c000e834cfc3e,REPAIRED_SUPPLEMENTAL,V13_SUPPLEMENTAL_SHA256_STREAM,0.05999400059993999,False
SUPPLEMENTAL_HISTORICAL_ROW,"{""action_space"":""FREE8"",""analysis_id"":""SUPPLEMENTAL_HISTORICAL_ROW"",""budget"":""BINF"",""execution_policy"":""REPAIRED"",""information_condition"":""IC-b"",""lhs"":""C6-E"",""model"":""GPT"",""oracle"":""gamma"",""population"":""ITT"",""reasoning_regime"":""BASELINE"",""replicate"":""RUN1"",""rhs"":""C4R""}",418fec8d89f29177d44e4b280ca693aba5d1d9279419d4f1bb3a0429ce1a79c5,4724254626783859063,GPT,GAMMA,BASELINE,REPAIRED,1,ITT,FREE8,BINF,IC-b,C6-E,C4R,575,0.0489227866851875,0.0133235490981303,0.0841721696722116,38,0,9962,0.0077992200779922,17d922a2261c2282b266677e30c3f07d9b3bbb41c8941fabfd260840e5fc7517,REPAIRED_SUPPLEMENTAL,V13_SUPPLEMENTAL_SHA256_STREAM,0.6707329267073292,False
SUPPLEMENTAL_HISTORICAL_ROW,"{""action_space"":""FREE8"",""analysis_id"":""SUPPLEMENTAL_HISTORICAL_ROW"",""budget"":""BINF"",""execution_policy"":""REPAIRED"",""information_condition"":""IC-b"",""lhs"":""C6-E"",""model"":""GPT"",""oracle"":""alpha"",""population"":""ITT"",""reasoning_regime"":""BASELINE"",""replicate"":""RUN1"",""rhs"":""C6-EX""}",9befe454befbceafc36f660a9b33ac8b316f464f5636aa3e7dce910302c1a0c3,11236450647945236143,GPT,ALPHA,BASELINE,REPAIRED,1,ITT,FREE8,BINF,IC-b,C6-E,C6-EX,575,0.1572364736573245,0.0606891481813332,0.2570926463637558,4,0,9996,0.000999900009999,c227e2195f6c376cbcfa27be499acd12878f949b4cba27c7d4f340f2f32a2f3d,REPAIRED_SUPPLEMENTAL,V13_SUPPLEMENTAL_SHA256_STREAM,0.09399060093990601,False
SUPPLEMENTAL_HISTORICAL_ROW,"{""action_space"":""FREE8"",""analysis_id"":""SUPPLEMENTAL_HISTORICAL_ROW"",""budget"":""BINF"",""execution_policy"":""REPAIRED"",""information_condition"":""IC-b"",""lhs"":""C6-E"",""model"":""GPT"",""oracle"":""beta"",""population"":""ITT"",""reasoning_regime"":""BASELINE"",""replicate"":""RUN1"",""rhs"":""C6-EX""}",03c06833109c77adee85ac2b56e19741610618f8a7f11e8c2b011870aaa19880,270330546173540269,GPT,BETA,BASELINE,REPAIRED,1,ITT,FREE8,BINF,IC-b,C6-E,C6-EX,575,0.032272511221048,-0.000286632403282,0.0658444823554892,262,0,9738,0.0525947405259474,ba521109446b723845a97b9506c34136fe688553f6ace0a1210b66d5753445b3,REPAIRED_SUPPLEMENTAL,V13_SUPPLEMENTAL_SHA256_STREAM,1.0,False
SUPPLEMENTAL_HISTORICAL_ROW,"{""action_space"":""FREE8"",""analysis_id"":""SUPPLEMENTAL_HISTORICAL_ROW"",""budget"":""BINF"",""execution_policy"":""REPAIRED"",""information_condition"":""IC-b"",""lhs"":""C6-E"",""model"":""GPT"",""oracle"":""gamma"",""population"":""ITT"",""reasoning_regime"":""BASELINE"",""replicate"":""RUN1"",""rhs"":""C6-EX""}",48d43ebdf738e0fff0cc245cf11f34799b40a7c7aaaba6ca368bcaaa4305d6e8,5247888451410911487,GPT,GAMMA,BASELINE,REPAIRED,1,ITT,FREE8,BINF,IC-b,C6-E,C6-EX,575,0.0355274290915145,-0.0003521857052903,0.0714253952088576,264,0,9736,0.052994700529947,ef590da919989190504c1425b608f0e1bb25c073f01982c4e04550830a0fe559,REPAIRED_SUPPLEMENTAL,V13_SUPPLEMENTAL_SHA256_STREAM,1.0,False
SUPPLEMENTAL_HISTORICAL_ROW,"{""action_space"":""FREE8"",""analysis_id"":""SUPPLEMENTAL_HISTORICAL_ROW"",""budget"":""BINF"",""execution_policy"":""REPAIRED"",""information_condition"":""IC-b"",""lhs"":""C4R"",""model"":""GPT"",""oracle"":""alpha"",""population"":""ITT"",""reasoning_regime"":""BASELINE"",""replicate"":""RUN2"",""rhs"":""C4""}",daa9fbb011bc697ccbd5c04e856c48a10e48a684bb9f8d5c3e57c903a3636f0b,15756401504962767228,GPT,ALPHA,BASELINE,REPAIRED,2,ITT,FREE8,BINF,IC-b,C4R,C4,575,0.0224247472625064,-0.0023736784680711,0.0486697257022243,397,0,9603,0.0795920407959204,963cdb6c04df8b76a0a3f0903dc3725914aea84bf1911c1d8be4139dd1250e20,STABILITY_SUPPLEMENTAL,V13_SUPPLEMENTAL_SHA256_STREAM,1.0,False
SUPPLEMENTAL_HISTORICAL_ROW,"{""action_space"":""FREE8"",""analysis_id"":""SUPPLEMENTAL_HISTORICAL_ROW"",""budget"":""BINF"",""execution_policy"":""REPAIRED"",""information_condition"":""IC-b"",""lhs"":""C4R"",""model"":""GPT"",""oracle"":""beta"",""population"":""ITT"",""reasoning_regime"":""BASELINE"",""replicate"":""RUN2"",""rhs"":""C4""}",3693b529ec30de303ea210d4e7a60e59dd9bf37b7f5613ef0d9b27fc3ffadbdc,3932686091285487152,GPT,BETA,BASELINE,REPAIRED,2,ITT,FREE8,BINF,IC-b,C4R,C4,575,0.0031328658536192,-0.00260221694134,0.0075210683728616,1164,0,8836,0.232976702329767,dcf711ee3f1ba2f4f3d7bea4110d2062865493430a5ccfb4042794efc9de8d8a,STABILITY_SUPPLEMENTAL,V13_SUPPLEMENTAL_SHA256_STREAM,1.0,False
SUPPLEMENTAL_HISTORICAL_ROW,"{""action_space"":""FREE8"",""analysis_id"":""SUPPLEMENTAL_HISTORICAL_ROW"",""budget"":""BINF"",""execution_policy"":""REPAIRED"",""information_condition"":""IC-b"",""lhs"":""C4R"",""model"":""GPT"",""oracle"":""gamma"",""population"":""ITT"",""reasoning_regime"":""BASELINE"",""replicate"":""RUN2"",""rhs"":""C4""}",b8bbfd6820d8ea2911ba5f0dde59f73c4b6492c00999ab3be75f4ded2fba7784,13311511747293145641,GPT,GAMMA,BASELINE,REPAIRED,2,ITT,FREE8,BINF,IC-b,C4R,C4,575,0.0092185206420606,-0.0005197166720635,0.0205100963774982,329,0,9671,0.065993400659934,05ca722d0fa42d0ceda6a4acfdc57cc406e905d07776b21187b1586e3d99f2c1,STABILITY_SUPPLEMENTAL,V13_SUPPLEMENTAL_SHA256_STREAM,1.0,False
SUPPLEMENTAL_HISTORICAL_ROW,"{""action_space"":""FREE8"",""analysis_id"":""SUPPLEMENTAL_HISTORICAL_ROW"",""budget"":""BINF"",""execution_policy"":""REPAIRED"",""information_condition"":""IC-b"",""lhs"":""C6-E"",""model"":""GPT"",""oracle"":""alpha"",""population"":""ITT"",""reasoning_regime"":""BASELINE"",""replicate"":""RUN2"",""rhs"":""C4R""}",0bb2277c738de34e182cb3dbb9721038ec1e2438ad445fc98c8df565a85aabf6,842779495739810638,GPT,ALPHA,BASELINE,REPAIRED,2,ITT,FREE8,BINF,IC-b,C6-E,C4R,575,0.1856559903912356,0.092224083659737,0.2822278236936854,1,0,9999,0.0003999600039996,6db8f2d1d0beae5e1634ed647686e496163bd611b6e6c604cca2390d0c18f49b,STABILITY_SUPPLEMENTAL,V13_SUPPLEMENTAL_SHA256_STREAM,0.0311968803119688,True
SUPPLEMENTAL_HISTORICAL_ROW,"{""action_space"":""FREE8"",""analysis_id"":""SUPPLEMENTAL_HISTORICAL_ROW"",""budget"":""BINF"",""execution_policy"":""REPAIRED"",""information_condition"":""IC-b"",""lhs"":""C6-E"",""model"":""GPT"",""oracle"":""beta"",""population"":""ITT"",""reasoning_regime"":""BASELINE"",""replicate"":""RUN2"",""rhs"":""C4R""}",4fe4b37b63f3ed1f89437891ccafd7927ab0e739031f5975538ce8efbbb9e84d,5756923566225616159,GPT,BETA,BASELINE,REPAIRED,2,ITT,FREE8,BINF,IC-b,C6-E,C4R,575,0.0529511510512504,0.0172787700148844,0.0878023067392337,17,0,9983,0.0035996400359964,b63bf034832deb47382ca85fc1497b39526a0b92d29bb48bd96e48900bfda2db,STABILITY_SUPPLEMENTAL,V13_SUPPLEMENTAL_SHA256_STREAM,0.215978402159784,False
SUPPLEMENTAL_HISTORICAL_ROW,"{""action_space"":""FREE8"",""analysis_id"":""SUPPLEMENTAL_HISTORICAL_ROW"",""budget"":""BINF"",""execution_policy"":""REPAIRED"",""information_condition"":""IC-b"",""lhs"":""C6-E"",""model"":""GPT"",""oracle"":""gamma"",""population"":""ITT"",""reasoning_regime"":""BASELINE"",""replicate"":""RUN2"",""rhs"":""C4R""}",26d8c0b51159629a23e5dbd80814c3c6403428a88b3264cb7d3389042f8f8e46,2799199052323447450,GPT,GAMMA,BASELINE,REPAIRED,2,ITT,FREE8,BINF,IC-b,C6-E,C4R,575,0.0533641106427015,0.0160944712250738,0.0915603784319927,20,0,9980,0.0041995800419958,30d6682d57dc793cb77f5b99856bdfd6d46b641250730ed1f7d201538240ccf5,STABILITY_SUPPLEMENTAL,V13_SUPPLEMENTAL_SHA256_STREAM,0.2477752224777522,False
SUPPLEMENTAL_HISTORICAL_ROW,"{""action_space"":""FREE8"",""analysis_id"":""SUPPLEMENTAL_HISTORICAL_ROW"",""budget"":""B1"",""execution_policy"":""STRICT"",""information_condition"":""IC-b"",""lhs"":""C4R"",""model"":""GEMINI"",""oracle"":""alpha"",""population"":""ITT"",""reasoning_regime"":""BASELINE"",""replicate"":""RUN2"",""rhs"":""C4""}",dd76a74196060e96c193a1b6a4baed51023ea8f48e5780d781118c16669bd479,15958126229765623446,GEMINI,ALPHA,BASELINE,STRICT,2,ITT,FREE8,B1,IC-b,C4R,C4,575,-0.008518221863576,-0.0610421554024413,0.0378151023797032,6321,0,3679,0.7359264073592641,c73afc511101c54f878ca3d75c82d585cd69ba05cad121029df9317e57ff8258,STABILITY_SUPPLEMENTAL,V13_SUPPLEMENTAL_SHA256_STREAM,1.0,False
SUPPLEMENTAL_HISTORICAL_ROW,"{""action_space"":""FREE8"",""analysis_id"":""SUPPLEMENTAL_HISTORICAL_ROW"",""budget"":""B1"",""execution_policy"":""STRICT"",""information_condition"":""IC-b"",""lhs"":""C4R"",""model"":""GEMINI"",""oracle"":""beta"",""population"":""ITT"",""reasoning_regime"":""BASELINE"",""replicate"":""RUN2"",""rhs"":""C4""}",0d4024e2bf0f9ac9fe9ee6ccbf0f5ee35e686f9ba9ed490909b3edf90f5ad094,954803677289224905,GEMINI,BETA,BASELINE,STRICT,2,ITT,FREE8,B1,IC-b,C4R,C4,575,-0.0009036197260419,-0.0094868234417762,0.0099880322048256,6033,0,3967,0.7935206479352065,85a322f9537a1d6d6ff9520d0793b580aaa18b468ca2504a0c040ee81fac967a,STABILITY_SUPPLEMENTAL,V13_SUPPLEMENTAL_SHA256_STREAM,1.0,False
SUPPLEMENTAL_HISTORICAL_ROW,"{""action_space"":""FREE8"",""analysis_id"":""SUPPLEMENTAL_HISTORICAL_ROW"",""budget"":""B1"",""execution_policy"":""STRICT"",""information_condition"":""IC-b"",""lhs"":""C4R"",""model"":""GEMINI"",""oracle"":""gamma"",""population"":""ITT"",""reasoning_regime"":""BASELINE"",""replicate"":""RUN2"",""rhs"":""C4""}",a9ff9f823174f2f749f33760ccd6f27cd9975266f0a11351acf57a732a6aab86,12249684892995351287,GEMINI,GAMMA,BASELINE,STRICT,2,ITT,FREE8,B1,IC-b,C4R,C4,575,0.0011339901689739,-0.0165357650578306,0.0168589931280667,4296,0,5704,0.8593140685931406,07ee7fdbd2ba60410e211a328c672d466250d011b255d818f54fa8bbf0ff5865,STABILITY_SUPPLEMENTAL,V13_SUPPLEMENTAL_SHA256_STREAM,1.0,False
SUPPLEMENTAL_HISTORICAL_ROW,"{""action_space"":""FREE8"",""analysis_id"":""SUPPLEMENTAL_HISTORICAL_ROW"",""budget"":""B1"",""execution_policy"":""STRICT"",""information_condition"":""IC-b"",""lhs"":""C6-E"",""model"":""GEMINI"",""oracle"":""alpha"",""population"":""ITT"",""reasoning_regime"":""BASELINE"",""replicate"":""RUN2"",""rhs"":""C4R""}",06baf9b897e9f0d1f174c8a7de3efc55851443d10ac0fd21cd449a75a5fb0cbc,484974481113739473,GEMINI,ALPHA,BASELINE,STRICT,2,ITT,FREE8,B1,IC-b,C6-E,C4R,575,-0.0020499375230224,-0.0519349528555354,0.0459375451140831,5291,0,4709,0.941905809419058,8dfda6c38663082f40ac976029735cc444185eefafc8ef2c421ac57541d4952d,STABILITY_SUPPLEMENTAL,V13_SUPPLEMENTAL_SHA256_STREAM,1.0,False
SUPPLEMENTAL_HISTORICAL_ROW,"{""action_space"":""FREE8"",""analysis_id"":""SUPPLEMENTAL_HISTORICAL_ROW"",""budget"":""B1"",""execution_policy"":""STRICT"",""information_condition"":""IC-b"",""lhs"":""C6-E"",""model"":""GEMINI"",""oracle"":""beta"",""population"":""ITT"",""reasoning_regime"":""BASELINE"",""replicate"":""RUN2"",""rhs"":""C4R""}",33bfca91d7228485f964d889df04539d5269c2b6b7d8c139ddf8d9a862a08938,3728921744214492293,GEMINI,BETA,BASELINE,STRICT,2,ITT,FREE8,B1,IC-b,C6-E,C4R,575,0.0036468134567291,-0.0006728379265708,0.0082835633762464,509,0,9491,0.101989801019898,ab28beb860b18620e55136e612b4a76c8c102ffe0378bf27ba4d769896765bc6,STABILITY_SUPPLEMENTAL,V13_SUPPLEMENTAL_SHA256_STREAM,1.0,False
SUPPLEMENTAL_HISTORICAL_ROW,"{""action_space"":""FREE8"",""analysis_id"":""SUPPLEMENTAL_HISTORICAL_ROW"",""budget"":""B1"",""execution_policy"":""STRICT"",""information_condition"":""IC-b"",""lhs"":""C6-E"",""model"":""GEMINI"",""oracle"":""gamma"",""population"":""ITT"",""reasoning_regime"":""BASELINE"",""replicate"":""RUN2"",""rhs"":""C4R""}",0642d2ba0f4dbd5c17fa2fd19ec55fcb750e3bfca3dacaaecac5416df15a4b35,451154609252973916,GEMINI,GAMMA,BASELINE,STRICT,2,ITT,FREE8,B1,IC-b,C6-E,C4R,575,-0.0040873431180066,-0.0176183071368251,0.0097636145308219,7181,0,2819,0.563943605639436,7c2e88827d81ec35a8ce24321a649a2d4948c5c702a7d7026b809684b2b54652,STABILITY_SUPPLEMENTAL,V13_SUPPLEMENTAL_SHA256_STREAM,1.0,False
SUPPLEMENTAL_HISTORICAL_ROW,"{""action_space"":""FREE8"",""analysis_id"":""SUPPLEMENTAL_HISTORICAL_ROW"",""budget"":""BINF"",""execution_policy"":""STRICT"",""information_condition"":""IC-b"",""lhs"":""C4R"",""model"":""GEMINI"",""oracle"":""alpha"",""population"":""ITT"",""reasoning_regime"":""BASELINE"",""replicate"":""RUN2"",""rhs"":""C4""}",475f0aa0f6485ee003154d6be4a9330477ba03265666f43cb94902066ea10d40,5142840985923378912,GEMINI,ALPHA,BASELINE,STRICT,2,ITT,FREE8,BINF,IC-b,C4R,C4,575,0.1150247223394299,0.0678559425532641,0.167756147009783,0,0,10000,0.0001999800019998,5f383e52600b7154c91f0088e6170f61fe46e6b356030e1a57f4b933f8baa36a,STABILITY_SUPPLEMENTAL,V13_SUPPLEMENTAL_SHA256_STREAM,0.0191980801919808,True
SUPPLEMENTAL_HISTORICAL_ROW,"{""action_space"":""FREE8"",""analysis_id"":""SUPPLEMENTAL_HISTORICAL_ROW"",""budget"":""BINF"",""execution_policy"":""STRICT"",""information_condition"":""IC-b"",""lhs"":""C4R"",""model"":""GEMINI"",""oracle"":""beta"",""population"":""ITT"",""reasoning_regime"":""BASELINE"",""replicate"":""RUN2"",""rhs"":""C4""}",0eaf274ff9bc70c4d1ebe51c8ebf8b7a518299aca1b461ba9b44004115dcad22,1058107661901131972,GEMINI,BETA,BASELINE,STRICT,2,ITT,FREE8,BINF,IC-b,C4R,C4,575,0.0347038551005181,0.0147261927174022,0.0605532862069967,0,0,10000,0.0001999800019998,101c0c5239170702d4b5be0d2b2c78869a436479518b6cf5a6f0279c35c0c267,STABILITY_SUPPLEMENTAL,V13_SUPPLEMENTAL_SHA256_STREAM,0.0191980801919808,True
SUPPLEMENTAL_HISTORICAL_ROW,"{""action_space"":""FREE8"",""analysis_id"":""SUPPLEMENTAL_HISTORICAL_ROW"",""budget"":""BINF"",""execution_policy"":""STRICT"",""information_condition"":""IC-b"",""lhs"":""C4R"",""model"":""GEMINI"",""oracle"":""gamma"",""population"":""ITT"",""reasoning_regime"":""BASELINE"",""replicate"":""RUN2"",""rhs"":""C4""}",cc360b353b1c20f34ac95daa93c08a51c4170d32a69e3d355dd323d428ecb9af,14714961155732545779,GEMINI,GAMMA,BASELINE,STRICT,2,ITT,FREE8,BINF,IC-b,C4R,C4,575,0.0271389797500414,0.011169069930616,0.0448134361200914,4,0,9996,0.000999900009999,0576f604db3e9188d75f1055a91c16f9be2a43dd067c77c637963e4271873920,STABILITY_SUPPLEMENTAL,V13_SUPPLEMENTAL_SHA256_STREAM,0.068993100689931,False
SUPPLEMENTAL_HISTORICAL_ROW,"{""action_space"":""FREE8"",""analysis_id"":""SUPPLEMENTAL_HISTORICAL_ROW"",""budget"":""BINF"",""execution_policy"":""STRICT"",""information_condition"":""IC-b"",""lhs"":""C6-E"",""model"":""GEMINI"",""oracle"":""alpha"",""population"":""ITT"",""reasoning_regime"":""BASELINE"",""replicate"":""RUN2"",""rhs"":""C4R""}",fc7cd6aaf0f4a9a5ec0b9e80aef989da73aa47a7c61ef810090edaf553c9a1cd,18193652624345311653,GEMINI,ALPHA,BASELINE,STRICT,2,ITT,FREE8,BINF,IC-b,C6-E,C4R,575,0.0586446525913185,-0.0132957745850209,0.1320064534320952,550,0,9450,0.1101889811018898,7fcf9efc1d48a738daf8279ff8b46ff486eb3e47b578652a0f913a345c136c68,STABILITY_SUPPLEMENTAL,V13_SUPPLEMENTAL_SHA256_STREAM,1.0,False
SUPPLEMENTAL_HISTORICAL_ROW,"{""action_space"":""FREE8"",""analysis_id"":""SUPPLEMENTAL_HISTORICAL_ROW"",""budget"":""BINF"",""execution_policy"":""STRICT"",""information_condition"":""IC-b"",""lhs"":""C6-E"",""model"":""GEMINI"",""oracle"":""beta"",""population"":""ITT"",""reasoning_regime"":""BASELINE"",""replicate"":""RUN2"",""rhs"":""C4R""}",0ab390a41f40dc7b38e00b9f7fdc3fdae2b659115029dad6166f85f21d6a2731,771118995783867515,GEMINI,BETA,BASELINE,STRICT,2,ITT,FREE8,BINF,IC-b,C6-E,C4R,575,-0.0037627747426372,-0.0319979638563037,0.021218532457129,5992,0,4008,0.8017198280171983,e7bf1fe0719770d2ec0fb0a91a4e84ed744c4267b14c0081c0e054a33505ab50,STABILITY_SUPPLEMENTAL,V13_SUPPLEMENTAL_SHA256_STREAM,1.0,False
SUPPLEMENTAL_HISTORICAL_ROW,"{""action_space"":""FREE8"",""analysis_id"":""SUPPLEMENTAL_HISTORICAL_ROW"",""budget"":""BINF"",""execution_policy"":""STRICT"",""information_condition"":""IC-b"",""lhs"":""C6-E"",""model"":""GEMINI"",""oracle"":""gamma"",""population"":""ITT"",""reasoning_regime"":""BASELINE"",""replicate"":""RUN2"",""rhs"":""C4R""}",d05fd8e4d2debf86a7114360f235471ce8a0a7b99a1244f2e65a997737945233,15014958159978479494,GEMINI,GAMMA,BASELINE,STRICT,2,ITT,FREE8,BINF,IC-b,C6-E,C4R,575,0.0224447176496353,-0.00272001952238,0.0486187647867651,419,0,9581,0.083991600839916,553ea22d5b3068d5e10ca02d661d718b4989a3f05d533261cb7a3f95e2412533,STABILITY_SUPPLEMENTAL,V13_SUPPLEMENTAL_SHA256_STREAM,1.0,False
SUPPLEMENTAL_HISTORICAL_ROW,"{""action_space"":""FREE8"",""analysis_id"":""SUPPLEMENTAL_HISTORICAL_ROW"",""budget"":""B1"",""execution_policy"":""STRICT"",""information_condition"":""IC-b"",""lhs"":""C4R"",""model"":""GPT"",""oracle"":""alpha"",""population"":""ITT"",""reasoning_regime"":""BASELINE"",""replicate"":""RUN2"",""rhs"":""C4""}",48ff6d3ed2febc2c21a26990665e0d31c05038877b797139b4ad18b0e8317a95,5260043006387338284,GPT,ALPHA,BASELINE,STRICT,2,ITT,FREE8,B1,IC-b,C4R,C4,575,0.1181270705137651,0.073103200202149,0.1677393870611516,0,0,10000,0.0001999800019998,de021bd0668a413631915467c788728453aec96ad2ef43fe15be7e96fd964b8d,STABILITY_SUPPLEMENTAL,V13_SUPPLEMENTAL_SHA256_STREAM,0.0191980801919808,True
SUPPLEMENTAL_HISTORICAL_ROW,"{""action_space"":""FREE8"",""analysis_id"":""SUPPLEMENTAL_HISTORICAL_ROW"",""budget"":""B1"",""execution_policy"":""STRICT"",""information_condition"":""IC-b"",""lhs"":""C4R"",""model"":""GPT"",""oracle"":""beta"",""population"":""ITT"",""reasoning_regime"":""BASELINE"",""replicate"":""RUN2"",""rhs"":""C4""}",ab0f88e78671f98215e6579387b08693e7b04e1dad81b654ef605868b5a36661,12326221233110776194,GPT,BETA,BASELINE,STRICT,2,ITT,FREE8,B1,IC-b,C4R,C4,575,0.0307022389303257,0.0178131450220711,0.0467909436272823,0,0,10000,0.0001999800019998,0400526df04cd9d033e35d6f63d8915eeaae867def70439073b9215ac087cc41,STABILITY_SUPPLEMENTAL,V13_SUPPLEMENTAL_SHA256_STREAM,0.0191980801919808,True
SUPPLEMENTAL_HISTORICAL_ROW,"{""action_space"":""FREE8"",""analysis_id"":""SUPPLEMENTAL_HISTORICAL_ROW"",""budget"":""B1"",""execution_policy"":""STRICT"",""information_condition"":""IC-b"",""lhs"":""C4R"",""model"":""GPT"",""oracle"":""gamma"",""population"":""ITT"",""reasoning_regime"":""BASELINE"",""replicate"":""RUN2"",""rhs"":""C4""}",4d96eb3398e466b60e8c2ec4bd2922e30a44b7de812631133dfeec822511d105,5590914594268014262,GPT,GAMMA,BASELINE,STRICT,2,ITT,FREE8,B1,IC-b,C4R,C4,575,0.0270836085085994,0.0087224601479952,0.0467752591048705,13,0,9987,0.0027997200279972,4bf7d6fabe575b492be22a66d9ffbaa7a9aafd018731a4560caf1a7e2f7fa7d7,STABILITY_SUPPLEMENTAL,V13_SUPPLEMENTAL_SHA256_STREAM,0.1735826417358264,False
SUPPLEMENTAL_HISTORICAL_ROW,"{""action_space"":""FREE8"",""analysis_id"":""SUPPLEMENTAL_HISTORICAL_ROW"",""budget"":""B1"",""execution_policy"":""STRICT"",""information_condition"":""IC-b"",""lhs"":""C6-E"",""model"":""GPT"",""oracle"":""alpha"",""population"":""ITT"",""reasoning_regime"":""BASELINE"",""replicate"":""RUN2"",""rhs"":""C4R""}",10c5f2ed4ca3f5b2a7772ee77d72356e912b3067e758bd5ce0958b93e4ed72d1,1208639176025830834,GPT,ALPHA,BASELINE,STRICT,2,ITT,FREE8,B1,IC-b,C6-E,C4R,575,0.0565608065752115,-0.0253908729336395,0.139264991226479,911,0,9089,0.1823817618238176,b699e4ddb172a8cbd7f13b8ee4b1fac610ba2f64681038fa0afa26c7b5346158,STABILITY_SUPPLEMENTAL,V13_SUPPLEMENTAL_SHA256_STREAM,1.0,False
SUPPLEMENTAL_HISTORICAL_ROW,"{""action_space"":""FREE8"",""analysis_id"":""SUPPLEMENTAL_HISTORICAL_ROW"",""budget"":""B1"",""execution_policy"":""STRICT"",""information_condition"":""IC-b"",""lhs"":""C6-E"",""model"":""GPT"",""oracle"":""beta"",""population"":""ITT"",""reasoning_regime"":""BASELINE"",""replicate"":""RUN2"",""rhs"":""C4R""}",fbd20c89c63e3af05d211f6c5a6de58b6a9f1c23f74c3854330f490337f59a6a,18145579634505169648,GPT,BETA,BASELINE,STRICT,2,ITT,FREE8,B1,IC-b,C6-E,C4R,575,0.0115784181709983,-0.0138816702067904,0.0361916899607575,1795,0,8205,0.3591640835916408,9781509bf32342c243f30e56fd849960053966f34803028fc4687e02b9d3b6bc,STABILITY_SUPPLEMENTAL,V13_SUPPLEMENTAL_SHA256_STREAM,1.0,False
SUPPLEMENTAL_HISTORICAL_ROW,"{""action_space"":""FREE8"",""analysis_id"":""SUPPLEMENTAL_HISTORICAL_ROW"",""budget"":""B1"",""execution_policy"":""STRICT"",""information_condition"":""IC-b"",""lhs"":""C6-E"",""model"":""GPT"",""oracle"":""gamma"",""population"":""ITT"",""reasoning_regime"":""BASELINE"",""replicate"":""RUN2"",""rhs"":""C4R""}",c61196a949e9a1b226293d6a78d1a288650aa1ef778b0dbd8b42ea83e49832e6,14272354347947499954,GPT,GAMMA,BASELINE,STRICT,2,ITT,FREE8,B1,IC-b,C6-E,C4R,575,0.0196668983607551,-0.0150781771593838,0.0547143710966264,1293,0,8707,0.2587741225877412,9fc4f6b293165ebd28d9c01b6ed2aaf2dd803d8d0f6d0318165c691b659cb9f4,STABILITY_SUPPLEMENTAL,V13_SUPPLEMENTAL_SHA256_STREAM,1.0,False
SUPPLEMENTAL_HISTORICAL_ROW,"{""action_space"":""FREE8"",""analysis_id"":""SUPPLEMENTAL_HISTORICAL_ROW"",""budget"":""BINF"",""execution_policy"":""STRICT"",""information_condition"":""IC-b"",""lhs"":""C4R"",""model"":""GPT"",""oracle"":""alpha"",""population"":""ITT"",""reasoning_regime"":""BASELINE"",""replicate"":""RUN2"",""rhs"":""C4""}",097bd499eba0f830c973b2c64bb92b75d8e74007a5395e15fd7bc35e2c4078cc,683373526025041968,GPT,ALPHA,BASELINE,STRICT,2,ITT,FREE8,BINF,IC-b,C4R,C4,575,0.1503872417557171,0.0967419904564826,0.208437486475255,0,0,10000,0.0001999800019998,766710b75896b8cc856f9e340a276a8ee82ad714671201b2f870ceee213debdb,STABILITY_SUPPLEMENTAL,V13_SUPPLEMENTAL_SHA256_STREAM,0.0191980801919808,True
SUPPLEMENTAL_HISTORICAL_ROW,"{""action_space"":""FREE8"",""analysis_id"":""SUPPLEMENTAL_HISTORICAL_ROW"",""budget"":""BINF"",""execution_policy"":""STRICT"",""information_condition"":""IC-b"",""lhs"":""C4R"",""model"":""GPT"",""oracle"":""beta"",""population"":""ITT"",""reasoning_regime"":""BASELINE"",""replicate"":""RUN2"",""rhs"":""C4""}",86ddea0811d71cb43c2751509e547476824586da8bba28f9c2500dbe591a1f76,9718180891315346612,GPT,BETA,BASELINE,STRICT,2,ITT,FREE8,BINF,IC-b,C4R,C4,575,0.0292106119371504,0.0059925454053355,0.0546877909774871,76,0,9924,0.0153984601539846,09dfa9f52860fba03fffe3a8bbc359ab2e723ab9905eb05e1a31b5416a768c3e,STABILITY_SUPPLEMENTAL,V13_SUPPLEMENTAL_SHA256_STREAM,0.846915308469153,False
SUPPLEMENTAL_HISTORICAL_ROW,"{""action_space"":""FREE8"",""analysis_id"":""SUPPLEMENTAL_HISTORICAL_ROW"",""budget"":""BINF"",""execution_policy"":""STRICT"",""information_condition"":""IC-b"",""lhs"":""C4R"",""model"":""GPT"",""oracle"":""gamma"",""population"":""ITT"",""reasoning_regime"":""BASELINE"",""replicate"":""RUN2"",""rhs"":""C4""}",4c51ec5f0a0257945df7620ed9929bf95f2cb19dbdc3268d49ee9484c31a54c6,5499436512930060180,GPT,GAMMA,BASELINE,STRICT,2,ITT,FREE8,BINF,IC-b,C4R,C4,575,0.0482535321309907,0.0240531370447181,0.0755969907367301,1,0,9999,0.0003999600039996,f16ed5307e35ffdc4735bcb0479acdf7ac8184cc11501b8aa97184ac75f57c97,STABILITY_SUPPLEMENTAL,V13_SUPPLEMENTAL_SHA256_STREAM,0.0311968803119688,True
SUPPLEMENTAL_HISTORICAL_ROW,"{""action_space"":""FREE8"",""analysis_id"":""SUPPLEMENTAL_HISTORICAL_ROW"",""budget"":""BINF"",""execution_policy"":""STRICT"",""information_condition"":""IC-b"",""lhs"":""C6-E"",""model"":""GPT"",""oracle"":""alpha"",""population"":""ITT"",""reasoning_regime"":""BASELINE"",""replicate"":""RUN2"",""rhs"":""C4R""}",7c072d720c0120df65e95144e8ebd36daa7d2aed12b796475f5a2d41603c19ba,8937161953390960863,GPT,ALPHA,BASELINE,STRICT,2,ITT,FREE8,BINF,IC-b,C6-E,C4R,575,0.111052575948137,0.0117553637544241,0.2098068867998628,142,0,9858,0.0285971402859714,66296a313e8217d4dfd5a3af7807f8c7e21b153afdf073e7b3208464e0f8a4d9,STABILITY_SUPPLEMENTAL,V13_SUPPLEMENTAL_SHA256_STREAM,1.0,False
SUPPLEMENTAL_HISTORICAL_ROW,"{""action_space"":""FREE8"",""analysis_id"":""SUPPLEMENTAL_HISTORICAL_ROW"",""budget"":""BINF"",""execution_policy"":""STRICT"",""information_condition"":""IC-b"",""lhs"":""C6-E"",""model"":""GPT"",""oracle"":""beta"",""population"":""ITT"",""reasoning_regime"":""BASELINE"",""replicate"":""RUN2"",""rhs"":""C4R""}",b820e3dd11641d0d92fcbabc75d0ff7d11d42f84c7fc52d77b2322d43124d489,13267855040852532493,GPT,BETA,BASELINE,STRICT,2,ITT,FREE8,BINF,IC-b,C6-E,C4R,575,0.0347835143874181,-0.0030824779403324,0.0737732171399105,367,0,9633,0.0735926407359264,e186d3af55bad2afc0f00e4e12273cebbd185f119acf280422681cfed04f7a0f,STABILITY_SUPPLEMENTAL,V13_SUPPLEMENTAL_SHA256_STREAM,1.0,False
SUPPLEMENTAL_HISTORICAL_ROW,"{""action_space"":""FREE8"",""analysis_id"":""SUPPLEMENTAL_HISTORICAL_ROW"",""budget"":""BINF"",""execution_policy"":""STRICT"",""information_condition"":""IC-b"",""lhs"":""C6-E"",""model"":""GPT"",""oracle"":""gamma"",""population"":""ITT"",""reasoning_regime"":""BASELINE"",""replicate"":""RUN2"",""rhs"":""C4R""}",c8933f8ec0593375000fc4844e7330600db367478dc3afc2ce42020f6504a934,14452965511507030901,GPT,GAMMA,BASELINE,STRICT,2,ITT,FREE8,BINF,IC-b,C6-E,C4R,575,0.0454432177130845,0.007120973264555,0.0863274125884796,109,0,9891,0.021997800219978,585d2450afd53ffddc726c8e85176aee702b26afe22c6d298e25a65cb3083aab,STABILITY_SUPPLEMENTAL,V13_SUPPLEMENTAL_SHA256_STREAM,1.0,False
SUPPLEMENTAL_HISTORICAL_ROW,"{""action_space"":""CANDIDATE9"",""analysis_id"":""SUPPLEMENTAL_HISTORICAL_ROW"",""budget"":""B1"",""execution_policy"":""REPAIRED"",""information_condition"":""IC-b"",""lhs"":""C4R"",""model"":""GEMINI"",""oracle"":""alpha"",""population"":""ITT"",""reasoning_regime"":""HIGH"",""replicate"":""RUN1"",""rhs"":""C4""}",3ae34e4b3abc01cd2206dae87f44c1f1e78166a36591cc8125e478d719355b69,4243321358928052685,GEMINI,ALPHA,HIGH,REPAIRED,1,ITT,CANDIDATE9,B1,IC-b,C4R,C4,575,-0.0203331720559225,-0.0518907568704326,0.0098658346574689,9083,0,917,0.1835816418358164,9584f655e2f4c774882bfcf8758b597e252e805731320f63e0d86d69fc7e9649,REPAIRED_SUPPLEMENTAL,V13_SUPPLEMENTAL_SHA256_STREAM,1.0,False
SUPPLEMENTAL_HISTORICAL_ROW,"{""action_space"":""CANDIDATE9"",""analysis_id"":""SUPPLEMENTAL_HISTORICAL_ROW"",""budget"":""B1"",""execution_policy"":""REPAIRED"",""information_condition"":""IC-b"",""lhs"":""C4R"",""model"":""GEMINI"",""oracle"":""beta"",""population"":""ITT"",""reasoning_regime"":""HIGH"",""replicate"":""RUN1"",""rhs"":""C4""}",81cc754d0c2093907a606710c1a5fc715505fad5061727a8e7dfef029b23322c,9352979499918070672,GEMINI,BETA,HIGH,REPAIRED,1,ITT,CANDIDATE9,B1,IC-b,C4R,C4,575,-0.0039390710537549,-0.0080532094340364,-0.0007964839829285,9977,0,23,0.0047995200479952,c79bf546ff3e581c9bc8388942f1e96586a8791ca8507f57a1175bcbb826a411,REPAIRED_SUPPLEMENTAL,V13_SUPPLEMENTAL_SHA256_STREAM,0.4271572842715728,False
SUPPLEMENTAL_HISTORICAL_ROW,"{""action_space"":""CANDIDATE9"",""analysis_id"":""SUPPLEMENTAL_HISTORICAL_ROW"",""budget"":""B1"",""execution_policy"":""REPAIRED"",""information_condition"":""IC-b"",""lhs"":""C4R"",""model"":""GEMINI"",""oracle"":""gamma"",""population"":""ITT"",""reasoning_regime"":""HIGH"",""replicate"":""RUN1"",""rhs"":""C4""}",e8eea79c5dfe95f0bb4e83ad38abc1b54dc027448bc1da618a03a374731d2060,16784537151290119664,GEMINI,GAMMA,HIGH,REPAIRED,1,ITT,CANDIDATE9,B1,IC-b,C4R,C4,575,-0.0051610701653675,-0.0202382173998826,0.0103494160302544,7575,0,2425,0.4851514848515148,c1fbd03a6a2b3dce357aa9c9904bba253f8fec39d5267510e9164c52fb343e9e,REPAIRED_SUPPLEMENTAL,V13_SUPPLEMENTAL_SHA256_STREAM,1.0,False
SUPPLEMENTAL_HISTORICAL_ROW,"{""action_space"":""CANDIDATE9"",""analysis_id"":""SUPPLEMENTAL_HISTORICAL_ROW"",""budget"":""B1"",""execution_policy"":""REPAIRED"",""information_condition"":""IC-b"",""lhs"":""C6-E"",""model"":""GEMINI"",""oracle"":""alpha"",""population"":""ITT"",""reasoning_regime"":""HIGH"",""replicate"":""RUN1"",""rhs"":""C4R""}",90f354769d0cfef03b6b79572f9ac647dd47746bef574b427e4f1cbbc6b96c9e,10444784829220060912,GEMINI,ALPHA,HIGH,REPAIRED,1,ITT,CANDIDATE9,B1,IC-b,C6-E,C4R,575,0.0370327081794462,-0.0096411647955806,0.0854496558368719,603,0,9397,0.1207879212078792,4fc6356b3e512c6e9865260a8eb0c7e60ba248d85c1dbb24a66327eaad3424e9,REPAIRED_SUPPLEMENTAL,V13_SUPPLEMENTAL_SHA256_STREAM,1.0,False
SUPPLEMENTAL_HISTORICAL_ROW,"{""action_space"":""CANDIDATE9"",""analysis_id"":""SUPPLEMENTAL_HISTORICAL_ROW"",""budget"":""B1"",""execution_policy"":""REPAIRED"",""information_condition"":""IC-b"",""lhs"":""C6-E"",""model"":""GEMINI"",""oracle"":""beta"",""population"":""ITT"",""reasoning_regime"":""HIGH"",""replicate"":""RUN1"",""rhs"":""C4R""}",871ec4af7d263acb6c1cf2298a3db8cf68a8ace1b99379d73ee55f85cc64f3ca,9736435702419569355,GEMINI,BETA,HIGH,REPAIRED,1,ITT,CANDIDATE9,B1,IC-b,C6-E,C4R,575,0.0086610773664386,-0.0002306334895297,0.0202525435723846,301,0,9699,0.0603939606039396,5515bd94dbefabb025ec77f93477b09f3c3030baee385eb1bd9756f23cbb583f,REPAIRED_SUPPLEMENTAL,V13_SUPPLEMENTAL_SHA256_STREAM,1.0,False
SUPPLEMENTAL_HISTORICAL_ROW,"{""action_space"":""CANDIDATE9"",""analysis_id"":""SUPPLEMENTAL_HISTORICAL_ROW"",""budget"":""B1"",""execution_policy"":""REPAIRED"",""information_condition"":""IC-b"",""lhs"":""C6-E"",""model"":""GEMINI"",""oracle"":""gamma"",""population"":""ITT"",""reasoning_regime"":""HIGH"",""replicate"":""RUN1"",""rhs"":""C4R""}",2ce7dd151844ca46cf68a31e582a2afbe7f1f451559eaf4f9777be15d11c5512,3235797939960203846,GEMINI,GAMMA,HIGH,REPAIRED,1,ITT,CANDIDATE9,B1,IC-b,C6-E,C4R,575,0.0078455967302778,-0.0133474346868715,0.0281070109561417,2213,0,7787,0.4427557244275572,b18ac734da52767b4171d4741c77007f01fe1bc6d9d4b21b390da707838b68fb,REPAIRED_SUPPLEMENTAL,V13_SUPPLEMENTAL_SHA256_STREAM,1.0,False
SUPPLEMENTAL_HISTORICAL_ROW,"{""action_space"":""CANDIDATE9"",""analysis_id"":""SUPPLEMENTAL_HISTORICAL_ROW"",""budget"":""B1"",""execution_policy"":""REPAIRED"",""information_condition"":""IC-b"",""lhs"":""C4R"",""model"":""GPT"",""oracle"":""alpha"",""population"":""ITT"",""reasoning_regime"":""HIGH"",""replicate"":""RUN1"",""rhs"":""C4""}",f1399dde41eefa2a150e1cd811aaa8be12db41da1ec7dc3f6e2c5057c7952693,17382097814727621162,GPT,ALPHA,HIGH,REPAIRED,1,ITT,CANDIDATE9,B1,IC-b,C4R,C4,575,0.014299958652293,-0.0030914069940461,0.0369191127595087,663,5,9332,0.1337866213378662,55f77e6c80bfbcc319a12c5a43758cdebaf1d6ab913d3840a68ffadab49dd96b,REPAIRED_SUPPLEMENTAL,V13_SUPPLEMENTAL_SHA256_STREAM,1.0,False
SUPPLEMENTAL_HISTORICAL_ROW,"{""action_space"":""CANDIDATE9"",""analysis_id"":""SUPPLEMENTAL_HISTORICAL_ROW"",""budget"":""B1"",""execution_policy"":""REPAIRED"",""information_condition"":""IC-b"",""lhs"":""C4R"",""model"":""GPT"",""oracle"":""beta"",""population"":""ITT"",""reasoning_regime"":""HIGH"",""replicate"":""RUN1"",""rhs"":""C4""}",bafc74038e5da2b308a1b33a6354e459e27e7f0e7057fd1a8ec5de863764b611,13473771743807906483,GPT,BETA,HIGH,REPAIRED,1,ITT,CANDIDATE9,B1,IC-b,C4R,C4,575,0.0009794210439283,-0.0046767168184444,0.0061251358500016,3474,0,6526,0.694930506949305,594b866e8a8dd50ae7c748396d186840c747e2edfbe9da5914991c8ac4c36c8e,REPAIRED_SUPPLEMENTAL,V13_SUPPLEMENTAL_SHA256_STREAM,1.0,False
SUPPLEMENTAL_HISTORICAL_ROW,"{""action_space"":""CANDIDATE9"",""analysis_id"":""SUPPLEMENTAL_HISTORICAL_ROW"",""budget"":""B1"",""execution_policy"":""REPAIRED"",""information_condition"":""IC-b"",""lhs"":""C4R"",""model"":""GPT"",""oracle"":""gamma"",""population"":""ITT"",""reasoning_regime"":""HIGH"",""replicate"":""RUN1"",""rhs"":""C4""}",b19c2cba193175379481ac5dccf1bf33a6a29909a33ebc1ac83db0a084a84f13,12798153418878317879,GPT,GAMMA,HIGH,REPAIRED,1,ITT,CANDIDATE9,B1,IC-b,C4R,C4,575,0.0031701791311687,-0.0082811923468851,0.0149912489737593,2943,0,7057,0.5887411258874112,3bbdbac17e9e2faad85b4058dc108050cafcaaa5e3e4367cc72d8c90528a454f,REPAIRED_SUPPLEMENTAL,V13_SUPPLEMENTAL_SHA256_STREAM,1.0,False
SUPPLEMENTAL_HISTORICAL_ROW,"{""action_space"":""CANDIDATE9"",""analysis_id"":""SUPPLEMENTAL_HISTORICAL_ROW"",""budget"":""B1"",""execution_policy"":""REPAIRED"",""information_condition"":""IC-b"",""lhs"":""C6-E"",""model"":""GPT"",""oracle"":""alpha"",""population"":""ITT"",""reasoning_regime"":""HIGH"",""replicate"":""RUN1"",""rhs"":""C4R""}",768ea11721584470500d06abe624efa85ab8d9a1bb073276dfb684c9a199ca04,8542942663884162160,GPT,ALPHA,HIGH,REPAIRED,1,ITT,CANDIDATE9,B1,IC-b,C6-E,C4R,575,0.0323951260599358,-0.0042094833397046,0.0700122303734323,416,0,9584,0.0833916608339166,9fa117440f0f4112055c46d24c0039c443f73a73ff92afe1762d85025ae98653,REPAIRED_SUPPLEMENTAL,V13_SUPPLEMENTAL_SHA256_STREAM,1.0,False
SUPPLEMENTAL_HISTORICAL_ROW,"{""action_space"":""CANDIDATE9"",""analysis_id"":""SUPPLEMENTAL_HISTORICAL_ROW"",""budget"":""B1"",""execution_policy"":""REPAIRED"",""information_condition"":""IC-b"",""lhs"":""C6-E"",""model"":""GPT"",""oracle"":""beta"",""population"":""ITT"",""reasoning_regime"":""HIGH"",""replicate"":""RUN1"",""rhs"":""C4R""}",36def72b2bb7f8f292c36533da8f8a66399ded17443553f8d7bdd6c6e920904e,3953869287667005682,GPT,BETA,HIGH,REPAIRED,1,ITT,CANDIDATE9,B1,IC-b,C6-E,C4R,575,0.0036742978374687,-0.0101798020295823,0.014005289789469,2510,0,7490,0.5021497850214979,0702aab2f12d3935a17adfba3a12d374acf279487460833cf71e54c52074cae0,REPAIRED_SUPPLEMENTAL,V13_SUPPLEMENTAL_SHA256_STREAM,1.0,False
SUPPLEMENTAL_HISTORICAL_ROW,"{""action_space"":""CANDIDATE9"",""analysis_id"":""SUPPLEMENTAL_HISTORICAL_ROW"",""budget"":""B1"",""execution_policy"":""REPAIRED"",""information_condition"":""IC-b"",""lhs"":""C6-E"",""model"":""GPT"",""oracle"":""gamma"",""population"":""ITT"",""reasoning_regime"":""HIGH"",""replicate"":""RUN1"",""rhs"":""C4R""}",df6799921ab3a8c8f506241716d3a83d844bb04871c7ff19c3900b1cd80b752f,16098004245851384008,GPT,GAMMA,HIGH,REPAIRED,1,ITT,CANDIDATE9,B1,IC-b,C6-E,C4R,575,0.0265193490221898,0.004971293351208,0.0504131681384386,69,0,9931,0.013998600139986,82106a88eb67a0cf3e9ac2caa3e5bad384f475dab6da3ddd8d74f5bc65da5a9c,REPAIRED_SUPPLEMENTAL,V13_SUPPLEMENTAL_SHA256_STREAM,1.0,False
SUPPLEMENTAL_HISTORICAL_ROW,"{""action_space"":""FREE8"",""analysis_id"":""SUPPLEMENTAL_HISTORICAL_ROW"",""budget"":""B1"",""execution_policy"":""REPAIRED"",""information_condition"":""IC-b"",""lhs"":""C4R"",""model"":""GEMINI"",""oracle"":""alpha"",""population"":""ITT"",""reasoning_regime"":""HIGH"",""replicate"":""RUN1"",""rhs"":""C4""}",ed5f82577ea997aedd6851659697a3518ae454cc32187418cad97bed9e5502ff,17104533222075242414,GEMINI,ALPHA,HIGH,REPAIRED,1,ITT,FREE8,B1,IC-b,C4R,C4,575,0.0003330382923199,-0.0278835690577774,0.0301413326567384,4821,0,5179,0.9643035696430357,aa1bd5ce918d3daef9f2c952f2ea65b42a25035da2efeea1258eff05be7ac602,REPAIRED_SUPPLEMENTAL,V13_SUPPLEMENTAL_SHA256_STREAM,1.0,False
SUPPLEMENTAL_HISTORICAL_ROW,"{""action_space"":""FREE8"",""analysis_id"":""SUPPLEMENTAL_HISTORICAL_ROW"",""budget"":""B1"",""execution_policy"":""REPAIRED"",""information_condition"":""IC-b"",""lhs"":""C4R"",""model"":""GEMINI"",""oracle"":""beta"",""population"":""ITT"",""reasoning_regime"":""HIGH"",""replicate"":""RUN1"",""rhs"":""C4""}",14aa1cc897cec58e127152a39cc313d8df5e94732d50ac093b6e9078f3d2f872,1489034274665317774,GEMINI,BETA,HIGH,REPAIRED,1,ITT,FREE8,B1,IC-b,C4R,C4,575,-0.0021866216849391,-0.0071036519225456,0.001542151708431,8443,0,1557,0.3115688431156884,b61b4a7bebe0a1be0c38e5a04e67f8c6afe84736a2f9b5de2b5ca0690cfef7f4,REPAIRED_SUPPLEMENTAL,V13_SUPPLEMENTAL_SHA256_STREAM,1.0,False
SUPPLEMENTAL_HISTORICAL_ROW,"{""action_space"":""FREE8"",""analysis_id"":""SUPPLEMENTAL_HISTORICAL_ROW"",""budget"":""B1"",""execution_policy"":""REPAIRED"",""information_condition"":""IC-b"",""lhs"":""C4R"",""model"":""GEMINI"",""oracle"":""gamma"",""population"":""ITT"",""reasoning_regime"":""HIGH"",""replicate"":""RUN1"",""rhs"":""C4""}",5aa8762ed481db4b9e8bd4b27ee3f2258e21f0238251f9ea65d0c143d869717e,6532601203006757707,GEMINI,GAMMA,HIGH,REPAIRED,1,ITT,FREE8,B1,IC-b,C4R,C4,575,0.0073622993285393,-0.005809925678824,0.0217649907937313,1396,0,8604,0.2793720627937206,66f0de55e7738616d7dabeadcab15db7254c108ce603fb6bf7d26a4a140e8cc3,REPAIRED_SUPPLEMENTAL,V13_SUPPLEMENTAL_SHA256_STREAM,1.0,False
SUPPLEMENTAL_HISTORICAL_ROW,"{""action_space"":""FREE8"",""analysis_id"":""SUPPLEMENTAL_HISTORICAL_ROW"",""budget"":""B1"",""execution_policy"":""REPAIRED"",""information_condition"":""IC-b"",""lhs"":""C5"",""model"":""GEMINI"",""oracle"":""alpha"",""population"":""ITT"",""reasoning_regime"":""HIGH"",""replicate"":""RUN1"",""rhs"":""C4""}",5ac1153f40be983f3e7a8d8f2033c5e8f4f47e4ce0cc48d68cce2ef60bb52b69,6539531495332026431,GEMINI,ALPHA,HIGH,REPAIRED,1,ITT,FREE8,B1,IC-b,C5,C4,575,0.0625204655074251,0.0046820741814458,0.120925942893099,161,0,9839,0.0323967603239676,b873a10a219045a889a5896833d4ac98957afa9b4e21884aaa447234aa5ab159,REPAIRED_SUPPLEMENTAL,V13_SUPPLEMENTAL_SHA256_STREAM,1.0,False
SUPPLEMENTAL_HISTORICAL_ROW,"{""action_space"":""FREE8"",""analysis_id"":""SUPPLEMENTAL_HISTORICAL_ROW"",""budget"":""B1"",""execution_policy"":""REPAIRED"",""information_condition"":""IC-b"",""lhs"":""C5"",""model"":""GEMINI"",""oracle"":""beta"",""population"":""ITT"",""reasoning_regime"":""HIGH"",""replicate"":""RUN1"",""rhs"":""C4""}",3d0084e6e5d6187a9681a77e3441e07e34f9d983b0df5ca98a1d4106038318fe,4395659363546962042,GEMINI,BETA,HIGH,REPAIRED,1,ITT,FREE8,B1,IC-b,C5,C4,575,0.0148058655034405,-0.0034748894660599,0.0357971029983219,607,0,9393,0.1215878412158784,3538b49401c090da8a87fa6ee95ddbccc4ff6aed61c08c63fbbe424379e89fcd,REPAIRED_SUPPLEMENTAL,V13_SUPPLEMENTAL_SHA256_STREAM,1.0,False
SUPPLEMENTAL_HISTORICAL_ROW,"{""action_space"":""FREE8"",""analysis_id"":""SUPPLEMENTAL_HISTORICAL_ROW"",""budget"":""B1"",""execution_policy"":""REPAIRED"",""information_condition"":""IC-b"",""lhs"":""C5"",""model"":""GEMINI"",""oracle"":""gamma"",""population"":""ITT"",""reasoning_regime"":""HIGH"",""replicate"":""RUN1"",""rhs"":""C4""}",5ce2470991d0b0957c7f3223fc9daa8bb4e1f92a8a274044a14e011c96f3726e,6692990102652629141,GEMINI,GAMMA,HIGH,REPAIRED,1,ITT,FREE8,B1,IC-b,C5,C4,575,0.0114947977020007,-0.0176679987224326,0.0416005333778168,2199,0,7801,0.43995600439956,71d73472dce2142db7fe8ea1d2959b445a6fd4a5e34e89eb4419525c6b44357f,REPAIRED_SUPPLEMENTAL,V13_SUPPLEMENTAL_SHA256_STREAM,1.0,False
SUPPLEMENTAL_HISTORICAL_ROW,"{""action_space"":""FREE8"",""analysis_id"":""SUPPLEMENTAL_HISTORICAL_ROW"",""budget"":""B1"",""execution_policy"":""REPAIRED"",""information_condition"":""IC-b"",""lhs"":""C6-E"",""model"":""GEMINI"",""oracle"":""alpha"",""population"":""ITT"",""reasoning_regime"":""HIGH"",""replicate"":""RUN1"",""rhs"":""C4R""}",b08e6fc366daa1f24ceb996617b35ea43086a642aaa6da9943f010126897be17,12722228882403140082,GEMINI,ALPHA,HIGH,REPAIRED,1,ITT,FREE8,B1,IC-b,C6-E,C4R,575,0.0793043899061371,0.0371255648012353,0.1232991730362754,2,0,9998,0.0005999400059994,25c7b4610161f37f8be13fad982f674bbfcdd61fbf8fb1a2ae791a63902358d6,REPAIRED_SUPPLEMENTAL,V13_SUPPLEMENTAL_SHA256_STREAM,0.05999400059993999,False
SUPPLEMENTAL_HISTORICAL_ROW,"{""action_space"":""FREE8"",""analysis_id"":""SUPPLEMENTAL_HISTORICAL_ROW"",""budget"":""B1"",""execution_policy"":""REPAIRED"",""information_condition"":""IC-b"",""lhs"":""C6-E"",""model"":""GEMINI"",""oracle"":""beta"",""population"":""ITT"",""reasoning_regime"":""HIGH"",""replicate"":""RUN1"",""rhs"":""C4R""}",f2fad10d6dc1c5038b0a7a8f9f76a86c2192f6fa37b041710bfd370ef4c9373c,17508536356962419971,GEMINI,BETA,HIGH,REPAIRED,1,ITT,FREE8,B1,IC-b,C6-E,C4R,575,0.0176363682237426,0.0075988485898507,0.0305787153865305,2,0,9998,0.0005999400059994,edddc8860427bf29d1ced1bf65ebd6d4899bf09f8f0de8edb9f1ff11fed8aea7,REPAIRED_SUPPLEMENTAL,V13_SUPPLEMENTAL_SHA256_STREAM,0.05999400059993999,False
SUPPLEMENTAL_HISTORICAL_ROW,"{""action_space"":""FREE8"",""analysis_id"":""SUPPLEMENTAL_HISTORICAL_ROW"",""budget"":""B1"",""execution_policy"":""REPAIRED"",""information_condition"":""IC-b"",""lhs"":""C6-E"",""model"":""GEMINI"",""oracle"":""gamma"",""population"":""ITT"",""reasoning_regime"":""HIGH"",""replicate"":""RUN1"",""rhs"":""C4R""}",9fe0db5e208952eec9bcefae29c7847bd8b5479763df70f0cf1ecee7e2bdba34,11520449044133008110,GEMINI,GAMMA,HIGH,REPAIRED,1,ITT,FREE8,B1,IC-b,C6-E,C4R,575,0.0166215750977078,-0.0045661854715176,0.0389569967575633,613,0,9387,0.1227877212278772,815bc905539033d04080b8471b8ed66e69026b39833f90ddb777f39fa35eb727,REPAIRED_SUPPLEMENTAL,V13_SUPPLEMENTAL_SHA256_STREAM,1.0,False
SUPPLEMENTAL_HISTORICAL_ROW,"{""action_space"":""FREE8"",""analysis_id"":""SUPPLEMENTAL_HISTORICAL_ROW"",""budget"":""B1"",""execution_policy"":""REPAIRED"",""information_condition"":""IC-b"",""lhs"":""C6-E"",""model"":""GEMINI"",""oracle"":""alpha"",""population"":""ITT"",""reasoning_regime"":""HIGH"",""replicate"":""RUN1"",""rhs"":""C6-EX""}",19dc409132f6d4f416563da2c01c37a1d53732a7115887d5a2222e0dda26ac65,1863435338194015476,GEMINI,ALPHA,HIGH,REPAIRED,1,ITT,FREE8,B1,IC-b,C6-E,C6-EX,575,0.0469908301740581,-0.0036853817219092,0.100821329270422,336,0,9664,0.0673932606739326,3c7ded76ca3f1d247201a1e53d27492f3b5760c8dd9e0332b53d5c828ecaf464,REPAIRED_SUPPLEMENTAL,V13_SUPPLEMENTAL_SHA256_STREAM,1.0,False
SUPPLEMENTAL_HISTORICAL_ROW,"{""action_space"":""FREE8"",""analysis_id"":""SUPPLEMENTAL_HISTORICAL_ROW"",""budget"":""B1"",""execution_policy"":""REPAIRED"",""information_condition"":""IC-b"",""lhs"":""C6-E"",""model"":""GEMINI"",""oracle"":""beta"",""population"":""ITT"",""reasoning_regime"":""HIGH"",""replicate"":""RUN1"",""rhs"":""C6-EX""}",fc00477586f12ded96af6915f72a3e2499fb266efc21e33e31f917ec4d2ad84e,18158592267658538477,GEMINI,BETA,HIGH,REPAIRED,1,ITT,FREE8,B1,IC-b,C6-E,C6-EX,575,0.0049119968739506,-0.0013369768082179,0.0108456082994993,609,0,9391,0.121987801219878,7f24361926ab1a921cda4a9651369b846646fdbf483332fb001b650d764c7626,REPAIRED_SUPPLEMENTAL,V13_SUPPLEMENTAL_SHA256_STREAM,1.0,False
SUPPLEMENTAL_HISTORICAL_ROW,"{""action_space"":""FREE8"",""analysis_id"":""SUPPLEMENTAL_HISTORICAL_ROW"",""budget"":""B1"",""execution_policy"":""REPAIRED"",""information_condition"":""IC-b"",""lhs"":""C6-E"",""model"":""GEMINI"",""oracle"":""gamma"",""population"":""ITT"",""reasoning_regime"":""HIGH"",""replicate"":""RUN1"",""rhs"":""C6-EX""}",3c746541b3190495b16c643aca4f3f8721b432b0ac893c9f1b05b5bc06cdc356,4356218072426153109,GEMINI,GAMMA,HIGH,REPAIRED,1,ITT,FREE8,B1,IC-b,C6-E,C6-EX,575,0.0147412172257541,-0.0064362160845367,0.0368780538547393,873,0,9127,0.1747825217478252,ab553c58d71bd2cd24a216f1691cca2eed68451b377fccbe95f71ea9ee1d2610,REPAIRED_SUPPLEMENTAL,V13_SUPPLEMENTAL_SHA256_STREAM,1.0,False
SUPPLEMENTAL_HISTORICAL_ROW,"{""action_space"":""FREE8"",""analysis_id"":""SUPPLEMENTAL_HISTORICAL_ROW"",""budget"":""B1"",""execution_policy"":""REPAIRED"",""information_condition"":""IC-b"",""lhs"":""C4R"",""model"":""GEMINI"",""oracle"":""alpha"",""population"":""ITT"",""reasoning_regime"":""HIGH"",""replicate"":""RUN2"",""rhs"":""C4""}",75a38918882903218b56e8fac57f1279503cf4e871e9c437c27d81c8a7818417,8476769662098015009,GEMINI,ALPHA,HIGH,REPAIRED,2,ITT,FREE8,B1,IC-b,C4R,C4,575,-0.0134978132687859,-0.0497368495440637,0.016979177787807,7789,0,2211,0.4423557644235576,0dc21f8b48ba37214eb207003524a13c34263707b1f2caff1d05d574d6c8f00e,STABILITY_SUPPLEMENTAL,V13_SUPPLEMENTAL_SHA256_STREAM,1.0,False
SUPPLEMENTAL_HISTORICAL_ROW,"{""action_space"":""FREE8"",""analysis_id"":""SUPPLEMENTAL_HISTORICAL_ROW"",""budget"":""B1"",""execution_policy"":""REPAIRED"",""information_condition"":""IC-b"",""lhs"":""C4R"",""model"":""GEMINI"",""oracle"":""beta"",""population"":""ITT"",""reasoning_regime"":""HIGH"",""replicate"":""RUN2"",""rhs"":""C4""}",3ed684f94ce3023946ceefda2a044a2f16b80d83f6954fcdf9aab90028ec14f6,4527952681639281209,GEMINI,BETA,HIGH,REPAIRED,2,ITT,FREE8,B1,IC-b,C4R,C4,575,-0.0018485162604763,-0.0168695310756559,0.0127956761214656,5995,0,4005,0.8011198880111989,926dd094188a42cb81b109e5ff8e80c18a7951f59da8aba95ce09c873180e548,STABILITY_SUPPLEMENTAL,V13_SUPPLEMENTAL_SHA256_STREAM,1.0,False
SUPPLEMENTAL_HISTORICAL_ROW,"{""action_space"":""FREE8"",""analysis_id"":""SUPPLEMENTAL_HISTORICAL_ROW"",""budget"":""B1"",""execution_policy"":""REPAIRED"",""information_condition"":""IC-b"",""lhs"":""C4R"",""model"":""GEMINI"",""oracle"":""gamma"",""population"":""ITT"",""reasoning_regime"":""HIGH"",""replicate"":""RUN2"",""rhs"":""C4""}",508bf20c6be97adb41da97a8373b83b22ea164761d959dd3f6cb80841d19632c,5803998679961008859,GEMINI,GAMMA,HIGH,REPAIRED,2,ITT,FREE8,B1,IC-b,C4R,C4,575,-0.0019804155702906,-0.0141164765496952,0.0093314103900794,6360,0,3640,0.7281271872812719,e323a5a98a2a426dd49f36032a56349b7e03faf734ad5eb21a0a629bbb74171a,STABILITY_SUPPLEMENTAL,V13_SUPPLEMENTAL_SHA256_STREAM,1.0,False
SUPPLEMENTAL_HISTORICAL_ROW,"{""action_space"":""FREE8"",""analysis_id"":""SUPPLEMENTAL_HISTORICAL_ROW"",""budget"":""B1"",""execution_policy"":""REPAIRED"",""information_condition"":""IC-b"",""lhs"":""C6-E"",""model"":""GEMINI"",""oracle"":""alpha"",""population"":""ITT"",""reasoning_regime"":""HIGH"",""replicate"":""RUN2"",""rhs"":""C4R""}",9572ffcbf600b0d44f070834a825cf8480900e4418937948e898a47c91f1f30f,10768950910466961620,GEMINI,ALPHA,HIGH,REPAIRED,2,ITT,FREE8,B1,IC-b,C6-E,C4R,575,0.0768862348822135,0.0316236185662888,0.1269185911287438,6,0,9994,0.0013998600139986,0cd0469f8d77d3d66bfe6b4805508f3cbc899666175d4a1bd1f2a76a0021cf70,STABILITY_SUPPLEMENTAL,V13_SUPPLEMENTAL_SHA256_STREAM,0.0937906209379062,False
SUPPLEMENTAL_HISTORICAL_ROW,"{""action_space"":""FREE8"",""analysis_id"":""SUPPLEMENTAL_HISTORICAL_ROW"",""budget"":""B1"",""execution_policy"":""REPAIRED"",""information_condition"":""IC-b"",""lhs"":""C6-E"",""model"":""GEMINI"",""oracle"":""beta"",""population"":""ITT"",""reasoning_regime"":""HIGH"",""replicate"":""RUN2"",""rhs"":""C4R""}",7e50d259833fc6d3ec048211d581a1e4ecbd820d3c49007e2db8c41e2a086fb9,9102006128811689683,GEMINI,BETA,HIGH,REPAIRED,2,ITT,FREE8,B1,IC-b,C6-E,C4R,575,0.0195172736317035,0.0021499880449824,0.0382690494671711,131,0,9869,0.0263973602639736,b03450614b9f0d7e000165775a164df605f0e99dd3072f07d9bafd218eaf4d10,STABILITY_SUPPLEMENTAL,V13_SUPPLEMENTAL_SHA256_STREAM,1.0,False
SUPPLEMENTAL_HISTORICAL_ROW,"{""action_space"":""FREE8"",""analysis_id"":""SUPPLEMENTAL_HISTORICAL_ROW"",""budget"":""B1"",""execution_policy"":""REPAIRED"",""information_condition"":""IC-b"",""lhs"":""C6-E"",""model"":""GEMINI"",""oracle"":""gamma"",""population"":""ITT"",""reasoning_regime"":""HIGH"",""replicate"":""RUN2"",""rhs"":""C4R""}",cba0a8f71e069a648bb63f20a8708fba0f31c22849223d53975c5199d4732af2,14672913365287213668,GEMINI,GAMMA,HIGH,REPAIRED,2,ITT,FREE8,B1,IC-b,C6-E,C4R,575,0.0184475891294203,0.003480438944145,0.0345393985561633,80,0,9920,0.0161983801619838,ae55bb5c989f62cb771fc28c2b1842dd554e5843913f24ea856d0edc1bc29668,STABILITY_SUPPLEMENTAL,V13_SUPPLEMENTAL_SHA256_STREAM,0.863913608639136,False
SUPPLEMENTAL_HISTORICAL_ROW,"{""action_space"":""FREE8"",""analysis_id"":""SUPPLEMENTAL_HISTORICAL_ROW"",""budget"":""BINF"",""execution_policy"":""REPAIRED"",""information_condition"":""IC-b"",""lhs"":""C4R"",""model"":""GEMINI"",""oracle"":""alpha"",""population"":""ITT"",""reasoning_regime"":""HIGH"",""replicate"":""RUN1"",""rhs"":""C4""}",89c7d482d444b1321d1b558a32224a83b0c96725ec5d4fcfc996285dc48ad136,9928137561933656370,GEMINI,ALPHA,HIGH,REPAIRED,1,ITT,FREE8,BINF,IC-b,C4R,C4,575,0.1448879457482113,0.0934552270224253,0.2015766265660176,0,0,10000,0.0001999800019998,f93f89e89d42863330ec66a97a063c7faff1f357bba1de0aad93dee33447f5cc,REPAIRED_SUPPLEMENTAL,V13_SUPPLEMENTAL_SHA256_STREAM,0.023997600239976002,True
SUPPLEMENTAL_HISTORICAL_ROW,"{""action_space"":""FREE8"",""analysis_id"":""SUPPLEMENTAL_HISTORICAL_ROW"",""budget"":""BINF"",""execution_policy"":""REPAIRED"",""information_condition"":""IC-b"",""lhs"":""C4R"",""model"":""GEMINI"",""oracle"":""beta"",""population"":""ITT"",""reasoning_regime"":""HIGH"",""replicate"":""RUN1"",""rhs"":""C4""}",010943a62b8cfa29240a88aa092f7a5f164de7b63ae6a1bd2e9ca4edbcbb82d7,74665249802615337,GEMINI,BETA,HIGH,REPAIRED,1,ITT,FREE8,BINF,IC-b,C4R,C4,575,0.0301911152468026,0.0139042315739666,0.0515626049135072,0,0,10000,0.0001999800019998,6d1f38010ab1d40abca2a1cdad6bf11700cbcfbde9cb61ecc759888f62f45936,REPAIRED_SUPPLEMENTAL,V13_SUPPLEMENTAL_SHA256_STREAM,0.023997600239976002,True
SUPPLEMENTAL_HISTORICAL_ROW,"{""action_space"":""FREE8"",""analysis_id"":""SUPPLEMENTAL_HISTORICAL_ROW"",""budget"":""BINF"",""execution_policy"":""REPAIRED"",""information_condition"":""IC-b"",""lhs"":""C4R"",""model"":""GEMINI"",""oracle"":""gamma"",""population"":""ITT"",""reasoning_regime"":""HIGH"",""replicate"":""RUN1"",""rhs"":""C4""}",2f5815719d0318090f260c3aa44a9e62b746dd37d2176f17d36d4cf993fa00eb,3411500295442864137,GEMINI,GAMMA,HIGH,REPAIRED,1,ITT,FREE8,BINF,IC-b,C4R,C4,575,0.0122270227924374,-0.001775878675676,0.0270416073795636,453,0,9547,0.0907909209079092,ed69cc6dfff64137ab378afdf06ead15ff757c5c5aa03ad5b215e5e9f3e3be27,REPAIRED_SUPPLEMENTAL,V13_SUPPLEMENTAL_SHA256_STREAM,1.0,False
SUPPLEMENTAL_HISTORICAL_ROW,"{""action_space"":""FREE8"",""analysis_id"":""SUPPLEMENTAL_HISTORICAL_ROW"",""budget"":""BINF"",""execution_policy"":""REPAIRED"",""information_condition"":""IC-b"",""lhs"":""C5"",""model"":""GEMINI"",""oracle"":""alpha"",""population"":""ITT"",""reasoning_regime"":""HIGH"",""replicate"":""RUN1"",""rhs"":""C4""}",8339f37d13f570a90b5e092ddac12ca8c0b6e0fc60082214087eb9c7901469b8,9455856611172380841,GEMINI,ALPHA,HIGH,REPAIRED,1,ITT,FREE8,BINF,IC-b,C5,C4,575,-0.0652430602825521,-0.1504151942809078,0.0200242745881403,9320,0,680,0.1361863813618638,c5ed03a686079fc94d4752507223c562f67dd3a02737c72d455c57a8796acfc1,REPAIRED_SUPPLEMENTAL,V13_SUPPLEMENTAL_SHA256_STREAM,1.0,False
SUPPLEMENTAL_HISTORICAL_ROW,"{""action_space"":""FREE8"",""analysis_id"":""SUPPLEMENTAL_HISTORICAL_ROW"",""budget"":""BINF"",""execution_policy"":""REPAIRED"",""information_condition"":""IC-b"",""lhs"":""C5"",""model"":""GEMINI"",""oracle"":""beta"",""population"":""ITT"",""reasoning_regime"":""HIGH"",""replicate"":""RUN1"",""rhs"":""C4""}",02ce56d55338b777cc9e50b102a699145245c73459e653dccfbdfe3aa65e51d4,202194507502499703,GEMINI,BETA,HIGH,REPAIRED,1,ITT,FREE8,BINF,IC-b,C5,C4,575,-0.0007981189027952,-0.0330085966909475,0.0326097307417809,5243,0,4757,0.9515048495150484,83cd6ac999af9dfd8382e37b2933bf93b37edff826dae6eace04232de7b70e16,REPAIRED_SUPPLEMENTAL,V13_SUPPLEMENTAL_SHA256_STREAM,1.0,False
SUPPLEMENTAL_HISTORICAL_ROW,"{""action_space"":""FREE8"",""analysis_id"":""SUPPLEMENTAL_HISTORICAL_ROW"",""budget"":""BINF"",""execution_policy"":""REPAIRED"",""information_condition"":""IC-b"",""lhs"":""C5"",""model"":""GEMINI"",""oracle"":""gamma"",""population"":""ITT"",""reasoning_regime"":""HIGH"",""replicate"":""RUN1"",""rhs"":""C4""}",14c02cfb34729528234b686d261c66d0859f0c091ebaef6704cb724a144a0391,1495244533715342632,GEMINI,GAMMA,HIGH,REPAIRED,1,ITT,FREE8,BINF,IC-b,C5,C4,575,-0.0185250162845019,-0.0533805441365233,0.017129054958669,8435,0,1565,0.3131686831316868,00a65b51348b1dd70bf4507ffcf97dd86850b0df324978827c55ec4ddb2cc1ea,REPAIRED_SUPPLEMENTAL,V13_SUPPLEMENTAL_SHA256_STREAM,1.0,False
SUPPLEMENTAL_HISTORICAL_ROW,"{""action_space"":""FREE8"",""analysis_id"":""SUPPLEMENTAL_HISTORICAL_ROW"",""budget"":""BINF"",""execution_policy"":""REPAIRED"",""information_condition"":""IC-b"",""lhs"":""C6-E"",""model"":""GEMINI"",""oracle"":""alpha"",""population"":""ITT"",""reasoning_regime"":""HIGH"",""replicate"":""RUN1"",""rhs"":""C4R""}",f6f2630f339000def0c014cbda50dc2cb44f508b36b439714b06beeed45f4c7d,17794393994634985694,GEMINI,ALPHA,HIGH,REPAIRED,1,ITT,FREE8,BINF,IC-b,C6-E,C4R,575,0.0430853162824828,-0.0209397310756884,0.10571214808613,826,0,9174,0.1653834616538346,90a92ec59e147d389eb302b6bce99a77d5814cb7a64f5ec8c18e79338bdef19b,REPAIRED_SUPPLEMENTAL,V13_SUPPLEMENTAL_SHA256_STREAM,1.0,False
SUPPLEMENTAL_HISTORICAL_ROW,"{""action_space"":""FREE8"",""analysis_id"":""SUPPLEMENTAL_HISTORICAL_ROW"",""budget"":""BINF"",""execution_policy"":""REPAIRED"",""information_condition"":""IC-b"",""lhs"":""C6-E"",""model"":""GEMINI"",""oracle"":""beta"",""population"":""ITT"",""reasoning_regime"":""HIGH"",""replicate"":""RUN1"",""rhs"":""C4R""}",d82280bbe216e277d547d48b2e763935ae565459f4d5efc8f91748776545efaf,15574152005840986743,GEMINI,BETA,HIGH,REPAIRED,1,ITT,FREE8,BINF,IC-b,C6-E,C4R,575,0.0120003347734194,-0.0162580552067491,0.0386984738882487,1997,0,8003,0.3995600439956004,f950594c2bf82388351b79b2c8c8319a0c1048d9766931bfcf767ffa750d3dea,REPAIRED_SUPPLEMENTAL,V13_SUPPLEMENTAL_SHA256_STREAM,1.0,False
SUPPLEMENTAL_HISTORICAL_ROW,"{""action_space"":""FREE8"",""analysis_id"":""SUPPLEMENTAL_HISTORICAL_ROW"",""budget"":""BINF"",""execution_policy"":""REPAIRED"",""information_condition"":""IC-b"",""lhs"":""C6-E"",""model"":""GEMINI"",""oracle"":""gamma"",""population"":""ITT"",""reasoning_regime"":""HIGH"",""replicate"":""RUN1"",""rhs"":""C4R""}",333deeb1daafce0dfe46b1e82af93bc01174274020eec622ff53c295c30d3c49,3692369717159251469,GEMINI,GAMMA,HIGH,REPAIRED,1,ITT,FREE8,BINF,IC-b,C6-E,C4R,575,0.0427412929181628,0.0217010754430899,0.0644499629276211,0,0,10000,0.0001999800019998,f24fb8403d9f207ccb8c6f5ae4d4ae5f3a74d71a1f7c9bc0634ea70610a77de4,REPAIRED_SUPPLEMENTAL,V13_SUPPLEMENTAL_SHA256_STREAM,0.023997600239976002,True
SUPPLEMENTAL_HISTORICAL_ROW,"{""action_space"":""FREE8"",""analysis_id"":""SUPPLEMENTAL_HISTORICAL_ROW"",""budget"":""BINF"",""execution_policy"":""REPAIRED"",""information_condition"":""IC-b"",""lhs"":""C6-E"",""model"":""GEMINI"",""oracle"":""alpha"",""population"":""ITT"",""reasoning_regime"":""HIGH"",""replicate"":""RUN1"",""rhs"":""C6-EX""}",55ffc766e7d0499a32eeef2781a1c1a0bb93963ea84747dea37a25acaad1d71e,6196890857074870682,GEMINI,ALPHA,HIGH,REPAIRED,1,ITT,FREE8,BINF,IC-b,C6-E,C6-EX,575,0.0153244899294307,-0.041519921414924,0.0715272302511536,2972,0,7028,0.5945405459454055,288d328579da54f2a98c6cf6a1765aafc00cc7ec9ee073e150fb0609ad2cf4bc,REPAIRED_SUPPLEMENTAL,V13_SUPPLEMENTAL_SHA256_STREAM,1.0,False
SUPPLEMENTAL_HISTORICAL_ROW,"{""action_space"":""FREE8"",""analysis_id"":""SUPPLEMENTAL_HISTORICAL_ROW"",""budget"":""BINF"",""execution_policy"":""REPAIRED"",""information_condition"":""IC-b"",""lhs"":""C6-E"",""model"":""GEMINI"",""oracle"":""beta"",""population"":""ITT"",""reasoning_regime"":""HIGH"",""replicate"":""RUN1"",""rhs"":""C6-EX""}",dcef969015665fbba52af6bc1a4ec5643b0b6469b54954f2aa83718a180a347c,15920108753356480443,GEMINI,BETA,HIGH,REPAIRED,1,ITT,FREE8,BINF,IC-b,C6-E,C6-EX,575,-0.0002395902546702,-0.0197392056882918,0.0151445532241161,4815,0,5185,0.9631036896310368,c82d5bf566cbe36c2ed0d00a7a7d9f655a77395fceccd6ef3030a258b17504ba,REPAIRED_SUPPLEMENTAL,V13_SUPPLEMENTAL_SHA256_STREAM,1.0,False
SUPPLEMENTAL_HISTORICAL_ROW,"{""action_space"":""FREE8"",""analysis_id"":""SUPPLEMENTAL_HISTORICAL_ROW"",""budget"":""BINF"",""execution_policy"":""REPAIRED"",""information_condition"":""IC-b"",""lhs"":""C6-E"",""model"":""GEMINI"",""oracle"":""gamma"",""population"":""ITT"",""reasoning_regime"":""HIGH"",""replicate"":""RUN1"",""rhs"":""C6-EX""}",3cdd6803249f21906a042fe78dbfec2fbad7813ddd5eeb77843c062657a34478,4385775974837330320,GEMINI,GAMMA,HIGH,REPAIRED,1,ITT,FREE8,BINF,IC-b,C6-E,C6-EX,575,0.0227744302086518,0.0020118082675691,0.0447867158787124,162,0,9838,0.0325967403259674,54517bf89b0bad0cec2e78c653c082f94408b1fb5931e6a2c993992ec37e25fe,REPAIRED_SUPPLEMENTAL,V13_SUPPLEMENTAL_SHA256_STREAM,1.0,False
SUPPLEMENTAL_HISTORICAL_ROW,"{""action_space"":""FREE8"",""analysis_id"":""SUPPLEMENTAL_HISTORICAL_ROW"",""budget"":""BINF"",""execution_policy"":""REPAIRED"",""information_condition"":""IC-b"",""lhs"":""C4R"",""model"":""GEMINI"",""oracle"":""alpha"",""population"":""ITT"",""reasoning_regime"":""HIGH"",""replicate"":""RUN2"",""rhs"":""C4""}",714fd98b4c970c4b866c017da22f0d597a48170896be306389608e61c0068094,8164983841754647627,GEMINI,ALPHA,HIGH,REPAIRED,2,ITT,FREE8,BINF,IC-b,C4R,C4,575,0.1434374494292223,0.0962076829500724,0.194870988730925,0,0,10000,0.0001999800019998,24e4aa175dde79ae075d1e3664a54ea4e7f884c0d15ea0e201e020023afe6693,STABILITY_SUPPLEMENTAL,V13_SUPPLEMENTAL_SHA256_STREAM,0.0191980801919808,True
SUPPLEMENTAL_HISTORICAL_ROW,"{""action_space"":""FREE8"",""analysis_id"":""SUPPLEMENTAL_HISTORICAL_ROW"",""budget"":""BINF"",""execution_policy"":""REPAIRED"",""information_condition"":""IC-b"",""lhs"":""C4R"",""model"":""GEMINI"",""oracle"":""beta"",""population"":""ITT"",""reasoning_regime"":""HIGH"",""replicate"":""RUN2"",""rhs"":""C4""}",a5a223b8c8bcaf793c967ab332c4e4b87e91b9e1bdd74b26392391a181ab0d26,11935141239033999225,GEMINI,BETA,HIGH,REPAIRED,2,ITT,FREE8,BINF,IC-b,C4R,C4,575,0.019917651301469,0.0079451069050004,0.0339637886124715,1,0,9999,0.0003999600039996,88e9d8cc3e40a1c9ddfe98186faedec2ab8b4924b5ae05c8720d6383bb2362d6,STABILITY_SUPPLEMENTAL,V13_SUPPLEMENTAL_SHA256_STREAM,0.0311968803119688,True
SUPPLEMENTAL_HISTORICAL_ROW,"{""action_space"":""FREE8"",""analysis_id"":""SUPPLEMENTAL_HISTORICAL_ROW"",""budget"":""BINF"",""execution_policy"":""REPAIRED"",""information_condition"":""IC-b"",""lhs"":""C4R"",""model"":""GEMINI"",""oracle"":""gamma"",""population"":""ITT"",""reasoning_regime"":""HIGH"",""replicate"":""RUN2"",""rhs"":""C4""}",3c215028cb9c57c23de5be674bca88f966fd15fe8763a8c80ca283bc826d086f,4332832452652062658,GEMINI,GAMMA,HIGH,REPAIRED,2,ITT,FREE8,BINF,IC-b,C4R,C4,575,0.0145741505369609,-0.0043850682465932,0.0346790614025273,653,0,9347,0.1307869213078692,631ca86a9a68402b89dfadf54ce57066df705bcf599cc663024392119596867a,STABILITY_SUPPLEMENTAL,V13_SUPPLEMENTAL_SHA256_STREAM,1.0,False
SUPPLEMENTAL_HISTORICAL_ROW,"{""action_space"":""FREE8"",""analysis_id"":""SUPPLEMENTAL_HISTORICAL_ROW"",""budget"":""BINF"",""execution_policy"":""REPAIRED"",""information_condition"":""IC-b"",""lhs"":""C6-E"",""model"":""GEMINI"",""oracle"":""alpha"",""population"":""ITT"",""reasoning_regime"":""HIGH"",""replicate"":""RUN2"",""rhs"":""C4R""}",b5f372ba879649e70550c397154eb1c90d11d3fe690b8a1aab26699efc2b6516,13110949085669902823,GEMINI,ALPHA,HIGH,REPAIRED,2,ITT,FREE8,BINF,IC-b,C6-E,C4R,575,-0.0022336536789492,-0.0676468651946962,0.0611977346407085,5184,0,4816,0.9633036696330368,69eaa3c47d0487f431d2252fd18016d53663cfd3abd78e729e603d832cee9e89,STABILITY_SUPPLEMENTAL,V13_SUPPLEMENTAL_SHA256_STREAM,1.0,False
SUPPLEMENTAL_HISTORICAL_ROW,"{""action_space"":""FREE8"",""analysis_id"":""SUPPLEMENTAL_HISTORICAL_ROW"",""budget"":""BINF"",""execution_policy"":""REPAIRED"",""information_condition"":""IC-b"",""lhs"":""C6-E"",""model"":""GEMINI"",""oracle"":""beta"",""population"":""ITT"",""reasoning_regime"":""HIGH"",""replicate"":""RUN2"",""rhs"":""C4R""}",218fa411772d647ba21fc53ee00f7bf32d7761ad17785a70c598bb940d42b725,2418331919842108539,GEMINI,BETA,HIGH,REPAIRED,2,ITT,FREE8,BINF,IC-b,C6-E,C4R,575,0.0221277570549341,0.0020265906650509,0.0427578852849747,162,0,9838,0.0325967403259674,971bb6541afa32426b2a90b4d4d6b9c8bbca2754ab4adf6903ebbe7cf02cfd2d,STABILITY_SUPPLEMENTAL,V13_SUPPLEMENTAL_SHA256_STREAM,1.0,False
SUPPLEMENTAL_HISTORICAL_ROW,"{""action_space"":""FREE8"",""analysis_id"":""SUPPLEMENTAL_HISTORICAL_ROW"",""budget"":""BINF"",""execution_policy"":""REPAIRED"",""information_condition"":""IC-b"",""lhs"":""C6-E"",""model"":""GEMINI"",""oracle"":""gamma"",""population"":""ITT"",""reasoning_regime"":""HIGH"",""replicate"":""RUN2"",""rhs"":""C4R""}",5a39718626d4c4447fdd5a1f69fbb9a6173ccbe4fa02ed1136ac896064be7fd4,6501352358077056068,GEMINI,GAMMA,HIGH,REPAIRED,2,ITT,FREE8,BINF,IC-b,C6-E,C4R,575,0.0020470376236996,-0.0241137677075693,0.0261597794747532,4243,0,5757,0.8487151284871512,eef831fa31a0cdf7402c74c163b0abcfd4ef64e51a2f189353ae8948a5e11ed6,STABILITY_SUPPLEMENTAL,V13_SUPPLEMENTAL_SHA256_STREAM,1.0,False
SUPPLEMENTAL_HISTORICAL_ROW,"{""action_space"":""FREE8"",""analysis_id"":""SUPPLEMENTAL_HISTORICAL_ROW"",""budget"":""B1"",""execution_policy"":""REPAIRED"",""information_condition"":""IC-b"",""lhs"":""C4R"",""model"":""GPT"",""oracle"":""alpha"",""population"":""ITT"",""reasoning_regime"":""HIGH"",""replicate"":""RUN1"",""rhs"":""C4""}",c82d6c6988f9c2beecce58a77fe7951bdf381a28f45ee5f74fe8d48394c77a25,14424304382063002302,GPT,ALPHA,HIGH,REPAIRED,1,ITT,FREE8,B1,IC-b,C4R,C4,575,0.0105196561862989,-0.0007345208205798,0.0290160873870548,424,25,9551,0.08999100089991,5826c39e9483f9ddbc517816b55a88bab1bc8c40ddb9b9cf37377cd7885f362b,REPAIRED_SUPPLEMENTAL,V13_SUPPLEMENTAL_SHA256_STREAM,1.0,False
SUPPLEMENTAL_HISTORICAL_ROW,"{""action_space"":""FREE8"",""analysis_id"":""SUPPLEMENTAL_HISTORICAL_ROW"",""budget"":""B1"",""execution_policy"":""REPAIRED"",""information_condition"":""IC-b"",""lhs"":""C4R"",""model"":""GPT"",""oracle"":""beta"",""population"":""ITT"",""reasoning_regime"":""HIGH"",""replicate"":""RUN1"",""rhs"":""C4""}",96bba1b9a54fec3bceda689366db21b258eb8c8b373e960f44f3eb144313253b,10861452745048583227,GPT,BETA,HIGH,REPAIRED,1,ITT,FREE8,B1,IC-b,C4R,C4,575,0.0006382000710205,-0.0010753637625996,0.0021558628432771,2147,0,7853,0.4295570442955704,3783a19e52ed1eb0fb429a5c254f079b4235a0c99efffc45294f9c3e954b892c,REPAIRED_SUPPLEMENTAL,V13_SUPPLEMENTAL_SHA256_STREAM,1.0,False
SUPPLEMENTAL_HISTORICAL_ROW,"{""action_space"":""FREE8"",""analysis_id"":""SUPPLEMENTAL_HISTORICAL_ROW"",""budget"":""B1"",""execution_policy"":""REPAIRED"",""information_condition"":""IC-b"",""lhs"":""C4R"",""model"":""GPT"",""oracle"":""gamma"",""population"":""ITT"",""reasoning_regime"":""HIGH"",""replicate"":""RUN1"",""rhs"":""C4""}",9709067167784bd514d996c366f0b8ce7be745867d2cffe1ce6f4462ab3fedac,10883237058654522325,GPT,GAMMA,HIGH,REPAIRED,1,ITT,FREE8,B1,IC-b,C4R,C4,575,0.001512416574833,-0.0029347708995956,0.0075976262815681,3181,1,6818,0.6365363463653635,6b0d3e60720630c05c0523cbde559937e1482a5b5cbe408ae8e0fbaf382eec51,REPAIRED_SUPPLEMENTAL,V13_SUPPLEMENTAL_SHA256_STREAM,1.0,False
SUPPLEMENTAL_HISTORICAL_ROW,"{""action_space"":""FREE8"",""analysis_id"":""SUPPLEMENTAL_HISTORICAL_ROW"",""budget"":""B1"",""execution_policy"":""REPAIRED"",""information_condition"":""IC-b"",""lhs"":""C5"",""model"":""GPT"",""oracle"":""alpha"",""population"":""ITT"",""reasoning_regime"":""HIGH"",""replicate"":""RUN1"",""rhs"":""C4""}",d31b680c37e36a1b858831713ecc8228e061598fa23f39a4cc6d4bfec76089a9,15211866568060529179,GPT,ALPHA,HIGH,REPAIRED,1,ITT,FREE8,B1,IC-b,C5,C4,575,-0.0059494186603253,-0.0648123894849646,0.0530701522310601,5842,0,4158,0.8317168283171683,f0a14ce6eb795450cac168857312dfe66d3bc86dce72778098c4428f8b05bd24,REPAIRED_SUPPLEMENTAL,V13_SUPPLEMENTAL_SHA256_STREAM,1.0,False
SUPPLEMENTAL_HISTORICAL_ROW,"{""action_space"":""FREE8"",""analysis_id"":""SUPPLEMENTAL_HISTORICAL_ROW"",""budget"":""B1"",""execution_policy"":""REPAIRED"",""information_condition"":""IC-b"",""lhs"":""C5"",""model"":""GPT"",""oracle"":""beta"",""population"":""ITT"",""reasoning_regime"":""HIGH"",""replicate"":""RUN1"",""rhs"":""C4""}",53066d5d2706b6158b5c7a4335d5809b5e74bbbee3bea547406a0b0a6ceda610,5982589401862419989,GPT,BETA,HIGH,REPAIRED,1,ITT,FREE8,B1,IC-b,C5,C4,575,0.0027057145142814,-0.0152007386272008,0.0179369971436988,3525,0,6475,0.7051294870512949,6012c84bc531ff1969d2d5ffc024428c24fc48d9955138c9bec0bb7372325172,REPAIRED_SUPPLEMENTAL,V13_SUPPLEMENTAL_SHA256_STREAM,1.0,False
SUPPLEMENTAL_HISTORICAL_ROW,"{""action_space"":""FREE8"",""analysis_id"":""SUPPLEMENTAL_HISTORICAL_ROW"",""budget"":""B1"",""execution_policy"":""REPAIRED"",""information_condition"":""IC-b"",""lhs"":""C5"",""model"":""GPT"",""oracle"":""gamma"",""population"":""ITT"",""reasoning_regime"":""HIGH"",""replicate"":""RUN1"",""rhs"":""C4""}",3a24ed037097c269182323148cc87e08d233397bacc41ffebc83f0b4aaf714f0,4189734152391082601,GPT,GAMMA,HIGH,REPAIRED,1,ITT,FREE8,B1,IC-b,C5,C4,575,0.0036918749278331,-0.0204888483985624,0.0291582501077296,3918,0,6082,0.7837216278372163,38084c41a3ee835443a2ea9298a163609803485855d6da5fb144da04fed93552,REPAIRED_SUPPLEMENTAL,V13_SUPPLEMENTAL_SHA256_STREAM,1.0,False
SUPPLEMENTAL_HISTORICAL_ROW,"{""action_space"":""FREE8"",""analysis_id"":""SUPPLEMENTAL_HISTORICAL_ROW"",""budget"":""B1"",""execution_policy"":""REPAIRED"",""information_condition"":""IC-b"",""lhs"":""C6-E"",""model"":""GPT"",""oracle"":""alpha"",""population"":""ITT"",""reasoning_regime"":""HIGH"",""replicate"":""RUN1"",""rhs"":""C4R""}",b362ba5820d8085ed766faaf48685408e99f88aeb9e7b23e9f2ce4ac5fd187d4,12926098768177662046,GPT,ALPHA,HIGH,REPAIRED,1,ITT,FREE8,B1,IC-b,C6-E,C4R,575,0.1189841549259707,0.0699869066352673,0.1723156433177531,0,0,10000,0.0001999800019998,6a33bc2acc143d5e7225bbf81031a59c4cbf48c6d453123d33ecc921ee98c922,REPAIRED_SUPPLEMENTAL,V13_SUPPLEMENTAL_SHA256_STREAM,0.023997600239976002,True
SUPPLEMENTAL_HISTORICAL_ROW,"{""action_space"":""FREE8"",""analysis_id"":""SUPPLEMENTAL_HISTORICAL_ROW"",""budget"":""B1"",""execution_policy"":""REPAIRED"",""information_condition"":""IC-b"",""lhs"":""C6-E"",""model"":""GPT"",""oracle"":""beta"",""population"":""ITT"",""reasoning_regime"":""HIGH"",""replicate"":""RUN1"",""rhs"":""C4R""}",bfaa91168b31139db549edfeb74b3ce811b6bd04bce7229eb1f69591370e4ebb,13811010733295604637,GPT,BETA,HIGH,REPAIRED,1,ITT,FREE8,B1,IC-b,C6-E,C4R,575,0.023495468722645,0.0065639886216527,0.0437089958304369,27,0,9973,0.0055994400559944,57ecc39e0855bbbec95258aff7c9764303db8b4c4678e108cf6fb4e3308c0eee,REPAIRED_SUPPLEMENTAL,V13_SUPPLEMENTAL_SHA256_STREAM,0.48715128487151277,False
SUPPLEMENTAL_HISTORICAL_ROW,"{""action_space"":""FREE8"",""analysis_id"":""SUPPLEMENTAL_HISTORICAL_ROW"",""budget"":""B1"",""execution_policy"":""REPAIRED"",""information_condition"":""IC-b"",""lhs"":""C6-E"",""model"":""GPT"",""oracle"":""gamma"",""population"":""ITT"",""reasoning_regime"":""HIGH"",""replicate"":""RUN1"",""rhs"":""C4R""}",64e718c3313dbd78be75283eabd3751d21bfe5852d415c623ff8a6389f5937c9,7270807350036774264,GPT,GAMMA,HIGH,REPAIRED,1,ITT,FREE8,B1,IC-b,C6-E,C4R,575,0.0263825557223701,0.0044377999174,0.0477895849511646,100,0,9900,0.0201979802019798,eebe9dddabf7caa313235aa94cbd98a989601e1406724b78b4d2a443248b9726,REPAIRED_SUPPLEMENTAL,V13_SUPPLEMENTAL_SHA256_STREAM,1.0,False
SUPPLEMENTAL_HISTORICAL_ROW,"{""action_space"":""FREE8"",""analysis_id"":""SUPPLEMENTAL_HISTORICAL_ROW"",""budget"":""B1"",""execution_policy"":""REPAIRED"",""information_condition"":""IC-b"",""lhs"":""C6-E"",""model"":""GPT"",""oracle"":""alpha"",""population"":""ITT"",""reasoning_regime"":""HIGH"",""replicate"":""RUN1"",""rhs"":""C6-EX""}",db664ebfaff2adb1b1a4dc8ca890bb2e275226febf61cc5a6d314b752424aa02,15809410127128341937,GPT,ALPHA,HIGH,REPAIRED,1,ITT,FREE8,B1,IC-b,C6-E,C6-EX,575,0.1230012400933156,0.0650132828586673,0.1840622910130365,1,0,9999,0.0003999600039996,6c31576423f6f8c5f66c1b061553bb07d52ef14e74903afa54be559862a0d1f4,REPAIRED_SUPPLEMENTAL,V13_SUPPLEMENTAL_SHA256_STREAM,0.0407959204079592,True
SUPPLEMENTAL_HISTORICAL_ROW,"{""action_space"":""FREE8"",""analysis_id"":""SUPPLEMENTAL_HISTORICAL_ROW"",""budget"":""B1"",""execution_policy"":""REPAIRED"",""information_condition"":""IC-b"",""lhs"":""C6-E"",""model"":""GPT"",""oracle"":""beta"",""population"":""ITT"",""reasoning_regime"":""HIGH"",""replicate"":""RUN1"",""rhs"":""C6-EX""}",528f1f361cb73cadffd38413c4caf1b60889af763ade4822f41a459a5a6b63f1,5949007950050180269,GPT,BETA,HIGH,REPAIRED,1,ITT,FREE8,B1,IC-b,C6-E,C6-EX,575,0.0125901378391916,-0.0084123662539096,0.0337859585596481,1166,0,8834,0.2333766623337666,42cb93407fbc1daaf60cc27aec8d59a5e10ca78b8ea7fe33b0afb798431b511d,REPAIRED_SUPPLEMENTAL,V13_SUPPLEMENTAL_SHA256_STREAM,1.0,False
SUPPLEMENTAL_HISTORICAL_ROW,"{""action_space"":""FREE8"",""analysis_id"":""SUPPLEMENTAL_HISTORICAL_ROW"",""budget"":""B1"",""execution_policy"":""REPAIRED"",""information_condition"":""IC-b"",""lhs"":""C6-E"",""model"":""GPT"",""oracle"":""gamma"",""population"":""ITT"",""reasoning_regime"":""HIGH"",""replicate"":""RUN1"",""rhs"":""C6-EX""}",b6b46e29fab8977ea3bf6d38e434c72a7478ff06cae3637f5def1eec6edfa686,13165268737289918334,GPT,GAMMA,HIGH,REPAIRED,1,ITT,FREE8,B1,IC-b,C6-E,C6-EX,575,0.0261818349453108,0.0031229698022844,0.0500089862116704,115,0,9885,0.0231976802319768,05f8ff5f837b806da4210a01bf0b25fc20c2ea9d19e92c881f143667a763c297,REPAIRED_SUPPLEMENTAL,V13_SUPPLEMENTAL_SHA256_STREAM,1.0,False
SUPPLEMENTAL_HISTORICAL_ROW,"{""action_space"":""FREE8"",""analysis_id"":""SUPPLEMENTAL_HISTORICAL_ROW"",""budget"":""B1"",""execution_policy"":""REPAIRED"",""information_condition"":""IC-b"",""lhs"":""C4R"",""model"":""GPT"",""oracle"":""alpha"",""population"":""ITT"",""reasoning_regime"":""HIGH"",""replicate"":""RUN2"",""rhs"":""C4""}",63fb2ab5be5759e78721deb04fb74de82afec52adbc4f85a5b26794f7e7565e6,7204398988980083175,GPT,ALPHA,HIGH,REPAIRED,2,ITT,FREE8,B1,IC-b,C4R,C4,575,0.024353654324939,0.0034274472897744,0.0505374080075305,74,5,9921,0.015998400159984,9f54c0d6e375521d7efa631c5b27c12223911572351fa7cde0bb2ec85f30f8a8,STABILITY_SUPPLEMENTAL,V13_SUPPLEMENTAL_SHA256_STREAM,0.863913608639136,False
SUPPLEMENTAL_HISTORICAL_ROW,"{""action_space"":""FREE8"",""analysis_id"":""SUPPLEMENTAL_HISTORICAL_ROW"",""budget"":""B1"",""execution_policy"":""REPAIRED"",""information_condition"":""IC-b"",""lhs"":""C4R"",""model"":""GPT"",""oracle"":""beta"",""population"":""ITT"",""reasoning_regime"":""HIGH"",""replicate"":""RUN2"",""rhs"":""C4""}",a2a9d1f19c534f6444a4d30059f5a3f006ae943f5a4fabc016ce3216489e5019,11721130340848455524,GPT,BETA,HIGH,REPAIRED,2,ITT,FREE8,B1,IC-b,C4R,C4,575,0.0061174123949996,0.0005395896718598,0.0163305828613036,41,0,9959,0.0083991600839916,b8cd5ee9c7be803b1e04c7ea52226b892541072adabaff20e9e680312cb1c781,STABILITY_SUPPLEMENTAL,V13_SUPPLEMENTAL_SHA256_STREAM,0.47875212478752116,False
SUPPLEMENTAL_HISTORICAL_ROW,"{""action_space"":""FREE8"",""analysis_id"":""SUPPLEMENTAL_HISTORICAL_ROW"",""budget"":""B1"",""execution_policy"":""REPAIRED"",""information_condition"":""IC-b"",""lhs"":""C4R"",""model"":""GPT"",""oracle"":""gamma"",""population"":""ITT"",""reasoning_regime"":""HIGH"",""replicate"":""RUN2"",""rhs"":""C4""}",eda80da2983d78655c6f95c8e0b51a2580f28d3bd04709ed7e5fddc788c642a9,17124952575066339429,GPT,GAMMA,HIGH,REPAIRED,2,ITT,FREE8,B1,IC-b,C4R,C4,575,0.0040209891820751,-0.001490694463456,0.0110238978007504,942,0,9058,0.1885811418858114,81e24837a229b7180b019bdf007beb87daa30b9c24168386be168812d82a7df1,STABILITY_SUPPLEMENTAL,V13_SUPPLEMENTAL_SHA256_STREAM,1.0,False
SUPPLEMENTAL_HISTORICAL_ROW,"{""action_space"":""FREE8"",""analysis_id"":""SUPPLEMENTAL_HISTORICAL_ROW"",""budget"":""B1"",""execution_policy"":""REPAIRED"",""information_condition"":""IC-b"",""lhs"":""C6-E"",""model"":""GPT"",""oracle"":""alpha"",""population"":""ITT"",""reasoning_regime"":""HIGH"",""replicate"":""RUN2"",""rhs"":""C4R""}",4ddc82c73430afb28704819928757dcb95feecbb5354034cbebf8c15cb7d6068,5610503027882504114,GPT,ALPHA,HIGH,REPAIRED,2,ITT,FREE8,B1,IC-b,C6-E,C4R,575,0.0760634860644841,0.0362787154751713,0.1190120064752622,0,0,10000,0.0001999800019998,6cc6eaeab18d7861f2c95a0b1608dd172757ae831aafe47c831a6569598b862f,STABILITY_SUPPLEMENTAL,V13_SUPPLEMENTAL_SHA256_STREAM,0.0191980801919808,True
SUPPLEMENTAL_HISTORICAL_ROW,"{""action_space"":""FREE8"",""analysis_id"":""SUPPLEMENTAL_HISTORICAL_ROW"",""budget"":""B1"",""execution_policy"":""REPAIRED"",""information_condition"":""IC-b"",""lhs"":""C6-E"",""model"":""GPT"",""oracle"":""beta"",""population"":""ITT"",""reasoning_regime"":""HIGH"",""replicate"":""RUN2"",""rhs"":""C4R""}",cf00f3c266899b8876cc7771a44497ed4fd86156fef8a0f3ff86736ceda87f20,14916189982120582024,GPT,BETA,HIGH,REPAIRED,2,ITT,FREE8,B1,IC-b,C6-E,C4R,575,0.0289091766363775,0.0101779007719586,0.0511320448169833,6,0,9994,0.0013998600139986,0dcbde4a4cd269ed4d2d58cb4219111017439e3038d7a42136a28d90b13749c5,STABILITY_SUPPLEMENTAL,V13_SUPPLEMENTAL_SHA256_STREAM,0.0937906209379062,False
SUPPLEMENTAL_HISTORICAL_ROW,"{""action_space"":""FREE8"",""analysis_id"":""SUPPLEMENTAL_HISTORICAL_ROW"",""budget"":""B1"",""execution_policy"":""REPAIRED"",""information_condition"":""IC-b"",""lhs"":""C6-E"",""model"":""GPT"",""oracle"":""gamma"",""population"":""ITT"",""reasoning_regime"":""HIGH"",""replicate"":""RUN2"",""rhs"":""C4R""}",a64f2ee87cd8583c7dcb635985a5ea149433d154b478dea71c7a929345b460e3,11983848709518022716,GPT,GAMMA,HIGH,REPAIRED,2,ITT,FREE8,B1,IC-b,C6-E,C4R,575,0.0365375613515888,0.0169293283820709,0.0568747314361413,1,0,9999,0.0003999600039996,e609d3c78eaaf074f472fd906e4d6246d9776744bbc7b768f88191205dfabee2,STABILITY_SUPPLEMENTAL,V13_SUPPLEMENTAL_SHA256_STREAM,0.0311968803119688,True
SUPPLEMENTAL_HISTORICAL_ROW,"{""action_space"":""FREE8"",""analysis_id"":""SUPPLEMENTAL_HISTORICAL_ROW"",""budget"":""BINF"",""execution_policy"":""REPAIRED"",""information_condition"":""IC-b"",""lhs"":""C4R"",""model"":""GPT"",""oracle"":""alpha"",""population"":""ITT"",""reasoning_regime"":""HIGH"",""replicate"":""RUN1"",""rhs"":""C4""}",26612406b0fda592644172c00280593b75ae2ec79f91daf22084b464c798e438,2765531257340011922,GPT,ALPHA,HIGH,REPAIRED,1,ITT,FREE8,BINF,IC-b,C4R,C4,575,0.058556383158047,0.0215207966046015,0.1005393285492208,6,0,9994,0.0013998600139986,c381df49effae94614f0c588312ccf9cde421a0afa8785ac75cb16fac49a63ba,REPAIRED_SUPPLEMENTAL,V13_SUPPLEMENTAL_SHA256_STREAM,0.1301869813018698,False
SUPPLEMENTAL_HISTORICAL_ROW,"{""action_space"":""FREE8"",""analysis_id"":""SUPPLEMENTAL_HISTORICAL_ROW"",""budget"":""BINF"",""execution_policy"":""REPAIRED"",""information_condition"":""IC-b"",""lhs"":""C4R"",""model"":""GPT"",""oracle"":""beta"",""population"":""ITT"",""reasoning_regime"":""HIGH"",""replicate"":""RUN1"",""rhs"":""C4""}",cc679f5eedca9ba343a10ac5045c00fb2bec7e671d5557d6a195f300285a7c2a,14728916336403717027,GPT,BETA,HIGH,REPAIRED,1,ITT,FREE8,BINF,IC-b,C4R,C4,575,0.009510526717918,-0.006553588420848,0.0256069641735992,1095,0,8905,0.2191780821917808,b5fa25866a256db3df420856cf25cef2d56c4ab41f420f67a776725cc2223129,REPAIRED_SUPPLEMENTAL,V13_SUPPLEMENTAL_SHA256_STREAM,1.0,False
SUPPLEMENTAL_HISTORICAL_ROW,"{""action_space"":""FREE8"",""analysis_id"":""SUPPLEMENTAL_HISTORICAL_ROW"",""budget"":""BINF"",""execution_policy"":""REPAIRED"",""information_condition"":""IC-b"",""lhs"":""C4R"",""model"":""GPT"",""oracle"":""gamma"",""population"":""ITT"",""reasoning_regime"":""HIGH"",""replicate"":""RUN1"",""rhs"":""C4""}",93988c11a3c082ae3749ebb74f627bdd1e1846b737a5cfd7a642e20e1aa7ec19,10635404527425061550,GPT,GAMMA,HIGH,REPAIRED,1,ITT,FREE8,BINF,IC-b,C4R,C4,575,0.0142767486254954,0.0052423705093442,0.0245956117678738,2,0,9998,0.0005999400059994,6e15f5fabe1e29ac4fb2912ac407a25ce4ef29962e3e80e3caf65a631afb62bc,REPAIRED_SUPPLEMENTAL,V13_SUPPLEMENTAL_SHA256_STREAM,0.05999400059993999,False
SUPPLEMENTAL_HISTORICAL_ROW,"{""action_space"":""FREE8"",""analysis_id"":""SUPPLEMENTAL_HISTORICAL_ROW"",""budget"":""BINF"",""execution_policy"":""REPAIRED"",""information_condition"":""IC-b"",""lhs"":""C5"",""model"":""GPT"",""oracle"":""alpha"",""population"":""ITT"",""reasoning_regime"":""HIGH"",""replicate"":""RUN1"",""rhs"":""C4""}",1d5075151ff39bd4d6aaf5b80c645ae5d3f0f87222eeae44ec78e7851f9f86e1,2112316958827584468,GPT,ALPHA,HIGH,REPAIRED,1,ITT,FREE8,BINF,IC-b,C5,C4,575,-0.0826531246004812,-0.1507555699326914,-0.0191965644879283,9945,0,55,0.0111988801119888,b5966671f49525dc561aedc92b63df0b90c10a01379105d73768f894a1199a05,REPAIRED_SUPPLEMENTAL,V13_SUPPLEMENTAL_SHA256_STREAM,0.951904809519048,False
SUPPLEMENTAL_HISTORICAL_ROW,"{""action_space"":""FREE8"",""analysis_id"":""SUPPLEMENTAL_HISTORICAL_ROW"",""budget"":""BINF"",""execution_policy"":""REPAIRED"",""information_condition"":""IC-b"",""lhs"":""C5"",""model"":""GPT"",""oracle"":""beta"",""population"":""ITT"",""reasoning_regime"":""HIGH"",""replicate"":""RUN1"",""rhs"":""C4""}",9dcf5065a249f441e3202766ef6f0ff84a1c0ffcf7515cc1e6fb4e310a50ac40,11371395981578466369,GPT,BETA,HIGH,REPAIRED,1,ITT,FREE8,BINF,IC-b,C5,C4,575,0.0038770519646409,-0.016720081210677,0.0241313972112369,3467,0,6533,0.6935306469353064,6fec902794ad3e74a732222bd5c5983b158d474ccc1e35dfa8f5c3a08c497e34,REPAIRED_SUPPLEMENTAL,V13_SUPPLEMENTAL_SHA256_STREAM,1.0,False
SUPPLEMENTAL_HISTORICAL_ROW,"{""action_space"":""FREE8"",""analysis_id"":""SUPPLEMENTAL_HISTORICAL_ROW"",""budget"":""BINF"",""execution_policy"":""REPAIRED"",""information_condition"":""IC-b"",""lhs"":""C5"",""model"":""GPT"",""oracle"":""gamma"",""population"":""ITT"",""reasoning_regime"":""HIGH"",""replicate"":""RUN1"",""rhs"":""C4""}",ebd9bc45d47485fc2e71ce829adadef76efb449e961280921a866710daa9f1bd,16994821676962448892,GPT,GAMMA,HIGH,REPAIRED,1,ITT,FREE8,BINF,IC-b,C5,C4,575,-0.0097774451326699,-0.0390967003784516,0.0204294933704277,7293,0,2707,0.5415458454154585,4bf48bdba9caab66108d29d6190d4dc701b3d44ae78e55575ecece82956fd5d6,REPAIRED_SUPPLEMENTAL,V13_SUPPLEMENTAL_SHA256_STREAM,1.0,False
SUPPLEMENTAL_HISTORICAL_ROW,"{""action_space"":""FREE8"",""analysis_id"":""SUPPLEMENTAL_HISTORICAL_ROW"",""budget"":""BINF"",""execution_policy"":""REPAIRED"",""information_condition"":""IC-b"",""lhs"":""C6-E"",""model"":""GPT"",""oracle"":""alpha"",""population"":""ITT"",""reasoning_regime"":""HIGH"",""replicate"":""RUN1"",""rhs"":""C4R""}",9b27379384eba751d06f7081b0cb583dae69e0bd8ad017eaf505d2d1426967da,11179965706700302161,GPT,ALPHA,HIGH,REPAIRED,1,ITT,FREE8,BINF,IC-b,C6-E,C4R,575,0.2211835902602936,0.1515716164048008,0.2952517353551281,0,0,10000,0.0001999800019998,5888d60b5fe4a08b705025282f82af3c639e096b02bf4a87944e6913f6899f14,REPAIRED_SUPPLEMENTAL,V13_SUPPLEMENTAL_SHA256_STREAM,0.023997600239976002,True
SUPPLEMENTAL_HISTORICAL_ROW,"{""action_space"":""FREE8"",""analysis_id"":""SUPPLEMENTAL_HISTORICAL_ROW"",""budget"":""BINF"",""execution_policy"":""REPAIRED"",""information_condition"":""IC-b"",""lhs"":""C6-E"",""model"":""GPT"",""oracle"":""beta"",""population"":""ITT"",""reasoning_regime"":""HIGH"",""replicate"":""RUN1"",""rhs"":""C4R""}",eec23fcb8c36b22ba77abc483c09daa16dd1052936b74dde83b975f8caf5b160,17204383669972021803,GPT,BETA,HIGH,REPAIRED,1,ITT,FREE8,BINF,IC-b,C6-E,C4R,575,0.0438047918178025,0.0267287348261829,0.0628450561620469,0,0,10000,0.0001999800019998,af65fe062580ef0878d54823844763ecb347569a96cd387b0c116b849b3df411,REPAIRED_SUPPLEMENTAL,V13_SUPPLEMENTAL_SHA256_STREAM,0.023997600239976002,True
SUPPLEMENTAL_HISTORICAL_ROW,"{""action_space"":""FREE8"",""analysis_id"":""SUPPLEMENTAL_HISTORICAL_ROW"",""budget"":""BINF"",""execution_policy"":""REPAIRED"",""information_condition"":""IC-b"",""lhs"":""C6-E"",""model"":""GPT"",""oracle"":""gamma"",""population"":""ITT"",""reasoning_regime"":""HIGH"",""replicate"":""RUN1"",""rhs"":""C4R""}",c7eaf283ea5c7083ca4ea21b5bbac5b710cc0f7315850c981e1bd180db10be92,14405593006484516995,GPT,GAMMA,HIGH,REPAIRED,1,ITT,FREE8,BINF,IC-b,C6-E,C4R,575,0.0714849783131346,0.039618346037491,0.1059277822812835,0,0,10000,0.0001999800019998,ca193d2eb59bad3ed948d5ca995c7a1ddc92adaba49a9c447c36626a70bdd585,REPAIRED_SUPPLEMENTAL,V13_SUPPLEMENTAL_SHA256_STREAM,0.023997600239976002,True
SUPPLEMENTAL_HISTORICAL_ROW,"{""action_space"":""FREE8"",""analysis_id"":""SUPPLEMENTAL_HISTORICAL_ROW"",""budget"":""BINF"",""execution_policy"":""REPAIRED"",""information_condition"":""IC-b"",""lhs"":""C6-E"",""model"":""GPT"",""oracle"":""alpha"",""population"":""ITT"",""reasoning_regime"":""HIGH"",""replicate"":""RUN1"",""rhs"":""C6-EX""}",c81dfad38fed679b00ebd54b056c64c4d17f110ac5fd45bccae3df6a91b66a70,14419957368469940123,GPT,ALPHA,HIGH,REPAIRED,1,ITT,FREE8,BINF,IC-b,C6-E,C6-EX,575,0.0892912676302811,0.0154728606942492,0.164284631465053,87,0,9913,0.0175982401759824,d18c21499ff1e22d99ded2a7ebbd2e4595210b3dd2e4cbcfec63c004212fd9ae,REPAIRED_SUPPLEMENTAL,V13_SUPPLEMENTAL_SHA256_STREAM,1.0,False
SUPPLEMENTAL_HISTORICAL_ROW,"{""action_space"":""FREE8"",""analysis_id"":""SUPPLEMENTAL_HISTORICAL_ROW"",""budget"":""BINF"",""execution_policy"":""REPAIRED"",""information_condition"":""IC-b"",""lhs"":""C6-E"",""model"":""GPT"",""oracle"":""beta"",""population"":""ITT"",""reasoning_regime"":""HIGH"",""replicate"":""RUN1"",""rhs"":""C6-EX""}",f00c518089cdcddd0586eb81ed735638d061892d437c2dc12439d9363f542939,17297289881332862429,GPT,BETA,HIGH,REPAIRED,1,ITT,FREE8,BINF,IC-b,C6-E,C6-EX,575,0.0119650743140832,-0.0020198741361341,0.0270460528722955,483,0,9517,0.0967903209679032,1cefd370101ecc197744d2d071b7d6efb8875ccc5ac0d537d9e8606cbe0ad8b6,REPAIRED_SUPPLEMENTAL,V13_SUPPLEMENTAL_SHA256_STREAM,1.0,False
SUPPLEMENTAL_HISTORICAL_ROW,"{""action_space"":""FREE8"",""analysis_id"":""SUPPLEMENTAL_HISTORICAL_ROW"",""budget"":""BINF"",""execution_policy"":""REPAIRED"",""information_condition"":""IC-b"",""lhs"":""C6-E"",""model"":""GPT"",""oracle"":""gamma"",""population"":""ITT"",""reasoning_regime"":""HIGH"",""replicate"":""RUN1"",""rhs"":""C6-EX""}",aedfe3fba6126b5c9a6bc1894457d69cc8a25907dbfd83f18d54c6ba9de6534f,12601040952368458588,GPT,GAMMA,HIGH,REPAIRED,1,ITT,FREE8,BINF,IC-b,C6-E,C6-EX,575,0.0417591012350621,0.0097365287316641,0.0756044166050898,64,0,9936,0.012998700129987,07931c2d3c36d1a8e50e331fe61834eabed9c14f3ea0cf734100d3f62559c8a3,REPAIRED_SUPPLEMENTAL,V13_SUPPLEMENTAL_SHA256_STREAM,1.0,False
SUPPLEMENTAL_HISTORICAL_ROW,"{""action_space"":""FREE8"",""analysis_id"":""SUPPLEMENTAL_HISTORICAL_ROW"",""budget"":""BINF"",""execution_policy"":""REPAIRED"",""information_condition"":""IC-b"",""lhs"":""C4R"",""model"":""GPT"",""oracle"":""alpha"",""population"":""ITT"",""reasoning_regime"":""HIGH"",""replicate"":""RUN2"",""rhs"":""C4""}",e18d3d8dd4b74fd39285c07688039308a1b953b07b9843f089ec5ccc5c6bf77e,16252714309618454483,GPT,ALPHA,HIGH,REPAIRED,2,ITT,FREE8,BINF,IC-b,C4R,C4,575,0.0550209668700735,0.0215260209439745,0.0942646901362016,2,0,9998,0.0005999400059994,6fc34f0db1bf368f79952b199ddeaee67b2c8ec6e41c63c108462499cff03e1f,STABILITY_SUPPLEMENTAL,V13_SUPPLEMENTAL_SHA256_STREAM,0.0431956804319568,True
SUPPLEMENTAL_HISTORICAL_ROW,"{""action_space"":""FREE8"",""analysis_id"":""SUPPLEMENTAL_HISTORICAL_ROW"",""budget"":""BINF"",""execution_policy"":""REPAIRED"",""information_condition"":""IC-b"",""lhs"":""C4R"",""model"":""GPT"",""oracle"":""beta"",""population"":""ITT"",""reasoning_regime"":""HIGH"",""replicate"":""RUN2"",""rhs"":""C4""}",92d49f975dc9ce2c1e61764371486b9c40b717998d9207415ec420fd9f63350c,10580256897062522412,GPT,BETA,HIGH,REPAIRED,2,ITT,FREE8,BINF,IC-b,C4R,C4,575,0.008362326232507,-0.0028129355709626,0.0217489940501273,754,0,9246,0.150984901509849,c090483a9bb85d40fc07f316e99fa970cceebe039b399444ae11effda1dc4069,STABILITY_SUPPLEMENTAL,V13_SUPPLEMENTAL_SHA256_STREAM,1.0,False
SUPPLEMENTAL_HISTORICAL_ROW,"{""action_space"":""FREE8"",""analysis_id"":""SUPPLEMENTAL_HISTORICAL_ROW"",""budget"":""BINF"",""execution_policy"":""REPAIRED"",""information_condition"":""IC-b"",""lhs"":""C4R"",""model"":""GPT"",""oracle"":""gamma"",""population"":""ITT"",""reasoning_regime"":""HIGH"",""replicate"":""RUN2"",""rhs"":""C4""}",5012dd1243d2eb0d1f44fa212f3fa65dc917247d9be398badebedfa02c784cba,5769917143132072717,GPT,GAMMA,HIGH,REPAIRED,2,ITT,FREE8,BINF,IC-b,C4R,C4,575,0.0159833778357127,0.0048395283659107,0.030498363124428,6,0,9994,0.0013998600139986,d23173e9b2fe6c7a43578b5788d4a4c50f6716b59f64c41a517f3d154f263a63,STABILITY_SUPPLEMENTAL,V13_SUPPLEMENTAL_SHA256_STREAM,0.0937906209379062,False
SUPPLEMENTAL_HISTORICAL_ROW,"{""action_space"":""FREE8"",""analysis_id"":""SUPPLEMENTAL_HISTORICAL_ROW"",""budget"":""BINF"",""execution_policy"":""REPAIRED"",""information_condition"":""IC-b"",""lhs"":""C6-E"",""model"":""GPT"",""oracle"":""alpha"",""population"":""ITT"",""reasoning_regime"":""HIGH"",""replicate"":""RUN2"",""rhs"":""C4R""}",44b8716b3180b2ed86efb0891ba593d2ab584941c8d0eb1fa66249acb05e15ef,4951832495499817709,GPT,ALPHA,HIGH,REPAIRED,2,ITT,FREE8,BINF,IC-b,C6-E,C4R,575,0.2074755588429644,0.1444971683742109,0.2715499418276949,0,0,10000,0.0001999800019998,4ccdfb56033e60725ef93bd71d61075d69a7f0b63ab2e47e2e1905bc1f52ec97,STABILITY_SUPPLEMENTAL,V13_SUPPLEMENTAL_SHA256_STREAM,0.0191980801919808,True
SUPPLEMENTAL_HISTORICAL_ROW,"{""action_space"":""FREE8"",""analysis_id"":""SUPPLEMENTAL_HISTORICAL_ROW"",""budget"":""BINF"",""execution_policy"":""REPAIRED"",""information_condition"":""IC-b"",""lhs"":""C6-E"",""model"":""GPT"",""oracle"":""beta"",""population"":""ITT"",""reasoning_regime"":""HIGH"",""replicate"":""RUN2"",""rhs"":""C4R""}",75301a8955f4ec1be2346454a06db1fcd0eb95edd29e2e303a9acc1faf4125a7,8444278478474636315,GPT,BETA,HIGH,REPAIRED,2,ITT,FREE8,BINF,IC-b,C6-E,C4R,575,0.0489754496745833,0.0287166243284556,0.070908315848449,0,0,10000,0.0001999800019998,935c52da1c61318fee7867fcedc7c59d84c523a81156ca2169152386cc69f4e6,STABILITY_SUPPLEMENTAL,V13_SUPPLEMENTAL_SHA256_STREAM,0.0191980801919808,True
SUPPLEMENTAL_HISTORICAL_ROW,"{""action_space"":""FREE8"",""analysis_id"":""SUPPLEMENTAL_HISTORICAL_ROW"",""budget"":""BINF"",""execution_policy"":""REPAIRED"",""information_condition"":""IC-b"",""lhs"":""C6-E"",""model"":""GPT"",""oracle"":""gamma"",""population"":""ITT"",""reasoning_regime"":""HIGH"",""replicate"":""RUN2"",""rhs"":""C4R""}",bd4a217f989a0af8c6952f7a2b327c0235bc88f9a307cdc8e66113ca617fc823,13639751253349763832,GPT,GAMMA,HIGH,REPAIRED,2,ITT,FREE8,BINF,IC-b,C6-E,C4R,575,0.05737575681591,0.0334755723907062,0.082885436015972,0,0,10000,0.0001999800019998,e7e1c8ed75f5079334c1c7e66fdf263491b9bf2a6194278c124dc1d592298c97,STABILITY_SUPPLEMENTAL,V13_SUPPLEMENTAL_SHA256_STREAM,0.0191980801919808,True
SUPPLEMENTAL_HISTORICAL_ROW,"{""action_space"":""CANDIDATE9"",""analysis_id"":""SUPPLEMENTAL_HISTORICAL_ROW"",""budget"":""B1"",""execution_policy"":""STRICT"",""information_condition"":""IC-b"",""lhs"":""C4R"",""model"":""GEMINI"",""oracle"":""alpha"",""population"":""ITT"",""reasoning_regime"":""HIGH"",""replicate"":""RUN1"",""rhs"":""C4""}",741d8f3c882f2daf67eb153bfaab895cffab8cda7081d225a67e72c9d1bc355b,8367001172869852591,GEMINI,ALPHA,HIGH,STRICT,1,ITT,CANDIDATE9,B1,IC-b,C4R,C4,575,-0.0203331720559225,-0.0518681697138045,0.0093350535298653,9076,0,924,0.184981501849815,04965929f79727bca4fe2e0ffbf839e4dce436bfbdf621e67a22a55b772604a1,HIGH_REASONING_SUPPLEMENTAL,V13_SUPPLEMENTAL_SHA256_STREAM,1.0,False
SUPPLEMENTAL_HISTORICAL_ROW,"{""action_space"":""CANDIDATE9"",""analysis_id"":""SUPPLEMENTAL_HISTORICAL_ROW"",""budget"":""B1"",""execution_policy"":""STRICT"",""information_condition"":""IC-b"",""lhs"":""C4R"",""model"":""GEMINI"",""oracle"":""beta"",""population"":""ITT"",""reasoning_regime"":""HIGH"",""replicate"":""RUN1"",""rhs"":""C4""}",f8b115a1c825c64b6b610b828c5d6775f953825bf1dde1eac7e1add2620683bf,17920128176875750987,GEMINI,BETA,HIGH,STRICT,1,ITT,CANDIDATE9,B1,IC-b,C4R,C4,575,-0.0039390710537549,-0.0080751909319676,-0.0007945639728335,9973,0,27,0.0055994400559944,6c8a0cdb2a831692a1741e395918cfe5afa5f49810f271d3f73333e6f7fb1c46,HIGH_REASONING_SUPPLEMENTAL,V13_SUPPLEMENTAL_SHA256_STREAM,0.2631736826317368,False
SUPPLEMENTAL_HISTORICAL_ROW,"{""action_space"":""CANDIDATE9"",""analysis_id"":""SUPPLEMENTAL_HISTORICAL_ROW"",""budget"":""B1"",""execution_policy"":""STRICT"",""information_condition"":""IC-b"",""lhs"":""C4R"",""model"":""GEMINI"",""oracle"":""gamma"",""population"":""ITT"",""reasoning_regime"":""HIGH"",""replicate"":""RUN1"",""rhs"":""C4""}",2d87422b87cad6ada47e3abe539a42eaab2b442a6167e6537cd078525e02115e,3280663608291940013,GEMINI,GAMMA,HIGH,STRICT,1,ITT,CANDIDATE9,B1,IC-b,C4R,C4,575,-0.0051610701653675,-0.0205703935070042,0.0104937449867835,7565,0,2435,0.4871512848715128,24a3a1d1eea8dde39f63782309c43f25081a950ff1c7c0eb49066fbe2b41808d,HIGH_REASONING_SUPPLEMENTAL,V13_SUPPLEMENTAL_SHA256_STREAM,1.0,False
SUPPLEMENTAL_HISTORICAL_ROW,"{""action_space"":""CANDIDATE9"",""analysis_id"":""SUPPLEMENTAL_HISTORICAL_ROW"",""budget"":""B1"",""execution_policy"":""STRICT"",""information_condition"":""IC-b"",""lhs"":""C6-E"",""model"":""GEMINI"",""oracle"":""alpha"",""population"":""ITT"",""reasoning_regime"":""HIGH"",""replicate"":""RUN1"",""rhs"":""C4R""}",00cdbda500120138a9284e6f3e47f3c0470ca61c9a1882fb41b8cda4869d3695,57910886594117944,GEMINI,ALPHA,HIGH,STRICT,1,ITT,CANDIDATE9,B1,IC-b,C6-E,C4R,575,0.0370327081794462,-0.0095306159972976,0.0856487420879388,578,0,9422,0.1157884211578842,e0c76be20d8b98a70d435f8846a9a925ed3393bc3c4fabe1ebdbb44e29c0e06b,HIGH_REASONING_SUPPLEMENTAL,V13_SUPPLEMENTAL_SHA256_STREAM,1.0,False
SUPPLEMENTAL_HISTORICAL_ROW,"{""action_space"":""CANDIDATE9"",""analysis_id"":""SUPPLEMENTAL_HISTORICAL_ROW"",""budget"":""B1"",""execution_policy"":""STRICT"",""information_condition"":""IC-b"",""lhs"":""C6-E"",""model"":""GEMINI"",""oracle"":""beta"",""population"":""ITT"",""reasoning_regime"":""HIGH"",""replicate"":""RUN1"",""rhs"":""C4R""}",8b477a62f2e51b9aa6701465c1a765976f24af379a922ccd5499731846bb626a,10036124860018924442,GEMINI,BETA,HIGH,STRICT,1,ITT,CANDIDATE9,B1,IC-b,C6-E,C4R,575,0.0086610773664386,-8.607075926149402e-05,0.0206147299647788,268,0,9732,0.0537946205379462,eab76f900676f3324c5e02d5ff192e252c23e263d79044678a6a4521521c3830,HIGH_REASONING_SUPPLEMENTAL,V13_SUPPLEMENTAL_SHA256_STREAM,1.0,False
SUPPLEMENTAL_HISTORICAL_ROW,"{""action_space"":""CANDIDATE9"",""analysis_id"":""SUPPLEMENTAL_HISTORICAL_ROW"",""budget"":""B1"",""execution_policy"":""STRICT"",""information_condition"":""IC-b"",""lhs"":""C6-E"",""model"":""GEMINI"",""oracle"":""gamma"",""population"":""ITT"",""reasoning_regime"":""HIGH"",""replicate"":""RUN1"",""rhs"":""C4R""}",b6221be4ec4b7c8b1228e567daaf7cd2b65bff723ce592b6a3a375b1a089cd16,13124082934141910155,GEMINI,GAMMA,HIGH,STRICT,1,ITT,CANDIDATE9,B1,IC-b,C6-E,C4R,575,0.0078455967302778,-0.0130598790893938,0.0283559191131591,2189,0,7811,0.437956204379562,3e4478f7e5c0bfb303e78fc90dabab8d44cf302d4cb060869d8f72497dcf0729,HIGH_REASONING_SUPPLEMENTAL,V13_SUPPLEMENTAL_SHA256_STREAM,1.0,False
SUPPLEMENTAL_HISTORICAL_ROW,"{""action_space"":""CANDIDATE9"",""analysis_id"":""SUPPLEMENTAL_HISTORICAL_ROW"",""budget"":""B1"",""execution_policy"":""STRICT"",""information_condition"":""IC-b"",""lhs"":""C4R"",""model"":""GPT"",""oracle"":""alpha"",""population"":""ITT"",""reasoning_regime"":""HIGH"",""replicate"":""RUN1"",""rhs"":""C4""}",6a713a34d4b08ed5fe5a3bf4e44af3fb20e024a900ed0ce0b417f86ce6dd0a69,7669975638969716437,GPT,ALPHA,HIGH,STRICT,1,ITT,CANDIDATE9,B1,IC-b,C4R,C4,575,0.0395943278155826,0.0131397148478264,0.070128938966363,6,0,9994,0.0013998600139986,eedcbf9cfacd569760956400b32cdcb8121402d8e4d85082c057bc1c98f14528,HIGH_REASONING_SUPPLEMENTAL,V13_SUPPLEMENTAL_SHA256_STREAM,0.06999300069993,False
SUPPLEMENTAL_HISTORICAL_ROW,"{""action_space"":""CANDIDATE9"",""analysis_id"":""SUPPLEMENTAL_HISTORICAL_ROW"",""budget"":""B1"",""execution_policy"":""STRICT"",""information_condition"":""IC-b"",""lhs"":""C4R"",""model"":""GPT"",""oracle"":""beta"",""population"":""ITT"",""reasoning_regime"":""HIGH"",""replicate"":""RUN1"",""rhs"":""C4""}",71eed77a2de346266a7de71b9d42d73e1d93702e3d3be99642a2a5dfd508416d,8209736090498844198,GPT,BETA,HIGH,STRICT,1,ITT,CANDIDATE9,B1,IC-b,C4R,C4,575,0.0053136582607105,-0.0007954838283862,0.0112126830762743,398,0,9602,0.0797920207979202,06bde1b26c28a46847b08a41709a664c4d810b681bb389e55aa6ef9d4e1f1129,HIGH_REASONING_SUPPLEMENTAL,V13_SUPPLEMENTAL_SHA256_STREAM,1.0,False
SUPPLEMENTAL_HISTORICAL_ROW,"{""action_space"":""CANDIDATE9"",""analysis_id"":""SUPPLEMENTAL_HISTORICAL_ROW"",""budget"":""B1"",""execution_policy"":""STRICT"",""information_condition"":""IC-b"",""lhs"":""C4R"",""model"":""GPT"",""oracle"":""gamma"",""population"":""ITT"",""reasoning_regime"":""HIGH"",""replicate"":""RUN1"",""rhs"":""C4""}",593b45b131c9eb6b997ca0e868fcc86279545b7cd727d939f289354f64cd6529,6429809520348359531,GPT,GAMMA,HIGH,STRICT,1,ITT,CANDIDATE9,B1,IC-b,C4R,C4,575,0.0113010312898559,-0.0040403416345571,0.0285036464033553,813,0,9187,0.1627837216278372,395d8e4cdb08036344c7044135fb08861bba44c1f9aef97a06e60e98e4dd7c20,HIGH_REASONING_SUPPLEMENTAL,V13_SUPPLEMENTAL_SHA256_STREAM,1.0,False
SUPPLEMENTAL_HISTORICAL_ROW,"{""action_space"":""CANDIDATE9"",""analysis_id"":""SUPPLEMENTAL_HISTORICAL_ROW"",""budget"":""B1"",""execution_policy"":""STRICT"",""information_condition"":""IC-b"",""lhs"":""C6-E"",""model"":""GPT"",""oracle"":""alpha"",""population"":""ITT"",""reasoning_regime"":""HIGH"",""replicate"":""RUN1"",""rhs"":""C4R""}",9ec3b5189605977b116d2f017940b9056e5d35af317655fcf1d4ecb69bfacabc,11440186595651983227,GPT,ALPHA,HIGH,STRICT,1,ITT,CANDIDATE9,B1,IC-b,C6-E,C4R,575,0.0093347529769734,-0.0423125686901832,0.0572150380290191,3385,0,6615,0.6771322867713229,aae614a337b89331e2303d2ce4030d9958343533fa33115c24d82bc93febe5dc,HIGH_REASONING_SUPPLEMENTAL,V13_SUPPLEMENTAL_SHA256_STREAM,1.0,False
SUPPLEMENTAL_HISTORICAL_ROW,"{""action_space"":""CANDIDATE9"",""analysis_id"":""SUPPLEMENTAL_HISTORICAL_ROW"",""budget"":""B1"",""execution_policy"":""STRICT"",""information_condition"":""IC-b"",""lhs"":""C6-E"",""model"":""GPT"",""oracle"":""beta"",""population"":""ITT"",""reasoning_regime"":""HIGH"",""replicate"":""RUN1"",""rhs"":""C4R""}",b284d4456f9c4355ebb03c8bbe680b184db7e3f8b8bf07e26bdd73a078ba2bb8,12863639830367322965,GPT,BETA,HIGH,STRICT,1,ITT,CANDIDATE9,B1,IC-b,C6-E,C4R,575,-0.0019468101583824,-0.0198377037038872,0.0115713215582114,5642,0,4358,0.8717128287171283,f76e2288148e59d30b94d6129ed0baf23dc134b02164e3f7acfa3471a6d44580,HIGH_REASONING_SUPPLEMENTAL,V13_SUPPLEMENTAL_SHA256_STREAM,1.0,False
SUPPLEMENTAL_HISTORICAL_ROW,"{""action_space"":""CANDIDATE9"",""analysis_id"":""SUPPLEMENTAL_HISTORICAL_ROW"",""budget"":""B1"",""execution_policy"":""STRICT"",""information_condition"":""IC-b"",""lhs"":""C6-E"",""model"":""GPT"",""oracle"":""gamma"",""population"":""ITT"",""reasoning_regime"":""HIGH"",""replicate"":""RUN1"",""rhs"":""C4R""}",017e20ba109fcca3b71d836397fdb9d67135a89ca9e8a18040a3e4f079247eff,107559424618384547,GPT,GAMMA,HIGH,STRICT,1,ITT,CANDIDATE9,B1,IC-b,C6-E,C4R,575,0.0182488872968257,-0.0051207540957379,0.043037354616153,653,0,9347,0.1307869213078692,8b6c3e45f84338aff9b7104922c1fd3ae81ce701197977bb2280659b3df606dd,HIGH_REASONING_SUPPLEMENTAL,V13_SUPPLEMENTAL_SHA256_STREAM,1.0,False
SUPPLEMENTAL_HISTORICAL_ROW,"{""action_space"":""FREE8"",""analysis_id"":""SUPPLEMENTAL_HISTORICAL_ROW"",""budget"":""B1"",""execution_policy"":""STRICT"",""information_condition"":""IC-b"",""lhs"":""C4R"",""model"":""GEMINI"",""oracle"":""alpha"",""population"":""ITT"",""reasoning_regime"":""HIGH"",""replicate"":""RUN1"",""rhs"":""C4""}",1a4c83dd1f08c84e2852717f32cd1bc5adc6e6e64608e8bb00d91ef9da6dbf49,1895034528947816526,GEMINI,ALPHA,HIGH,STRICT,1,ITT,FREE8,B1,IC-b,C4R,C4,575,-0.0101715859116971,-0.0425168504509922,0.0214599625855607,7359,0,2641,0.5283471652834717,ee9762f71e90889dd4c344abcc88ccc483f5dce411d8e2c531beb7acc6b30eff,HIGH_REASONING_SUPPLEMENTAL,V13_SUPPLEMENTAL_SHA256_STREAM,1.0,False
SUPPLEMENTAL_HISTORICAL_ROW,"{""action_space"":""FREE8"",""analysis_id"":""SUPPLEMENTAL_HISTORICAL_ROW"",""budget"":""B1"",""execution_policy"":""STRICT"",""information_condition"":""IC-b"",""lhs"":""C4R"",""model"":""GEMINI"",""oracle"":""beta"",""population"":""ITT"",""reasoning_regime"":""HIGH"",""replicate"":""RUN1"",""rhs"":""C4""}",d1987b316126dcd443e2666ccb5f3bee95e76c7197b9519de3a510d8ac0e9e1d,15102956802400509140,GEMINI,BETA,HIGH,STRICT,1,ITT,FREE8,B1,IC-b,C4R,C4,575,-0.0013103484056153,-0.0040600129478018,0.0012908322128152,8337,0,1663,0.3327667233276672,e2bbea25e8fef4b65b576b3e6ad45559d3a5859a15285e0e6b7d12f8a93e7688,HIGH_REASONING_SUPPLEMENTAL,V13_SUPPLEMENTAL_SHA256_STREAM,1.0,False
SUPPLEMENTAL_HISTORICAL_ROW,"{""action_space"":""FREE8"",""analysis_id"":""SUPPLEMENTAL_HISTORICAL_ROW"",""budget"":""B1"",""execution_policy"":""STRICT"",""information_condition"":""IC-b"",""lhs"":""C4R"",""model"":""GEMINI"",""oracle"":""gamma"",""population"":""ITT"",""reasoning_regime"":""HIGH"",""replicate"":""RUN1"",""rhs"":""C4""}",f45956e980b0dea30fbc45cd4b79d4a0023b466f683588c7264e791ba2457062,17607199779068108451,GEMINI,GAMMA,HIGH,STRICT,1,ITT,FREE8,B1,IC-b,C4R,C4,575,0.0036267184990259,-0.0085634789469891,0.0160578295449245,2835,0,7165,0.5671432856714329,4883b6dfe7e0a582dc7416d222da7dfad0c4cea79298ea0732b9b5930497e164,HIGH_REASONING_SUPPLEMENTAL,V13_SUPPLEMENTAL_SHA256_STREAM,1.0,False
SUPPLEMENTAL_HISTORICAL_ROW,"{""action_space"":""FREE8"",""analysis_id"":""SUPPLEMENTAL_HISTORICAL_ROW"",""budget"":""B1"",""execution_policy"":""STRICT"",""information_condition"":""IC-b"",""lhs"":""C5"",""model"":""GEMINI"",""oracle"":""alpha"",""population"":""ITT"",""reasoning_regime"":""HIGH"",""replicate"":""RUN1"",""rhs"":""C4""}",8364b93f23b1e9215f0126f60bab1333d6401190f8442e068a21aabb2e38c292,9467895997472565537,GEMINI,ALPHA,HIGH,STRICT,1,ITT,FREE8,B1,IC-b,C5,C4,575,0.0648693881700845,0.0058096601561847,0.1244291504879242,166,0,9834,0.0333966603339666,490856e20dd0c5132d02e6ca89762f05c2224efee949521ec9ccaa0c7b3f0de3,HIGH_REASONING_SUPPLEMENTAL,V13_SUPPLEMENTAL_SHA256_STREAM,1.0,False
SUPPLEMENTAL_HISTORICAL_ROW,"{""action_space"":""FREE8"",""analysis_id"":""SUPPLEMENTAL_HISTORICAL_ROW"",""budget"":""B1"",""execution_policy"":""STRICT"",""information_condition"":""IC-b"",""lhs"":""C5"",""model"":""GEMINI"",""oracle"":""beta"",""population"":""ITT"",""reasoning_regime"":""HIGH"",""replicate"":""RUN1"",""rhs"":""C4""}",321c949bf58a83ef9180c2033641f1464a1e54c624915285cce968278bff09ad,3610924398804632559,GEMINI,BETA,HIGH,STRICT,1,ITT,FREE8,B1,IC-b,C5,C4,575,0.0140109216458056,-0.0045039012891775,0.0344129225189418,727,0,9273,0.1455854414558544,ca76acf95ad277cfae4c08a69d6423f22f0654643e2cb53c402ccb96a673ca17,HIGH_REASONING_SUPPLEMENTAL,V13_SUPPLEMENTAL_SHA256_STREAM,1.0,False
SUPPLEMENTAL_HISTORICAL_ROW,"{""action_space"":""FREE8"",""analysis_id"":""SUPPLEMENTAL_HISTORICAL_ROW"",""budget"":""B1"",""execution_policy"":""STRICT"",""information_condition"":""IC-b"",""lhs"":""C5"",""model"":""GEMINI"",""oracle"":""gamma"",""population"":""ITT"",""reasoning_regime"":""HIGH"",""replicate"":""RUN1"",""rhs"":""C4""}",e9d8d3e567587178fce46c05ffd1c7e57f9f2e7e91844e66a497371255d5e725,16850450988041531768,GEMINI,GAMMA,HIGH,STRICT,1,ITT,FREE8,B1,IC-b,C5,C4,575,0.0144251914567255,-0.0152552072654659,0.0452336978633734,1782,0,8218,0.3565643435656434,6af7f1b6e15a054e37d36028f7f61f7fd061c1b3f142c6b4453f18affc638512,HIGH_REASONING_SUPPLEMENTAL,V13_SUPPLEMENTAL_SHA256_STREAM,1.0,False
SUPPLEMENTAL_HISTORICAL_ROW,"{""action_space"":""FREE8"",""analysis_id"":""SUPPLEMENTAL_HISTORICAL_ROW"",""budget"":""B1"",""execution_policy"":""STRICT"",""information_condition"":""IC-b"",""lhs"":""C6-E"",""model"":""GEMINI"",""oracle"":""alpha"",""population"":""ITT"",""reasoning_regime"":""HIGH"",""replicate"":""RUN1"",""rhs"":""C4R""}",c6e9722d471a4193b4d18b6f794a3b6f21768b9f268386619e98bfd76df97cfc,14333112827875312019,GEMINI,ALPHA,HIGH,STRICT,1,ITT,FREE8,B1,IC-b,C6-E,C4R,575,0.089721502462878,0.0409127634923695,0.1389454421416847,5,0,9995,0.0011998800119988,837cde61e58824778a7ad77ed40f93a2a948686208ffca02bce277293ce59f67,HIGH_REASONING_SUPPLEMENTAL,V13_SUPPLEMENTAL_SHA256_STREAM,0.0611938806119388,False
SUPPLEMENTAL_HISTORICAL_ROW,"{""action_space"":""FREE8"",""analysis_id"":""SUPPLEMENTAL_HISTORICAL_ROW"",""budget"":""B1"",""execution_policy"":""STRICT"",""information_condition"":""IC-b"",""lhs"":""C6-E"",""model"":""GEMINI"",""oracle"":""beta"",""population"":""ITT"",""reasoning_regime"":""HIGH"",""replicate"":""RUN1"",""rhs"":""C4R""}",f6c0494f4c2c799fa799365c0799ee4ddc9a72035d0dce735292a4bb7e6597b3,17780291933787945375,GEMINI,BETA,HIGH,STRICT,1,ITT,FREE8,B1,IC-b,C6-E,C4R,575,0.0156379359911485,0.0060212151538855,0.0283709912062193,3,0,9997,0.0007999200079992,458d169e2c261b1ccfc0ca40db3b5d0aea7a72fc066f5259c3911d4d08402623,HIGH_REASONING_SUPPLEMENTAL,V13_SUPPLEMENTAL_SHA256_STREAM,0.0423957604239576,True
SUPPLEMENTAL_HISTORICAL_ROW,"{""action_space"":""FREE8"",""analysis_id"":""SUPPLEMENTAL_HISTORICAL_ROW"",""budget"":""B1"",""execution_policy"":""STRICT"",""information_condition"":""IC-b"",""lhs"":""C6-E"",""model"":""GEMINI"",""oracle"":""gamma"",""population"":""ITT"",""reasoning_regime"":""HIGH"",""replicate"":""RUN1"",""rhs"":""C4R""}",9a0a576ba6ebf24f62c8d9c012a2d84aafb22b7a6a9f825cdd9e528f67996e96,11099780351481606735,GEMINI,GAMMA,HIGH,STRICT,1,ITT,FREE8,B1,IC-b,C6-E,C4R,575,0.0221744197253284,0.0022272153255359,0.0439759541122969,137,0,9863,0.0275972402759724,ccd52e2e5e1a7a52f6788f6ce0549968310e8482fea940ffe5a4ec72b0c72166,HIGH_REASONING_SUPPLEMENTAL,V13_SUPPLEMENTAL_SHA256_STREAM,1.0,False
SUPPLEMENTAL_HISTORICAL_ROW,"{""action_space"":""FREE8"",""analysis_id"":""SUPPLEMENTAL_HISTORICAL_ROW"",""budget"":""B1"",""execution_policy"":""STRICT"",""information_condition"":""IC-b"",""lhs"":""C6-E"",""model"":""GEMINI"",""oracle"":""alpha"",""population"":""ITT"",""reasoning_regime"":""HIGH"",""replicate"":""RUN1"",""rhs"":""C6-EX""}",a7c196e1b16190dc9fb35f07138c2d168739dd3e1f58e4ad32a7fab1873e8e6b,12088108770926891228,GEMINI,ALPHA,HIGH,STRICT,1,ITT,FREE8,B1,IC-b,C6-E,C6-EX,575,0.0412234976762198,-0.0133898414926871,0.096072912611014,720,0,9280,0.1441855814418558,d197d975c443847d31e2ff4954797cfda59a4aaf042fd6b9950862fe4ed957af,HIGH_REASONING_SUPPLEMENTAL,V13_SUPPLEMENTAL_SHA256_STREAM,1.0,False
SUPPLEMENTAL_HISTORICAL_ROW,"{""action_space"":""FREE8"",""analysis_id"":""SUPPLEMENTAL_HISTORICAL_ROW"",""budget"":""B1"",""execution_policy"":""STRICT"",""information_condition"":""IC-b"",""lhs"":""C6-E"",""model"":""GEMINI"",""oracle"":""beta"",""population"":""ITT"",""reasoning_regime"":""HIGH"",""replicate"":""RUN1"",""rhs"":""C6-EX""}",f816bae2ce7f083ffaada33d77ea8c60ed6a0fc6deaa83d72cb34153ff72ad6b,17876681254183569471,GEMINI,BETA,HIGH,STRICT,1,ITT,FREE8,B1,IC-b,C6-E,C6-EX,575,0.0043140206694648,-0.0021429773570694,0.0103584685169234,868,0,9132,0.1737826217378262,fe60560be14516f507184c604188d9bd037f111e45305043e3b3109efa568c62,HIGH_REASONING_SUPPLEMENTAL,V13_SUPPLEMENTAL_SHA256_STREAM,1.0,False
SUPPLEMENTAL_HISTORICAL_ROW,"{""action_space"":""FREE8"",""analysis_id"":""SUPPLEMENTAL_HISTORICAL_ROW"",""budget"":""B1"",""execution_policy"":""STRICT"",""information_condition"":""IC-b"",""lhs"":""C6-E"",""model"":""GEMINI"",""oracle"":""gamma"",""population"":""ITT"",""reasoning_regime"":""HIGH"",""replicate"":""RUN1"",""rhs"":""C6-EX""}",7be2023ce3910fd8a066638dc66811d668569946dea9a8d57811c9b754eaeff4,8926699871940972504,GEMINI,GAMMA,HIGH,STRICT,1,ITT,FREE8,B1,IC-b,C6-E,C6-EX,575,0.0114101597553352,-0.0098945565806972,0.0339373777763789,1555,0,8445,0.3111688831116888,39226870a72a8429ef436784601b0e75e02f2ad85a01b55b00032a9d0e361eab,HIGH_REASONING_SUPPLEMENTAL,V13_SUPPLEMENTAL_SHA256_STREAM,1.0,False
SUPPLEMENTAL_HISTORICAL_ROW,"{""action_space"":""FREE8"",""analysis_id"":""SUPPLEMENTAL_HISTORICAL_ROW"",""budget"":""B1"",""execution_policy"":""STRICT"",""information_condition"":""IC-b"",""lhs"":""C4R"",""model"":""GEMINI"",""oracle"":""alpha"",""population"":""ITT"",""reasoning_regime"":""HIGH"",""replicate"":""RUN2"",""rhs"":""C4""}",414c68462844ecac28e37b142a971f8619fad70cf6b131b23697fdaaf9d3b9cc,4705250361227930796,GEMINI,ALPHA,HIGH,STRICT,2,ITT,FREE8,B1,IC-b,C4R,C4,575,-0.0078493848807069,-0.0459906585271192,0.0253659390213725,6618,0,3382,0.6765323467653235,3f94f580b2b8fa656506fc08c2d4da6c3c748239b72bf902d721d1954b743f87,STABILITY_SUPPLEMENTAL,V13_SUPPLEMENTAL_SHA256_STREAM,1.0,False
SUPPLEMENTAL_HISTORICAL_ROW,"{""action_space"":""FREE8"",""analysis_id"":""SUPPLEMENTAL_HISTORICAL_ROW"",""budget"":""B1"",""execution_policy"":""STRICT"",""information_condition"":""IC-b"",""lhs"":""C4R"",""model"":""GEMINI"",""oracle"":""beta"",""population"":""ITT"",""reasoning_regime"":""HIGH"",""replicate"":""RUN2"",""rhs"":""C4""}",53b29a3fc98acc81eeefd4dd987ee90f4ba424876bb8e4fb67f4b7a2c0b62831,6031052449757449345,GEMINI,BETA,HIGH,STRICT,2,ITT,FREE8,B1,IC-b,C4R,C4,575,-0.0018190381983069,-0.0169587176689035,0.0130798888035132,6062,0,3938,0.7877212278772123,8247b98f7265d96d78afc1ccc788065b8415bb24d430140107deb770cbbb82e9,STABILITY_SUPPLEMENTAL,V13_SUPPLEMENTAL_SHA256_STREAM,1.0,False
SUPPLEMENTAL_HISTORICAL_ROW,"{""action_space"":""FREE8"",""analysis_id"":""SUPPLEMENTAL_HISTORICAL_ROW"",""budget"":""B1"",""execution_policy"":""STRICT"",""information_condition"":""IC-b"",""lhs"":""C4R"",""model"":""GEMINI"",""oracle"":""gamma"",""population"":""ITT"",""reasoning_regime"":""HIGH"",""replicate"":""RUN2"",""rhs"":""C4""}",c970c5ec2d11dc6117840e98f94d3c994a69382bf94f99e6a6fdad1187bcfc99,14515319217174207585,GEMINI,GAMMA,HIGH,STRICT,2,ITT,FREE8,B1,IC-b,C4R,C4,575,-0.0066511289230967,-0.0231516810491127,0.0078218957362288,7930,0,2070,0.4141585841415858,4394f59f16ac6d2808426a992ff72643ec6dc158fd3efcbaa82ec9bd05da5c5f,STABILITY_SUPPLEMENTAL,V13_SUPPLEMENTAL_SHA256_STREAM,1.0,False
SUPPLEMENTAL_HISTORICAL_ROW,"{""action_space"":""FREE8"",""analysis_id"":""SUPPLEMENTAL_HISTORICAL_ROW"",""budget"":""B1"",""execution_policy"":""STRICT"",""information_condition"":""IC-b"",""lhs"":""C6-E"",""model"":""GEMINI"",""oracle"":""alpha"",""population"":""ITT"",""reasoning_regime"":""HIGH"",""replicate"":""RUN2"",""rhs"":""C4R""}",8bf448446969a70cd44c5ccd25f9e2dd65203822b10efab71aab8447ad2d06fb,10084764924252890892,GEMINI,ALPHA,HIGH,STRICT,2,ITT,FREE8,B1,IC-b,C6-E,C4R,575,0.0653018854211735,0.0177552933537275,0.115899930457042,35,0,9965,0.0071992800719928,72d8e7a84011727d05d3630233601b6587e3a7b9703a5068b8a9273d3ee13169,STABILITY_SUPPLEMENTAL,V13_SUPPLEMENTAL_SHA256_STREAM,0.4175582441755824,False
SUPPLEMENTAL_HISTORICAL_ROW,"{""action_space"":""FREE8"",""analysis_id"":""SUPPLEMENTAL_HISTORICAL_ROW"",""budget"":""B1"",""execution_policy"":""STRICT"",""information_condition"":""IC-b"",""lhs"":""C6-E"",""model"":""GEMINI"",""oracle"":""beta"",""population"":""ITT"",""reasoning_regime"":""HIGH"",""replicate"":""RUN2"",""rhs"":""C4R""}",6949fdbf50498b0aa2f44e23ed996576d78ace233db061dc8e2aff11e06eddcc,7586874045409889034,GEMINI,BETA,HIGH,STRICT,2,ITT,FREE8,B1,IC-b,C6-E,C4R,575,0.0205297018875829,0.0027071635355366,0.0400424184724079,106,0,9894,0.0213978602139786,c22a92720207c2360e0226f41e95ecafaa612a374dfe0d858d43b71bb8d3df06,STABILITY_SUPPLEMENTAL,V13_SUPPLEMENTAL_SHA256_STREAM,1.0,False
SUPPLEMENTAL_HISTORICAL_ROW,"{""action_space"":""FREE8"",""analysis_id"":""SUPPLEMENTAL_HISTORICAL_ROW"",""budget"":""B1"",""execution_policy"":""STRICT"",""information_condition"":""IC-b"",""lhs"":""C6-E"",""model"":""GEMINI"",""oracle"":""gamma"",""population"":""ITT"",""reasoning_regime"":""HIGH"",""replicate"":""RUN2"",""rhs"":""C4R""}",37ec515414643faf29c74e4fecfe758a75e133674377d114a10563468fe0f75d,4029685188150968239,GEMINI,GAMMA,HIGH,STRICT,2,ITT,FREE8,B1,IC-b,C6-E,C4R,575,0.0171663592893706,0.0014736968579577,0.0339685386658278,157,0,9843,0.0315968403159684,9ca4fd4834ccf2106291d69502d0075dcd05d8ef183046e99ff9f181d2eca788,STABILITY_SUPPLEMENTAL,V13_SUPPLEMENTAL_SHA256_STREAM,1.0,False
SUPPLEMENTAL_HISTORICAL_ROW,"{""action_space"":""FREE8"",""analysis_id"":""SUPPLEMENTAL_HISTORICAL_ROW"",""budget"":""BINF"",""execution_policy"":""STRICT"",""information_condition"":""IC-b"",""lhs"":""C4R"",""model"":""GEMINI"",""oracle"":""alpha"",""population"":""ITT"",""reasoning_regime"":""HIGH"",""replicate"":""RUN1"",""rhs"":""C4""}",a83141a60eb07fa8f62bace920346ad83a818796adfc7386d839e2413a13b79c,12119540253697540008,GEMINI,ALPHA,HIGH,STRICT,1,ITT,FREE8,BINF,IC-b,C4R,C4,575,0.1448879457482113,0.0912554599432128,0.2011515047422411,0,0,10000,0.0001999800019998,8b8a84f178428f3b170dffc9b6cb7775d4cb3bc3bd27be2d600dee25c4ec9412,HIGH_REASONING_SUPPLEMENTAL,V13_SUPPLEMENTAL_SHA256_STREAM,0.011998800119988001,True
SUPPLEMENTAL_HISTORICAL_ROW,"{""action_space"":""FREE8"",""analysis_id"":""SUPPLEMENTAL_HISTORICAL_ROW"",""budget"":""BINF"",""execution_policy"":""STRICT"",""information_condition"":""IC-b"",""lhs"":""C4R"",""model"":""GEMINI"",""oracle"":""beta"",""population"":""ITT"",""reasoning_regime"":""HIGH"",""replicate"":""RUN1"",""rhs"":""C4""}",97fcd02445860c2a1749b3b49c6cbde800ac42c0d7e60be03faee0c66db14a18,10951857248062016554,GEMINI,BETA,HIGH,STRICT,1,ITT,FREE8,BINF,IC-b,C4R,C4,575,0.0301911152468026,0.0140289552399087,0.0515690807482958,0,0,10000,0.0001999800019998,afae8b6647101033f90bf6f58cf4c2dfa27ddafa0e4fef06c617f9397d3b1bca,HIGH_REASONING_SUPPLEMENTAL,V13_SUPPLEMENTAL_SHA256_STREAM,0.011998800119988001,True
SUPPLEMENTAL_HISTORICAL_ROW,"{""action_space"":""FREE8"",""analysis_id"":""SUPPLEMENTAL_HISTORICAL_ROW"",""budget"":""BINF"",""execution_policy"":""STRICT"",""information_condition"":""IC-b"",""lhs"":""C4R"",""model"":""GEMINI"",""oracle"":""gamma"",""population"":""ITT"",""reasoning_regime"":""HIGH"",""replicate"":""RUN1"",""rhs"":""C4""}",c9942a203d57cda86d637550890c623ef52102d63cd502b8773dd814e9b952b3,14525281016133176744,GEMINI,GAMMA,HIGH,STRICT,1,ITT,FREE8,BINF,IC-b,C4R,C4,575,0.0122270227924374,-0.0021904080167673,0.0271188456447435,502,0,9498,0.1005899410058994,3864e6e9e7597862b8703527a88a28b8e8633cf860bab28124c2c9a618e4dc09,HIGH_REASONING_SUPPLEMENTAL,V13_SUPPLEMENTAL_SHA256_STREAM,1.0,False
SUPPLEMENTAL_HISTORICAL_ROW,"{""action_space"":""FREE8"",""analysis_id"":""SUPPLEMENTAL_HISTORICAL_ROW"",""budget"":""BINF"",""execution_policy"":""STRICT"",""information_condition"":""IC-b"",""lhs"":""C5"",""model"":""GEMINI"",""oracle"":""alpha"",""population"":""ITT"",""reasoning_regime"":""HIGH"",""replicate"":""RUN1"",""rhs"":""C4""}",d8d9734180950a692f38cf0d43a8112ffb4c72d7ba07460817390d167e98b24e,15625647107305966185,GEMINI,ALPHA,HIGH,STRICT,1,ITT,FREE8,BINF,IC-b,C5,C4,575,-0.0652430602825521,-0.1520787989142781,0.0183812327690396,9349,0,651,0.1303869613038696,1781facd8e128145f41b28378c775739b195de6197c72be54443c2ec20000fae,HIGH_REASONING_SUPPLEMENTAL,V13_SUPPLEMENTAL_SHA256_STREAM,1.0,False
SUPPLEMENTAL_HISTORICAL_ROW,"{""action_space"":""FREE8"",""analysis_id"":""SUPPLEMENTAL_HISTORICAL_ROW"",""budget"":""BINF"",""execution_policy"":""STRICT"",""information_condition"":""IC-b"",""lhs"":""C5"",""model"":""GEMINI"",""oracle"":""beta"",""population"":""ITT"",""reasoning_regime"":""HIGH"",""replicate"":""RUN1"",""rhs"":""C4""}",b7a2e3c69d4d8301ead723d019df7aff6a5317db736e0088c25d99410f64f72b,13232389097350071041,GEMINI,BETA,HIGH,STRICT,1,ITT,FREE8,BINF,IC-b,C5,C4,575,-0.0007981189027952,-0.0338498660076739,0.0329245047672394,5370,0,4630,0.926107389261074,a62a497de800479f6d71df9ce4177234d6a7ae16a0d4d0452d59aea01e5f50a3,HIGH_REASONING_SUPPLEMENTAL,V13_SUPPLEMENTAL_SHA256_STREAM,1.0,False
SUPPLEMENTAL_HISTORICAL_ROW,"{""action_space"":""FREE8"",""analysis_id"":""SUPPLEMENTAL_HISTORICAL_ROW"",""budget"":""BINF"",""execution_policy"":""STRICT"",""information_condition"":""IC-b"",""lhs"":""C5"",""model"":""GEMINI"",""oracle"":""gamma"",""population"":""ITT"",""reasoning_regime"":""HIGH"",""replicate"":""RUN1"",""rhs"":""C4""}",380aeb461abaecea05fc504d18d035c28d2d25d80170834789b255d62ed31e97,4038298702219767018,GEMINI,GAMMA,HIGH,STRICT,1,ITT,FREE8,BINF,IC-b,C5,C4,575,-0.0185250162845019,-0.055703689565556,0.0174567698252534,8420,0,1580,0.3161683831616838,08e7497cbedd39ca4195ce554a8202a5e33d956f78040666f256fe010cb67272,HIGH_REASONING_SUPPLEMENTAL,V13_SUPPLEMENTAL_SHA256_STREAM,1.0,False
SUPPLEMENTAL_HISTORICAL_ROW,"{""action_space"":""FREE8"",""analysis_id"":""SUPPLEMENTAL_HISTORICAL_ROW"",""budget"":""BINF"",""execution_policy"":""STRICT"",""information_condition"":""IC-b"",""lhs"":""C6-E"",""model"":""GEMINI"",""oracle"":""alpha"",""population"":""ITT"",""reasoning_regime"":""HIGH"",""replicate"":""RUN1"",""rhs"":""C4R""}",4b847acfead123108cbcc29da3fc2ffa4f828f6fc630567563a7d48a5f60a266,5441609283186795280,GEMINI,ALPHA,HIGH,STRICT,1,ITT,FREE8,BINF,IC-b,C6-E,C4R,575,0.0430853162824828,-0.019472564073034,0.1062079047862777,903,0,9097,0.1807819218078192,4c731a00cad6486428332744a8532346f8b5d7cd68d9f50083c9fcee50d66a30,HIGH_REASONING_SUPPLEMENTAL,V13_SUPPLEMENTAL_SHA256_STREAM,1.0,False
SUPPLEMENTAL_HISTORICAL_ROW,"{""action_space"":""FREE8"",""analysis_id"":""SUPPLEMENTAL_HISTORICAL_ROW"",""budget"":""BINF"",""execution_policy"":""STRICT"",""information_condition"":""IC-b"",""lhs"":""C6-E"",""model"":""GEMINI"",""oracle"":""beta"",""population"":""ITT"",""reasoning_regime"":""HIGH"",""replicate"":""RUN1"",""rhs"":""C4R""}",8fa0333e883e03313d4fc09681292afd51362f61ba35f9d4494eb68f3d2eeb1b,10349328287364154161,GEMINI,BETA,HIGH,STRICT,1,ITT,FREE8,BINF,IC-b,C6-E,C4R,575,0.0120003347734194,-0.0159816444407155,0.0395029719209521,1919,0,8081,0.383961603839616,5e7bd2efb811e77cfdb1b53e623131e996b34dcbe59e3a776ad5ca5c42ae4127,HIGH_REASONING_SUPPLEMENTAL,V13_SUPPLEMENTAL_SHA256_STREAM,1.0,False
SUPPLEMENTAL_HISTORICAL_ROW,"{""action_space"":""FREE8"",""analysis_id"":""SUPPLEMENTAL_HISTORICAL_ROW"",""budget"":""BINF"",""execution_policy"":""STRICT"",""information_condition"":""IC-b"",""lhs"":""C6-E"",""model"":""GEMINI"",""oracle"":""gamma"",""population"":""ITT"",""reasoning_regime"":""HIGH"",""replicate"":""RUN1"",""rhs"":""C4R""}",288020a610cd3aacd357b9d6260a9885dd034a07404eaa1875f23606f075f978,2918368456154626732,GEMINI,GAMMA,HIGH,STRICT,1,ITT,FREE8,BINF,IC-b,C6-E,C4R,575,0.0427412929181628,0.0222037502988111,0.0647562659152927,0,0,10000,0.0001999800019998,e76873aa81273498f8f56fceb1fcb7b09bb2ac00162c1f73f63bfd6ee65b9bb9,HIGH_REASONING_SUPPLEMENTAL,V13_SUPPLEMENTAL_SHA256_STREAM,0.011998800119988001,True
SUPPLEMENTAL_HISTORICAL_ROW,"{""action_space"":""FREE8"",""analysis_id"":""SUPPLEMENTAL_HISTORICAL_ROW"",""budget"":""BINF"",""execution_policy"":""STRICT"",""information_condition"":""IC-b"",""lhs"":""C6-E"",""model"":""GEMINI"",""oracle"":""alpha"",""population"":""ITT"",""reasoning_regime"":""HIGH"",""replicate"":""RUN1"",""rhs"":""C6-EX""}",3a2288d522e152e226fbf964208f6c00fafc1eb6e445968c82a81cd8a8b549fe,4189061052402586338,GEMINI,ALPHA,HIGH,STRICT,1,ITT,FREE8,BINF,IC-b,C6-E,C6-EX,575,0.0153244899294307,-0.0413064637322229,0.0703832405128116,3033,0,6967,0.6067393260673932,ec8a21a470fb7359d304cbcab624db67da9424ac98ac29af42b15cbe12fa2e59,HIGH_REASONING_SUPPLEMENTAL,V13_SUPPLEMENTAL_SHA256_STREAM,1.0,False
SUPPLEMENTAL_HISTORICAL_ROW,"{""action_space"":""FREE8"",""analysis_id"":""SUPPLEMENTAL_HISTORICAL_ROW"",""budget"":""BINF"",""execution_policy"":""STRICT"",""information_condition"":""IC-b"",""lhs"":""C6-E"",""model"":""GEMINI"",""oracle"":""beta"",""population"":""ITT"",""reasoning_regime"":""HIGH"",""replicate"":""RUN1"",""rhs"":""C6-EX""}",8ca67f1b0e4520a6abe2aee8efd9e227ecee8c36238dbdaf65760866efaee2b9,10134927765624135846,GEMINI,BETA,HIGH,STRICT,1,ITT,FREE8,BINF,IC-b,C6-E,C6-EX,575,-0.0002395902546702,-0.019133584153146,0.0149303215330377,4843,0,5157,0.9687031296870312,50920621d4bb64ea0f1bb21a4139806190d286521bb536fd59ce14b9c766bee8,HIGH_REASONING_SUPPLEMENTAL,V13_SUPPLEMENTAL_SHA256_STREAM,1.0,False
SUPPLEMENTAL_HISTORICAL_ROW,"{""action_space"":""FREE8"",""analysis_id"":""SUPPLEMENTAL_HISTORICAL_ROW"",""budget"":""BINF"",""execution_policy"":""STRICT"",""information_condition"":""IC-b"",""lhs"":""C6-E"",""model"":""GEMINI"",""oracle"":""gamma"",""population"":""ITT"",""reasoning_regime"":""HIGH"",""replicate"":""RUN1"",""rhs"":""C6-EX""}",a29bab33ba4712d0df4f127fe2d94c27e62523d188bc7b4986e46069b0aef186,11717147094191379152,GEMINI,GAMMA,HIGH,STRICT,1,ITT,FREE8,BINF,IC-b,C6-E,C6-EX,575,0.0227744302086518,0.0016378640374698,0.0446869323314424,174,0,9826,0.034996500349965,4699ee4a8bd56cf212f157c2705f2a5c21c672e51cb866fbe64216c0f8b08a4d,HIGH_REASONING_SUPPLEMENTAL,V13_SUPPLEMENTAL_SHA256_STREAM,1.0,False
SUPPLEMENTAL_HISTORICAL_ROW,"{""action_space"":""FREE8"",""analysis_id"":""SUPPLEMENTAL_HISTORICAL_ROW"",""budget"":""BINF"",""execution_policy"":""STRICT"",""information_condition"":""IC-b"",""lhs"":""C4R"",""model"":""GEMINI"",""oracle"":""alpha"",""population"":""ITT"",""reasoning_regime"":""HIGH"",""replicate"":""RUN2"",""rhs"":""C4""}",0fb76ca6c08c9eee56e9aab8f7a0ac2ba5075b345b3e92c15c08028b3c017612,1132493294757781230,GEMINI,ALPHA,HIGH,STRICT,2,ITT,FREE8,BINF,IC-b,C4R,C4,575,0.1434374494292223,0.0962688541217368,0.1960719983110732,0,0,10000,0.0001999800019998,f3e8af9f4566b0b1d81c77708757012effbd48c1e46841da068c79050647be82,STABILITY_SUPPLEMENTAL,V13_SUPPLEMENTAL_SHA256_STREAM,0.0191980801919808,True
SUPPLEMENTAL_HISTORICAL_ROW,"{""action_space"":""FREE8"",""analysis_id"":""SUPPLEMENTAL_HISTORICAL_ROW"",""budget"":""BINF"",""execution_policy"":""STRICT"",""information_condition"":""IC-b"",""lhs"":""C4R"",""model"":""GEMINI"",""oracle"":""beta"",""population"":""ITT"",""reasoning_regime"":""HIGH"",""replicate"":""RUN2"",""rhs"":""C4""}",8235807c58cb3461e0bdc7f971577fc63906777fd47b72a9c7d7b7c681347dfa,9382546670250308705,GEMINI,BETA,HIGH,STRICT,2,ITT,FREE8,BINF,IC-b,C4R,C4,575,0.019917651301469,0.0080707217272846,0.0336807447379136,1,0,9999,0.0003999600039996,9c113315572b8a0692c68d83fbd1f4b01f1849eb22add319ea27673de8b5033e,STABILITY_SUPPLEMENTAL,V13_SUPPLEMENTAL_SHA256_STREAM,0.0311968803119688,True
SUPPLEMENTAL_HISTORICAL_ROW,"{""action_space"":""FREE8"",""analysis_id"":""SUPPLEMENTAL_HISTORICAL_ROW"",""budget"":""BINF"",""execution_policy"":""STRICT"",""information_condition"":""IC-b"",""lhs"":""C4R"",""model"":""GEMINI"",""oracle"":""gamma"",""population"":""ITT"",""reasoning_regime"":""HIGH"",""replicate"":""RUN2"",""rhs"":""C4""}",c61e445d0c2f8db646af55d44287b6cd69021d96bfd9b9811ab5be8bf5adb4f1,14275923035238141366,GEMINI,GAMMA,HIGH,STRICT,2,ITT,FREE8,BINF,IC-b,C4R,C4,575,0.0145741505369609,-0.0046141681516239,0.0336909446787663,668,0,9332,0.1337866213378662,161ba7f6d8c1d097a6726e12c506aeb88a24635ff074a169c64dd740cd22453f,STABILITY_SUPPLEMENTAL,V13_SUPPLEMENTAL_SHA256_STREAM,1.0,False
SUPPLEMENTAL_HISTORICAL_ROW,"{""action_space"":""FREE8"",""analysis_id"":""SUPPLEMENTAL_HISTORICAL_ROW"",""budget"":""BINF"",""execution_policy"":""STRICT"",""information_condition"":""IC-b"",""lhs"":""C6-E"",""model"":""GEMINI"",""oracle"":""alpha"",""population"":""ITT"",""reasoning_regime"":""HIGH"",""replicate"":""RUN2"",""rhs"":""C4R""}",4d5e572eb6e65a6932edaf368898ebeee58bab0853ac9cf83bea3fd9a37c0138,5574989246879914601,GEMINI,ALPHA,HIGH,STRICT,2,ITT,FREE8,BINF,IC-b,C6-E,C4R,575,-0.0022336536789492,-0.0678812934095683,0.0615593439072428,5247,0,4753,0.9507049295070492,8ff9cf1c7b0afb50488a75958b7938a69ceaae86f738593b58d2d329f39aaa64,STABILITY_SUPPLEMENTAL,V13_SUPPLEMENTAL_SHA256_STREAM,1.0,False
SUPPLEMENTAL_HISTORICAL_ROW,"{""action_space"":""FREE8"",""analysis_id"":""SUPPLEMENTAL_HISTORICAL_ROW"",""budget"":""BINF"",""execution_policy"":""STRICT"",""information_condition"":""IC-b"",""lhs"":""C6-E"",""model"":""GEMINI"",""oracle"":""beta"",""population"":""ITT"",""reasoning_regime"":""HIGH"",""replicate"":""RUN2"",""rhs"":""C4R""}",799b5a21a747c469f88f0b0227060f991ce55e56ba23e08dc9f3779c855a489b,8762696600566350953,GEMINI,BETA,HIGH,STRICT,2,ITT,FREE8,BINF,IC-b,C6-E,C4R,575,0.0221277570549341,0.0018473129440372,0.0421712705542726,169,0,9831,0.033996600339966,56f962cd2bfc59b3e45e855d149108f287abf8d030755f033fe6b0608eaa9639,STABILITY_SUPPLEMENTAL,V13_SUPPLEMENTAL_SHA256_STREAM,1.0,False
SUPPLEMENTAL_HISTORICAL_ROW,"{""action_space"":""FREE8"",""analysis_id"":""SUPPLEMENTAL_HISTORICAL_ROW"",""budget"":""BINF"",""execution_policy"":""STRICT"",""information_condition"":""IC-b"",""lhs"":""C6-E"",""model"":""GEMINI"",""oracle"":""gamma"",""population"":""ITT"",""reasoning_regime"":""HIGH"",""replicate"":""RUN2"",""rhs"":""C4R""}",9c8cbd171825fa1c9f075e75ebac88c7b666bbe21cbdf96a6f204ebba9da4c00,11280599073543289372,GEMINI,GAMMA,HIGH,STRICT,2,ITT,FREE8,BINF,IC-b,C6-E,C4R,575,0.0020470376236996,-0.0237428692665657,0.0263163713584986,4263,0,5737,0.8527147285271472,881adfc935c3ada00b5bcf2bc77a98b4484a82e229918b0399e0145247d022cd,STABILITY_SUPPLEMENTAL,V13_SUPPLEMENTAL_SHA256_STREAM,1.0,False
SUPPLEMENTAL_HISTORICAL_ROW,"{""action_space"":""FREE8"",""analysis_id"":""SUPPLEMENTAL_HISTORICAL_ROW"",""budget"":""B1"",""execution_policy"":""STRICT"",""information_condition"":""IC-b"",""lhs"":""C4R"",""model"":""GPT"",""oracle"":""alpha"",""population"":""ITT"",""reasoning_regime"":""HIGH"",""replicate"":""RUN1"",""rhs"":""C4""}",5b6a72996ef99e016db651a7612f9ce4b56ddeefac0aff0d6cadf5d6bbb3683f,6587203408300187137,GPT,ALPHA,HIGH,STRICT,1,ITT,FREE8,B1,IC-b,C4R,C4,575,0.026393680407925,-0.0002616006420694,0.056437024159322,264,0,9736,0.052994700529947,3d1f03feaa30510c1c6f1fb4b5c7154f2ba1cc252f95ee4f45dfb1780bd610c0,HIGH_REASONING_SUPPLEMENTAL,V13_SUPPLEMENTAL_SHA256_STREAM,1.0,False
SUPPLEMENTAL_HISTORICAL_ROW,"{""action_space"":""FREE8"",""analysis_id"":""SUPPLEMENTAL_HISTORICAL_ROW"",""budget"":""B1"",""execution_policy"":""STRICT"",""information_condition"":""IC-b"",""lhs"":""C4R"",""model"":""GPT"",""oracle"":""beta"",""population"":""ITT"",""reasoning_regime"":""HIGH"",""replicate"":""RUN1"",""rhs"":""C4""}",4cc899d1a2ba126f3e703297ae5b8d84c7b5ed2230edf6527b565fd6f689c61f,5532841267881972335,GPT,BETA,HIGH,STRICT,1,ITT,FREE8,B1,IC-b,C4R,C4,575,-0.0025756930048725,-0.0141879317232515,0.0044821154065455,6382,0,3618,0.7237276272372762,5d645b569f7489d85d3bc35ccc93170509a62d71b45f796f26a16f5e25674063,HIGH_REASONING_SUPPLEMENTAL,V13_SUPPLEMENTAL_SHA256_STREAM,1.0,False
SUPPLEMENTAL_HISTORICAL_ROW,"{""action_space"":""FREE8"",""analysis_id"":""SUPPLEMENTAL_HISTORICAL_ROW"",""budget"":""B1"",""execution_policy"":""STRICT"",""information_condition"":""IC-b"",""lhs"":""C4R"",""model"":""GPT"",""oracle"":""gamma"",""population"":""ITT"",""reasoning_regime"":""HIGH"",""replicate"":""RUN1"",""rhs"":""C4""}",6661bec1930acc628d821a8273f8d24b5cef1942d35b9892a8c41ab3682a3f2f,7377387403214507106,GPT,GAMMA,HIGH,STRICT,1,ITT,FREE8,B1,IC-b,C4R,C4,575,0.0012341025131362,-0.0057967801015501,0.0087260443825703,3796,0,6204,0.7593240675932407,e4b478cac588182d3b1b5bc5470cb1bd34ebcbdb6bb14eee207d7ad73ae415af,HIGH_REASONING_SUPPLEMENTAL,V13_SUPPLEMENTAL_SHA256_STREAM,1.0,False
SUPPLEMENTAL_HISTORICAL_ROW,"{""action_space"":""FREE8"",""analysis_id"":""SUPPLEMENTAL_HISTORICAL_ROW"",""budget"":""B1"",""execution_policy"":""STRICT"",""information_condition"":""IC-b"",""lhs"":""C5"",""model"":""GPT"",""oracle"":""alpha"",""population"":""ITT"",""reasoning_regime"":""HIGH"",""replicate"":""RUN1"",""rhs"":""C4""}",224464b0a1e743e27a2d28f430a94e174b602d1f843f7bdb2da0c32da1b6b6f9,2469209205499184098,GPT,ALPHA,HIGH,STRICT,1,ITT,FREE8,B1,IC-b,C5,C4,575,0.0129125117762167,-0.0449241405675988,0.0722804199020869,3446,0,6554,0.6893310668933107,b2333702388aa1bb2b074816ddd4efe0126f4a4ef914674da7f5c32f37785654,HIGH_REASONING_SUPPLEMENTAL,V13_SUPPLEMENTAL_SHA256_STREAM,1.0,False
SUPPLEMENTAL_HISTORICAL_ROW,"{""action_space"":""FREE8"",""analysis_id"":""SUPPLEMENTAL_HISTORICAL_ROW"",""budget"":""B1"",""execution_policy"":""STRICT"",""information_condition"":""IC-b"",""lhs"":""C5"",""model"":""GPT"",""oracle"":""beta"",""population"":""ITT"",""reasoning_regime"":""HIGH"",""replicate"":""RUN1"",""rhs"":""C4""}",50862b6e48c4c16f02898fefb52dc490bd04220ae424dd8905057cc79268943a,5802372922580713839,GPT,BETA,HIGH,STRICT,1,ITT,FREE8,B1,IC-b,C5,C4,575,0.0052115032564348,-0.0138369157309811,0.0206698636955351,2651,0,7349,0.5303469653034697,b994873e38d357f4d9b7d077e03d3aee17fc9c7952f0ea2469432a72ab89da9f,HIGH_REASONING_SUPPLEMENTAL,V13_SUPPLEMENTAL_SHA256_STREAM,1.0,False
SUPPLEMENTAL_HISTORICAL_ROW,"{""action_space"":""FREE8"",""analysis_id"":""SUPPLEMENTAL_HISTORICAL_ROW"",""budget"":""B1"",""execution_policy"":""STRICT"",""information_condition"":""IC-b"",""lhs"":""C5"",""model"":""GPT"",""oracle"":""gamma"",""population"":""ITT"",""reasoning_regime"":""HIGH"",""replicate"":""RUN1"",""rhs"":""C4""}",f23e3a67e524cc8803d11793a57b6c2b064139efbaa12755192820ed6d6c7706,17455453423635057800,GPT,GAMMA,HIGH,STRICT,1,ITT,FREE8,B1,IC-b,C5,C4,575,0.0009542434275145,-0.0231591153618335,0.0265859976275515,4684,0,5316,0.936906309369063,e5c6b7b4bf5be0b74fd1924d713c3172480c653f7626840796e616e72976cf9b,HIGH_REASONING_SUPPLEMENTAL,V13_SUPPLEMENTAL_SHA256_STREAM,1.0,False
SUPPLEMENTAL_HISTORICAL_ROW,"{""action_space"":""FREE8"",""analysis_id"":""SUPPLEMENTAL_HISTORICAL_ROW"",""budget"":""B1"",""execution_policy"":""STRICT"",""information_condition"":""IC-b"",""lhs"":""C6-E"",""model"":""GPT"",""oracle"":""alpha"",""population"":""ITT"",""reasoning_regime"":""HIGH"",""replicate"":""RUN1"",""rhs"":""C4R""}",5dc3e3469816533306e2ae1cca419c963021f2f0eb2f4800b04aef2caef37834,6756493758324691763,GPT,ALPHA,HIGH,STRICT,1,ITT,FREE8,B1,IC-b,C6-E,C4R,575,0.1003235457966653,0.0383199312521298,0.1623750466620162,7,0,9993,0.0015998400159984,184ce02c338f6b328e53506516e91469910fb9f9fb64f85aec84939776335111,HIGH_REASONING_SUPPLEMENTAL,V13_SUPPLEMENTAL_SHA256_STREAM,0.0783921607839216,False
SUPPLEMENTAL_HISTORICAL_ROW,"{""action_space"":""FREE8"",""analysis_id"":""SUPPLEMENTAL_HISTORICAL_ROW"",""budget"":""B1"",""execution_policy"":""STRICT"",""information_condition"":""IC-b"",""lhs"":""C6-E"",""model"":""GPT"",""oracle"":""beta"",""population"":""ITT"",""reasoning_regime"":""HIGH"",""replicate"":""RUN1"",""rhs"":""C4R""}",8819ab6a5c851540b437da90cc4a4c8f0f32fd7cc65a1ed0a45aed6b5fcb234e,9807058136883074368,GPT,BETA,HIGH,STRICT,1,ITT,FREE8,B1,IC-b,C6-E,C4R,575,0.0230976048189721,0.0006244669521791,0.0478257935632413,220,0,9780,0.0441955804419558,807a37eaf1dc0eaf29c06b0f286c723d90701e0d075f64713bf121789579fdd7,HIGH_REASONING_SUPPLEMENTAL,V13_SUPPLEMENTAL_SHA256_STREAM,1.0,False
SUPPLEMENTAL_HISTORICAL_ROW,"{""action_space"":""FREE8"",""analysis_id"":""SUPPLEMENTAL_HISTORICAL_ROW"",""budget"":""B1"",""execution_policy"":""STRICT"",""information_condition"":""IC-b"",""lhs"":""C6-E"",""model"":""GPT"",""oracle"":""gamma"",""population"":""ITT"",""reasoning_regime"":""HIGH"",""replicate"":""RUN1"",""rhs"":""C4R""}",3f087357621ce597c787b72ae168030f530dfe000dddd18924861837345f2634,4542007043348555159,GPT,GAMMA,HIGH,STRICT,1,ITT,FREE8,B1,IC-b,C6-E,C4R,575,0.0196102463847018,-0.0048978987589869,0.0439741478858248,534,0,9466,0.106989301069893,b9e44f0bbf3ad2cd4818baa48726f415a09aef4f38b3f1be6ca293545dd311fc,HIGH_REASONING_SUPPLEMENTAL,V13_SUPPLEMENTAL_SHA256_STREAM,1.0,False
SUPPLEMENTAL_HISTORICAL_ROW,"{""action_space"":""FREE8"",""analysis_id"":""SUPPLEMENTAL_HISTORICAL_ROW"",""budget"":""B1"",""execution_policy"":""STRICT"",""information_condition"":""IC-b"",""lhs"":""C6-E"",""model"":""GPT"",""oracle"":""alpha"",""population"":""ITT"",""reasoning_regime"":""HIGH"",""replicate"":""RUN1"",""rhs"":""C6-EX""}",18751b83e6c2092b7b19a682942bf2529b63311c8af5dbfeddcc7a7bd7aa4cce,1762345082511558955,GPT,ALPHA,HIGH,STRICT,1,ITT,FREE8,B1,IC-b,C6-E,C6-EX,575,0.1146287777782448,0.0448225315984331,0.1851633714099914,7,0,9993,0.0015998400159984,2973436362f3c84abb20416ce10079400eae025ba305b8ce5ccfd81e239d325b,HIGH_REASONING_SUPPLEMENTAL,V13_SUPPLEMENTAL_SHA256_STREAM,0.0783921607839216,False
SUPPLEMENTAL_HISTORICAL_ROW,"{""action_space"":""FREE8"",""analysis_id"":""SUPPLEMENTAL_HISTORICAL_ROW"",""budget"":""B1"",""execution_policy"":""STRICT"",""information_condition"":""IC-b"",""lhs"":""C6-E"",""model"":""GPT"",""oracle"":""beta"",""population"":""ITT"",""reasoning_regime"":""HIGH"",""replicate"":""RUN1"",""rhs"":""C6-EX""}",c8f6fed01f39586e0e1f1a1ecf547bcb0ecf4cd3739c6b2e49e5da9490f0d5cf,14481041821686913134,GPT,BETA,HIGH,STRICT,1,ITT,FREE8,B1,IC-b,C6-E,C6-EX,575,0.0083728620958318,-0.0152632261474497,0.0315860162117605,2367,0,7633,0.4735526447355264,0e7368529198e946736aa9318828ec82b3b711689870f33cd7dbede15775a4aa,HIGH_REASONING_SUPPLEMENTAL,V13_SUPPLEMENTAL_SHA256_STREAM,1.0,False
SUPPLEMENTAL_HISTORICAL_ROW,"{""action_space"":""FREE8"",""analysis_id"":""SUPPLEMENTAL_HISTORICAL_ROW"",""budget"":""B1"",""execution_policy"":""STRICT"",""information_condition"":""IC-b"",""lhs"":""C6-E"",""model"":""GPT"",""oracle"":""gamma"",""population"":""ITT"",""reasoning_regime"":""HIGH"",""replicate"":""RUN1"",""rhs"":""C6-EX""}",359317e7d191b02345c27de6697b07c6b4019feb725ca17ad3dc34ad5bddd7c1,3860455590007517219,GPT,GAMMA,HIGH,STRICT,1,ITT,FREE8,B1,IC-b,C6-E,C6-EX,575,0.0286340386279183,0.0015618600808779,0.0580335402351707,182,0,9818,0.0365963403659634,95cd5698641d7acb036c5a5019ab5638156e917df53016dbeb4c3c246796861d,HIGH_REASONING_SUPPLEMENTAL,V13_SUPPLEMENTAL_SHA256_STREAM,1.0,False
SUPPLEMENTAL_HISTORICAL_ROW,"{""action_space"":""FREE8"",""analysis_id"":""SUPPLEMENTAL_HISTORICAL_ROW"",""budget"":""B1"",""execution_policy"":""STRICT"",""information_condition"":""IC-b"",""lhs"":""C4R"",""model"":""GPT"",""oracle"":""alpha"",""population"":""ITT"",""reasoning_regime"":""HIGH"",""replicate"":""RUN2"",""rhs"":""C4""}",6c76efc5996db51e8640d8bce062a5917947c7ec7fd2c36fd97b5619f9e3ec4e,7815697835309774110,GPT,ALPHA,HIGH,STRICT,2,ITT,FREE8,B1,IC-b,C4R,C4,575,0.0276045793906366,-0.0085040579935523,0.065877585579342,690,0,9310,0.1381861813818618,d57538e70e99e09e072e7287c6242a95bc93adbd15926e14b0d1970bfb13777e,STABILITY_SUPPLEMENTAL,V13_SUPPLEMENTAL_SHA256_STREAM,1.0,False
SUPPLEMENTAL_HISTORICAL_ROW,"{""action_space"":""FREE8"",""analysis_id"":""SUPPLEMENTAL_HISTORICAL_ROW"",""budget"":""B1"",""execution_policy"":""STRICT"",""information_condition"":""IC-b"",""lhs"":""C4R"",""model"":""GPT"",""oracle"":""beta"",""population"":""ITT"",""reasoning_regime"":""HIGH"",""replicate"":""RUN2"",""rhs"":""C4""}",bd4e1796a32c56a714ede718f34cd50c23863f284baa9af7ab4290d4a446ef9a,13640866257101936295,GPT,BETA,HIGH,STRICT,2,ITT,FREE8,B1,IC-b,C4R,C4,575,0.0036901622464068,-0.0109034815808515,0.0171091637316846,2914,0,7086,0.5829417058294171,e059573ec8258848e2f5f05ae52f818498a724d72e365de3c3341438e22cceca,STABILITY_SUPPLEMENTAL,V13_SUPPLEMENTAL_SHA256_STREAM,1.0,False
SUPPLEMENTAL_HISTORICAL_ROW,"{""action_space"":""FREE8"",""analysis_id"":""SUPPLEMENTAL_HISTORICAL_ROW"",""budget"":""B1"",""execution_policy"":""STRICT"",""information_condition"":""IC-b"",""lhs"":""C4R"",""model"":""GPT"",""oracle"":""gamma"",""population"":""ITT"",""reasoning_regime"":""HIGH"",""replicate"":""RUN2"",""rhs"":""C4""}",2fef0020852224e4a6282bd81b951260365c85e5f58424c5227054ed5da47b22,3453979578889020644,GPT,GAMMA,HIGH,STRICT,2,ITT,FREE8,B1,IC-b,C4R,C4,575,0.0086348660781799,-0.0026133274326238,0.0212461500312468,727,0,9273,0.1455854414558544,c0e983a3fe84b0c97d9042243cc3d66eecc712e0389a9ba2b71d1da58c1fc807,STABILITY_SUPPLEMENTAL,V13_SUPPLEMENTAL_SHA256_STREAM,1.0,False
SUPPLEMENTAL_HISTORICAL_ROW,"{""action_space"":""FREE8"",""analysis_id"":""SUPPLEMENTAL_HISTORICAL_ROW"",""budget"":""B1"",""execution_policy"":""STRICT"",""information_condition"":""IC-b"",""lhs"":""C6-E"",""model"":""GPT"",""oracle"":""alpha"",""population"":""ITT"",""reasoning_regime"":""HIGH"",""replicate"":""RUN2"",""rhs"":""C4R""}",f127fcd71ddd7d2efac7d1264292dc527bdbb691fe4bf6f54292ca959de38408,17377135688081571118,GPT,ALPHA,HIGH,STRICT,2,ITT,FREE8,B1,IC-b,C6-E,C4R,575,0.0978065467080822,0.0475452492235152,0.1506245508323766,0,0,10000,0.0001999800019998,85bc48c58ded3c61406c03e24c4993f4eb084b3841385ba0311737a884923bf1,STABILITY_SUPPLEMENTAL,V13_SUPPLEMENTAL_SHA256_STREAM,0.0191980801919808,True
SUPPLEMENTAL_HISTORICAL_ROW,"{""action_space"":""FREE8"",""analysis_id"":""SUPPLEMENTAL_HISTORICAL_ROW"",""budget"":""B1"",""execution_policy"":""STRICT"",""information_condition"":""IC-b"",""lhs"":""C6-E"",""model"":""GPT"",""oracle"":""beta"",""population"":""ITT"",""reasoning_regime"":""HIGH"",""replicate"":""RUN2"",""rhs"":""C4R""}",ffc893709d6ee4683a49f10a1411ca554a452575cda0b30e6911e4d4e6d07281,18431143586900665448,GPT,BETA,HIGH,STRICT,2,ITT,FREE8,B1,IC-b,C6-E,C4R,575,0.0330107517906269,0.012387660184039,0.0574998650223945,7,0,9993,0.0015998400159984,9cd9f58278d999da988eb3e5daa0d2654424cdc2f5d0dfed0cd05d30635f3928,STABILITY_SUPPLEMENTAL,V13_SUPPLEMENTAL_SHA256_STREAM,0.1023897610238976,False
SUPPLEMENTAL_HISTORICAL_ROW,"{""action_space"":""FREE8"",""analysis_id"":""SUPPLEMENTAL_HISTORICAL_ROW"",""budget"":""B1"",""execution_policy"":""STRICT"",""information_condition"":""IC-b"",""lhs"":""C6-E"",""model"":""GPT"",""oracle"":""gamma"",""population"":""ITT"",""reasoning_regime"":""HIGH"",""replicate"":""RUN2"",""rhs"":""C4R""}",4acaeb4fcb648ef3f2ded48b768655be06012c5910e62503956f99cf98489396,5389378632049528563,GPT,GAMMA,HIGH,STRICT,2,ITT,FREE8,B1,IC-b,C6-E,C4R,575,0.0423422920389589,0.0217872283655545,0.0637608278581348,0,0,10000,0.0001999800019998,fa7855a33b2aa4ffee17dd09be5e2b2b267d3d8542c3e7602434090b2e93a9d7,STABILITY_SUPPLEMENTAL,V13_SUPPLEMENTAL_SHA256_STREAM,0.0191980801919808,True
SUPPLEMENTAL_HISTORICAL_ROW,"{""action_space"":""FREE8"",""analysis_id"":""SUPPLEMENTAL_HISTORICAL_ROW"",""budget"":""BINF"",""execution_policy"":""STRICT"",""information_condition"":""IC-b"",""lhs"":""C4R"",""model"":""GPT"",""oracle"":""alpha"",""population"":""ITT"",""reasoning_regime"":""HIGH"",""replicate"":""RUN1"",""rhs"":""C4""}",a8b68bc18f06301fc5fda004113c522028b76d903aebddb80486eca7ec3233bd,12157057907577729055,GPT,ALPHA,HIGH,STRICT,1,ITT,FREE8,BINF,IC-b,C4R,C4,575,0.0723646804828786,0.0288672537833132,0.1177984123119621,3,0,9997,0.0007999200079992,745974f585bcb0fbbf2c7dd79b6e4724142b787dd4892a646596297f7a735bbc,HIGH_REASONING_SUPPLEMENTAL,V13_SUPPLEMENTAL_SHA256_STREAM,0.0423957604239576,True
SUPPLEMENTAL_HISTORICAL_ROW,"{""action_space"":""FREE8"",""analysis_id"":""SUPPLEMENTAL_HISTORICAL_ROW"",""budget"":""BINF"",""execution_policy"":""STRICT"",""information_condition"":""IC-b"",""lhs"":""C4R"",""model"":""GPT"",""oracle"":""beta"",""population"":""ITT"",""reasoning_regime"":""HIGH"",""replicate"":""RUN1"",""rhs"":""C4""}",5ff4a1350efedfe4ecbc56c2314480063c788bf1e7e3804344dd293755a75d29,6914328577177477092,GPT,BETA,HIGH,STRICT,1,ITT,FREE8,BINF,IC-b,C4R,C4,575,0.0105724508304086,-0.0050687115679501,0.0264451599391481,913,0,9087,0.1827817218278172,d76aa140dc6b464f34a9e8ef03c2c9a362774300c1abb5201eab986b89bc5ae7,HIGH_REASONING_SUPPLEMENTAL,V13_SUPPLEMENTAL_SHA256_STREAM,1.0,False
SUPPLEMENTAL_HISTORICAL_ROW,"{""action_space"":""FREE8"",""analysis_id"":""SUPPLEMENTAL_HISTORICAL_ROW"",""budget"":""BINF"",""execution_policy"":""STRICT"",""information_condition"":""IC-b"",""lhs"":""C4R"",""model"":""GPT"",""oracle"":""gamma"",""population"":""ITT"",""reasoning_regime"":""HIGH"",""replicate"":""RUN1"",""rhs"":""C4""}",4a0dcded630337c59b6d8d73db6544e1c5b582ac686ca96a27ac4341821a42ac,5336147552956004293,GPT,GAMMA,HIGH,STRICT,1,ITT,FREE8,BINF,IC-b,C4R,C4,575,0.0178648417187855,0.0075573267693759,0.0296423881774899,2,0,9998,0.0005999400059994,8704c861da5d2a81e5f714ec5f0e62dd473f87d1ed9f21e361197246680337bb,HIGH_REASONING_SUPPLEMENTAL,V13_SUPPLEMENTAL_SHA256_STREAM,0.0323967603239676,True
SUPPLEMENTAL_HISTORICAL_ROW,"{""action_space"":""FREE8"",""analysis_id"":""SUPPLEMENTAL_HISTORICAL_ROW"",""budget"":""BINF"",""execution_policy"":""STRICT"",""information_condition"":""IC-b"",""lhs"":""C5"",""model"":""GPT"",""oracle"":""alpha"",""population"":""ITT"",""reasoning_regime"":""HIGH"",""replicate"":""RUN1"",""rhs"":""C4""}",080e75bfa5ad7593bc773bd3bcb89a138dda34d78f808058a7314a12a3ba4604,580530867956184467,GPT,ALPHA,HIGH,STRICT,1,ITT,FREE8,BINF,IC-b,C5,C4,575,-0.0679510666747616,-0.1381891434982722,-0.0001183010671208,9754,0,246,0.0493950604939506,5ca5a4f8afe22e2fe465faa6a8537a428fd43cea738bc53ff9a248619898c912,HIGH_REASONING_SUPPLEMENTAL,V13_SUPPLEMENTAL_SHA256_STREAM,1.0,False
SUPPLEMENTAL_HISTORICAL_ROW,"{""action_space"":""FREE8"",""analysis_id"":""SUPPLEMENTAL_HISTORICAL_ROW"",""budget"":""BINF"",""execution_policy"":""STRICT"",""information_condition"":""IC-b"",""lhs"":""C5"",""model"":""GPT"",""oracle"":""beta"",""population"":""ITT"",""reasoning_regime"":""HIGH"",""replicate"":""RUN1"",""rhs"":""C4""}",1bce55ead41860e69ff0a390e1c443d4c67b3c1f8de7d5a44e847be310c8799d,2003633351295525094,GPT,BETA,HIGH,STRICT,1,ITT,FREE8,BINF,IC-b,C5,C4,575,0.0047568855226433,-0.0165633850541165,0.0248043781729961,3179,0,6821,0.6359364063593641,8159eec13f5b5e11dff7fe44396c37732057d7073a6c5891906c29338346adf6,HIGH_REASONING_SUPPLEMENTAL,V13_SUPPLEMENTAL_SHA256_STREAM,1.0,False
SUPPLEMENTAL_HISTORICAL_ROW,"{""action_space"":""FREE8"",""analysis_id"":""SUPPLEMENTAL_HISTORICAL_ROW"",""budget"":""BINF"",""execution_policy"":""STRICT"",""information_condition"":""IC-b"",""lhs"":""C5"",""model"":""GPT"",""oracle"":""gamma"",""population"":""ITT"",""reasoning_regime"":""HIGH"",""replicate"":""RUN1"",""rhs"":""C4""}",1b90541f1ff188f211b0af7336503ae92c0a287ab4ccc9f5e67696bc3c0be370,1986179928327031026,GPT,GAMMA,HIGH,STRICT,1,ITT,FREE8,BINF,IC-b,C5,C4,575,-0.0061893520393798,-0.0365738039643789,0.0230754966546925,6536,0,3464,0.692930706929307,00c6e04d5e95371ad8f9494abeab68bdc1ba42bf3cfc4391d9fe27f1f88e4d39,HIGH_REASONING_SUPPLEMENTAL,V13_SUPPLEMENTAL_SHA256_STREAM,1.0,False
SUPPLEMENTAL_HISTORICAL_ROW,"{""action_space"":""FREE8"",""analysis_id"":""SUPPLEMENTAL_HISTORICAL_ROW"",""budget"":""BINF"",""execution_policy"":""STRICT"",""information_condition"":""IC-b"",""lhs"":""C6-E"",""model"":""GPT"",""oracle"":""alpha"",""population"":""ITT"",""reasoning_regime"":""HIGH"",""replicate"":""RUN1"",""rhs"":""C4R""}",fc74e3949082213db5628062930843666acb771814dc79c3aaed3347bcc3519a,18191415022075388221,GPT,ALPHA,HIGH,STRICT,1,ITT,FREE8,BINF,IC-b,C6-E,C4R,575,0.2141991425072062,0.1421918406108706,0.2890392907544415,0,0,10000,0.0001999800019998,9f5def72e54088894b2a0954ad558998f0e95147631000feef98df944f955091,HIGH_REASONING_SUPPLEMENTAL,V13_SUPPLEMENTAL_SHA256_STREAM,0.011998800119988001,True
SUPPLEMENTAL_HISTORICAL_ROW,"{""action_space"":""FREE8"",""analysis_id"":""SUPPLEMENTAL_HISTORICAL_ROW"",""budget"":""BINF"",""execution_policy"":""STRICT"",""information_condition"":""IC-b"",""lhs"":""C6-E"",""model"":""GPT"",""oracle"":""beta"",""population"":""ITT"",""reasoning_regime"":""HIGH"",""replicate"":""RUN1"",""rhs"":""C4R""}",0157bde1d97a4e2e56507ee11fe245628fe693feb2f5a7c13e9a617d15a914bf,96754694725717550,GPT,BETA,HIGH,STRICT,1,ITT,FREE8,BINF,IC-b,C6-E,C4R,575,0.0424816436421323,0.025629071428271,0.0615295324279864,0,0,10000,0.0001999800019998,9ba77a881ffbd5e9bdc9c99c252216496adf0f6eb69c3c6b80577f4851b1e0e6,HIGH_REASONING_SUPPLEMENTAL,V13_SUPPLEMENTAL_SHA256_STREAM,0.011998800119988001,True
SUPPLEMENTAL_HISTORICAL_ROW,"{""action_space"":""FREE8"",""analysis_id"":""SUPPLEMENTAL_HISTORICAL_ROW"",""budget"":""BINF"",""execution_policy"":""STRICT"",""information_condition"":""IC-b"",""lhs"":""C6-E"",""model"":""GPT"",""oracle"":""gamma"",""population"":""ITT"",""reasoning_regime"":""HIGH"",""replicate"":""RUN1"",""rhs"":""C4R""}",161dd9dc9a0dce01bd82fa6ce94d83c24c878f8951042b661295fece06cf6db8,1593669384659652097,GPT,GAMMA,HIGH,STRICT,1,ITT,FREE8,BINF,IC-b,C6-E,C4R,575,0.0709001300308972,0.0394322564482193,0.1044955471541534,0,0,10000,0.0001999800019998,142e888cef33f5771310a6facf75efd40e274e525c57fbe76ef8d77d53f813e1,HIGH_REASONING_SUPPLEMENTAL,V13_SUPPLEMENTAL_SHA256_STREAM,0.011998800119988001,True
SUPPLEMENTAL_HISTORICAL_ROW,"{""action_space"":""FREE8"",""analysis_id"":""SUPPLEMENTAL_HISTORICAL_ROW"",""budget"":""BINF"",""execution_policy"":""STRICT"",""information_condition"":""IC-b"",""lhs"":""C6-E"",""model"":""GPT"",""oracle"":""alpha"",""population"":""ITT"",""reasoning_regime"":""HIGH"",""replicate"":""RUN1"",""rhs"":""C6-EX""}",9949a505d96253725c2277e39a7b7c5e646db99d4d15c4612851dc0f95028a47,11045541005643371378,GPT,ALPHA,HIGH,STRICT,1,ITT,FREE8,BINF,IC-b,C6-E,C6-EX,575,0.0766583914891147,0.0004364698724568,0.153248435966848,248,0,9752,0.0497950204979502,67eeca12a7bbc0ae444d97b964ff910f3ffd4861a9a7bc958bd84f277bb08120,HIGH_REASONING_SUPPLEMENTAL,V13_SUPPLEMENTAL_SHA256_STREAM,1.0,False
SUPPLEMENTAL_HISTORICAL_ROW,"{""action_space"":""FREE8"",""analysis_id"":""SUPPLEMENTAL_HISTORICAL_ROW"",""budget"":""BINF"",""execution_policy"":""STRICT"",""information_condition"":""IC-b"",""lhs"":""C6-E"",""model"":""GPT"",""oracle"":""beta"",""population"":""ITT"",""reasoning_regime"":""HIGH"",""replicate"":""RUN1"",""rhs"":""C6-EX""}",1a2d5b2c916870032e6c60a9d09e0f894f860c8112ce4d2e46ba49c02468c413,1886264065914335235,GPT,BETA,HIGH,STRICT,1,ITT,FREE8,BINF,IC-b,C6-E,C6-EX,575,0.0108094476909262,-0.003457730565143,0.0254883242808172,706,0,9294,0.1413858614138586,f979cc4e6836e23e387a878a89db6a96c9325a6efdf053e1eeeeb2b2cdd8bb7c,HIGH_REASONING_SUPPLEMENTAL,V13_SUPPLEMENTAL_SHA256_STREAM,1.0,False
SUPPLEMENTAL_HISTORICAL_ROW,"{""action_space"":""FREE8"",""analysis_id"":""SUPPLEMENTAL_HISTORICAL_ROW"",""budget"":""BINF"",""execution_policy"":""STRICT"",""information_condition"":""IC-b"",""lhs"":""C6-E"",""model"":""GPT"",""oracle"":""gamma"",""population"":""ITT"",""reasoning_regime"":""HIGH"",""replicate"":""RUN1"",""rhs"":""C6-EX""}",97028aaa7b45f7b2a3e1a41db9e3c46443dca723a0dbfe7665c2b1d58ee6d008,10881412114497796018,GPT,GAMMA,HIGH,STRICT,1,ITT,FREE8,BINF,IC-b,C6-E,C6-EX,575,0.0411742529528248,0.0082396465864913,0.0743292500128381,71,0,9929,0.0143985601439856,7be277fbfb8437a35c905523d00cdf26aed42b07d6c5a5b5c2ba8e240cefe0a7,HIGH_REASONING_SUPPLEMENTAL,V13_SUPPLEMENTAL_SHA256_STREAM,0.6623337666233376,False
SUPPLEMENTAL_HISTORICAL_ROW,"{""action_space"":""FREE8"",""analysis_id"":""SUPPLEMENTAL_HISTORICAL_ROW"",""budget"":""BINF"",""execution_policy"":""STRICT"",""information_condition"":""IC-b"",""lhs"":""C4R"",""model"":""GPT"",""oracle"":""alpha"",""population"":""ITT"",""reasoning_regime"":""HIGH"",""replicate"":""RUN2"",""rhs"":""C4""}",4f4dc7efaa2566d47e73887f78e3c27afae8346c8603a47c7f5841af620863cf,5714443334368716500,GPT,ALPHA,HIGH,STRICT,2,ITT,FREE8,BINF,IC-b,C4R,C4,575,0.0550209668700735,0.0203874623665427,0.0932856081045335,4,0,9996,0.000999900009999,141521e433f5546294ac7c17fa8a186fc8d7bb077d5495146c2a77ad69141f9a,STABILITY_SUPPLEMENTAL,V13_SUPPLEMENTAL_SHA256_STREAM,0.068993100689931,False
SUPPLEMENTAL_HISTORICAL_ROW,"{""action_space"":""FREE8"",""analysis_id"":""SUPPLEMENTAL_HISTORICAL_ROW"",""budget"":""BINF"",""execution_policy"":""STRICT"",""information_condition"":""IC-b"",""lhs"":""C4R"",""model"":""GPT"",""oracle"":""beta"",""population"":""ITT"",""reasoning_regime"":""HIGH"",""replicate"":""RUN2"",""rhs"":""C4""}",3646a2c8e3c182d1b5e50a07fdc1382a72576a8cb0e4777b23309fdf9e07bc8d,3910992310116123345,GPT,BETA,HIGH,STRICT,2,ITT,FREE8,BINF,IC-b,C4R,C4,575,0.008977659042372,-0.002075728483071,0.022122835088846,576,0,9424,0.1153884611538846,fd7ff858329ae2df6b898bd9d20664aec088d3a98f9215609a4c59ca612cbda6,STABILITY_SUPPLEMENTAL,V13_SUPPLEMENTAL_SHA256_STREAM,1.0,False
SUPPLEMENTAL_HISTORICAL_ROW,"{""action_space"":""FREE8"",""analysis_id"":""SUPPLEMENTAL_HISTORICAL_ROW"",""budget"":""BINF"",""execution_policy"":""STRICT"",""information_condition"":""IC-b"",""lhs"":""C4R"",""model"":""GPT"",""oracle"":""gamma"",""population"":""ITT"",""reasoning_regime"":""HIGH"",""replicate"":""RUN2"",""rhs"":""C4""}",0c75c10f736eec87073d843e36d10ded1a18157a99f6b50c107758e1fcce4755,897835972835601543,GPT,GAMMA,HIGH,STRICT,2,ITT,FREE8,BINF,IC-b,C4R,C4,575,0.0161134397249939,0.0048862399454388,0.0297817944289034,7,0,9993,0.0015998400159984,6c29bf743835c14be39b6c186dc608f60e1095e191f5d2da4135db524004150f,STABILITY_SUPPLEMENTAL,V13_SUPPLEMENTAL_SHA256_STREAM,0.1023897610238976,False
SUPPLEMENTAL_HISTORICAL_ROW,"{""action_space"":""FREE8"",""analysis_id"":""SUPPLEMENTAL_HISTORICAL_ROW"",""budget"":""BINF"",""execution_policy"":""STRICT"",""information_condition"":""IC-b"",""lhs"":""C6-E"",""model"":""GPT"",""oracle"":""alpha"",""population"":""ITT"",""reasoning_regime"":""HIGH"",""replicate"":""RUN2"",""rhs"":""C4R""}",0dd45d0919dd1f1925c05567d44036978786fae1d9f9bd22d68c636d558a600f,996523711225732889,GPT,ALPHA,HIGH,STRICT,2,ITT,FREE8,BINF,IC-b,C6-E,C4R,575,0.1889496474030884,0.1269532695653117,0.2527304040286839,0,0,10000,0.0001999800019998,e3658a50e04d267d14f8fcf4ae60a77fac5c4b5cb0eb2bf58b5d960d4d49611d,STABILITY_SUPPLEMENTAL,V13_SUPPLEMENTAL_SHA256_STREAM,0.0191980801919808,True
SUPPLEMENTAL_HISTORICAL_ROW,"{""action_space"":""FREE8"",""analysis_id"":""SUPPLEMENTAL_HISTORICAL_ROW"",""budget"":""BINF"",""execution_policy"":""STRICT"",""information_condition"":""IC-b"",""lhs"":""C6-E"",""model"":""GPT"",""oracle"":""beta"",""population"":""ITT"",""reasoning_regime"":""HIGH"",""replicate"":""RUN2"",""rhs"":""C4R""}",1c0bde45ef2bb92ce87c8d9722b0eb620a0c755850d1a2d78c8e5a557b40bfd6,2020953249752529196,GPT,BETA,HIGH,STRICT,2,ITT,FREE8,BINF,IC-b,C6-E,C4R,575,0.0476913071817024,0.027779748874687,0.0694385639679797,0,0,10000,0.0001999800019998,2c4dae6b9af9849c29e99b9be8d1e4f8c1f4669400cc6df3d66359a1688da240,STABILITY_SUPPLEMENTAL,V13_SUPPLEMENTAL_SHA256_STREAM,0.0191980801919808,True
SUPPLEMENTAL_HISTORICAL_ROW,"{""action_space"":""FREE8"",""analysis_id"":""SUPPLEMENTAL_HISTORICAL_ROW"",""budget"":""BINF"",""execution_policy"":""STRICT"",""information_condition"":""IC-b"",""lhs"":""C6-E"",""model"":""GPT"",""oracle"":""gamma"",""population"":""ITT"",""reasoning_regime"":""HIGH"",""replicate"":""RUN2"",""rhs"":""C4R""}",0e18801bd947f4f4bce2fa8d3b9bfee77c5bc03dfd4f2ffe0916861852c0308f,1015702573069890804,GPT,GAMMA,HIGH,STRICT,2,ITT,FREE8,BINF,IC-b,C6-E,C4R,575,0.0491142498757957,0.0225882105979991,0.0764063698814367,2,0,9998,0.0005999400059994,0d6a3d181451ae10eb2c51309e20a9e61488b5f164f35d0a8439e5581511af04,STABILITY_SUPPLEMENTAL,V13_SUPPLEMENTAL_SHA256_STREAM,0.0431956804319568,True
PP_CONTRAST,"{""action_space"":""FREE8"",""analysis_id"":""PP_CONTRAST"",""budget"":""B1"",""execution_policy"":""STRICT"",""information_condition"":""IC-b"",""lhs"":""C5"",""model"":""GEMINI"",""oracle"":""alpha"",""population"":""PP"",""reasoning_regime"":""BASELINE"",""replicate"":""RUN1"",""rhs"":""C4""}",8d672d4397a4bb048903fce8ec2f3e906f8407b9e15e6297006863532e26a356,10189162450279250692,GEMINI,ALPHA,BASELINE,STRICT,1,PP,FREE8,B1,IC-b,C5,C4,51,0.0562877359420767,-0.0120616051943641,0.1527493355283857,901,460,8639,0.2723727627237276,dc314b275deff568b5570846ae858c87ee997ac213850ca17171ffc035662534,PP_BASELINE_STRICT_FREE8_google_gemini31flashlite_B1_IC-b_R1,V13_SUPPLEMENTAL_SHA256_STREAM,1.0,False
PP_CONTRAST,"{""action_space"":""FREE8"",""analysis_id"":""PP_CONTRAST"",""budget"":""B1"",""execution_policy"":""STRICT"",""information_condition"":""IC-b"",""lhs"":""C4R"",""model"":""GEMINI"",""oracle"":""alpha"",""population"":""PP"",""reasoning_regime"":""BASELINE"",""replicate"":""RUN1"",""rhs"":""C4""}",d26c2845a8680fbf9ce0a751ca0e1fa91a89e73bca3b42300a5d08bda3f1cf2c,15162538325092863935,GEMINI,ALPHA,BASELINE,STRICT,1,PP,FREE8,B1,IC-b,C4R,C4,45,-0.0068349096101397,-0.0205047288304191,0.0,6358,3642,0,0.7285271472852715,34fde80690976b1982d67185e12b47f5558ba3391d658eb9c40b736b4138ebd2,PP_BASELINE_STRICT_FREE8_google_gemini31flashlite_B1_IC-b_R1,V13_SUPPLEMENTAL_SHA256_STREAM,1.0,False
PP_CONTRAST,"{""action_space"":""FREE8"",""analysis_id"":""PP_CONTRAST"",""budget"":""B1"",""execution_policy"":""STRICT"",""information_condition"":""IC-b"",""lhs"":""C6-E"",""model"":""GEMINI"",""oracle"":""alpha"",""population"":""PP"",""reasoning_regime"":""BASELINE"",""replicate"":""RUN1"",""rhs"":""C4R""}",7e447259525ef753a46c742eff38383f7ca6a88670ee941e7e9bf954fd05997f,9098522875154855763,GEMINI,ALPHA,BASELINE,STRICT,1,PP,FREE8,B1,IC-b,C6-E,C4R,44,0.1404567024325796,0.0,0.3547280940275557,0,1335,8665,0.2671732826717328,36ea32077767fbdaff02157cc5af2d35d27b18c4d10daf1a17e557dfb5eb442c,PP_BASELINE_STRICT_FREE8_google_gemini31flashlite_B1_IC-b_R1,V13_SUPPLEMENTAL_SHA256_STREAM,1.0,False
PP_CONTRAST,"{""action_space"":""FREE8"",""analysis_id"":""PP_CONTRAST"",""budget"":""B1"",""execution_policy"":""STRICT"",""information_condition"":""IC-b"",""lhs"":""C6-E"",""model"":""GEMINI"",""oracle"":""alpha"",""population"":""PP"",""reasoning_regime"":""BASELINE"",""replicate"":""RUN1"",""rhs"":""C6-EX""}",0dfc4c958d13f24a112e56545b64264184ea4a94504127f1a90c95d464a71d94,1007764621824881226,GEMINI,ALPHA,BASELINE,STRICT,1,PP,FREE8,B1,IC-b,C6-E,C6-EX,39,0.1804802405094693,0.0,0.4293201244805251,0,439,9561,0.087991200879912,374617de7cb9a8ce7312e9a92e704ca76dcc59a714c10d5313a2ac1ce4e7cb24,PP_BASELINE_STRICT_FREE8_google_gemini31flashlite_B1_IC-b_R1,V13_SUPPLEMENTAL_SHA256_STREAM,1.0,False
PP_CONTRAST,"{""action_space"":""FREE8"",""analysis_id"":""PP_CONTRAST"",""budget"":""B1"",""execution_policy"":""STRICT"",""information_condition"":""IC-b"",""lhs"":""C5"",""model"":""GEMINI"",""oracle"":""beta"",""population"":""PP"",""reasoning_regime"":""BASELINE"",""replicate"":""RUN1"",""rhs"":""C4""}",cbe15dcbe4d629ac32da05d2f42e98e7389539730ad7c549a4f1bb9707a084d0,14691126589758253484,GEMINI,BETA,BASELINE,STRICT,1,PP,FREE8,B1,IC-b,C5,C4,51,0.0064752808899405,-0.0062533372603226,0.0212965931863343,1713,0,8287,0.3427657234276572,e401a20b9d42f6ea8690bf7c7e902e3a228682e3a00926b783012b9b57de99e1,PP_BASELINE_STRICT_FREE8_google_gemini31flashlite_B1_IC-b_R1,V13_SUPPLEMENTAL_SHA256_STREAM,1.0,False
PP_CONTRAST,"{""action_space"":""FREE8"",""analysis_id"":""PP_CONTRAST"",""budget"":""B1"",""execution_policy"":""STRICT"",""information_condition"":""IC-b"",""lhs"":""C4R"",""model"":""GEMINI"",""oracle"":""beta"",""population"":""PP"",""reasoning_regime"":""BASELINE"",""replicate"":""RUN1"",""rhs"":""C4""}",2ec4e0ffbd497e67347112d1a2932e4b1c0d5bd117247602791c26d46450e19c,3370065810176966247,GEMINI,BETA,BASELINE,STRICT,1,PP,FREE8,B1,IC-b,C4R,C4,45,-0.0047389987584266,-0.0162920988865743,0.0020226223140256,7421,7,2572,0.515948405159484,a427461901d1d2a60b3d7ea289ad994694deca8d3b735d8fed176ebcf819091b,PP_BASELINE_STRICT_FREE8_google_gemini31flashlite_B1_IC-b_R1,V13_SUPPLEMENTAL_SHA256_STREAM,1.0,False
PP_CONTRAST,"{""action_space"":""FREE8"",""analysis_id"":""PP_CONTRAST"",""budget"":""B1"",""execution_policy"":""STRICT"",""information_condition"":""IC-b"",""lhs"":""C6-E"",""model"":""GEMINI"",""oracle"":""beta"",""population"":""PP"",""reasoning_regime"":""BASELINE"",""replicate"":""RUN1"",""rhs"":""C4R""}",a94e6ec378d2f5be2e682eb655fb8a0f6fdb22c2173de76c47c0558cdf8a01b0,12199810226418021822,GEMINI,BETA,BASELINE,STRICT,1,PP,FREE8,B1,IC-b,C6-E,C4R,44,0.0078090997861586,-0.0033943521348395,0.0201640423020422,988,0,9012,0.1977802219778022,213a7509b5d9782adade36b3262925f0467d236fb00f0c338fa5f24210bb53c1,PP_BASELINE_STRICT_FREE8_google_gemini31flashlite_B1_IC-b_R1,V13_SUPPLEMENTAL_SHA256_STREAM,1.0,False
PP_CONTRAST,"{""action_space"":""FREE8"",""analysis_id"":""PP_CONTRAST"",""budget"":""B1"",""execution_policy"":""STRICT"",""information_condition"":""IC-b"",""lhs"":""C6-E"",""model"":""GEMINI"",""oracle"":""beta"",""population"":""PP"",""reasoning_regime"":""BASELINE"",""replicate"":""RUN1"",""rhs"":""C6-EX""}",c30f8ba2ec41fd6e5d1cee21099cea85d19b63f731e60deb657cb6157ee01715,14055606493911317870,GEMINI,BETA,BASELINE,STRICT,1,PP,FREE8,B1,IC-b,C6-E,C6-EX,39,0.0152807354633251,-0.0035299656904656,0.0379377174414851,629,0,9371,0.125987401259874,300c627c307da9ffc6e078596c5a2cf5ddb39266db96fc52057d2a2f41d53f09,PP_BASELINE_STRICT_FREE8_google_gemini31flashlite_B1_IC-b_R1,V13_SUPPLEMENTAL_SHA256_STREAM,1.0,False
PP_CONTRAST,"{""action_space"":""FREE8"",""analysis_id"":""PP_CONTRAST"",""budget"":""B1"",""execution_policy"":""STRICT"",""information_condition"":""IC-b"",""lhs"":""C5"",""model"":""GEMINI"",""oracle"":""gamma"",""population"":""PP"",""reasoning_regime"":""BASELINE"",""replicate"":""RUN1"",""rhs"":""C4""}",6d427cf9e14acadfeb1adad24280e83859ab1afe2c67658e4e6bdb79b993b2fc,7872992511265524447,GEMINI,GAMMA,BASELINE,STRICT,1,PP,FREE8,B1,IC-b,C5,C4,51,0.0353000045717611,-0.0052951405176443,0.1090249342459239,1220,446,8334,0.3333666633336666,5a3e8fefe8e5ced6710fb65a0fde26399671cade6e1f1d0147bc378d60c75a3a,PP_BASELINE_STRICT_FREE8_google_gemini31flashlite_B1_IC-b_R1,V13_SUPPLEMENTAL_SHA256_STREAM,1.0,False
PP_CONTRAST,"{""action_space"":""FREE8"",""analysis_id"":""PP_CONTRAST"",""budget"":""B1"",""execution_policy"":""STRICT"",""information_condition"":""IC-b"",""lhs"":""C4R"",""model"":""GEMINI"",""oracle"":""gamma"",""population"":""PP"",""reasoning_regime"":""BASELINE"",""replicate"":""RUN1"",""rhs"":""C4""}",884cb6790715f98bcc41f492ae753049a7fa2c1f267c8d95ff1a7ab362e9e9e7,9821425518314387851,GEMINI,GAMMA,BASELINE,STRICT,1,PP,FREE8,B1,IC-b,C4R,C4,45,0.0,0.0,0.0,0,10000,0,1.0,f8c784aa6b57396e7c5e094c34d079d8252473e46e2f60593a921dbebf941fcc,PP_BASELINE_STRICT_FREE8_google_gemini31flashlite_B1_IC-b_R1,V13_SUPPLEMENTAL_SHA256_STREAM,1.0,False
PP_CONTRAST,"{""action_space"":""FREE8"",""analysis_id"":""PP_CONTRAST"",""budget"":""B1"",""execution_policy"":""STRICT"",""information_condition"":""IC-b"",""lhs"":""C6-E"",""model"":""GEMINI"",""oracle"":""gamma"",""population"":""PP"",""reasoning_regime"":""BASELINE"",""replicate"":""RUN1"",""rhs"":""C4R""}",f30490cfe04c09aaa5f1c5c0db7824e3e922a2ab08f473139583e881bb3669d5,17511280473619040682,GEMINI,GAMMA,BASELINE,STRICT,1,PP,FREE8,B1,IC-b,C6-E,C4R,44,0.0095647822007189,-0.017068503788291,0.0425259828495142,2796,14,7190,0.5621437856214379,0cdb537e3e793ef6bdbd38f5b88a60364b8a7623380be96eb8ffbb4f8f11ffda,PP_BASELINE_STRICT_FREE8_google_gemini31flashlite_B1_IC-b_R1,V13_SUPPLEMENTAL_SHA256_STREAM,1.0,False
PP_CONTRAST,"{""action_space"":""FREE8"",""analysis_id"":""PP_CONTRAST"",""budget"":""B1"",""execution_policy"":""STRICT"",""information_condition"":""IC-b"",""lhs"":""C6-E"",""model"":""GEMINI"",""oracle"":""gamma"",""population"":""PP"",""reasoning_regime"":""BASELINE"",""replicate"":""RUN1"",""rhs"":""C6-EX""}",f7bf24458f71bf34ef0ee5989300e9b46268937690eff3c20e76e14ea4a01074,17852027329097875252,GEMINI,GAMMA,BASELINE,STRICT,1,PP,FREE8,B1,IC-b,C6-E,C6-EX,39,-0.0016084263316806,-0.031943928269423,0.0358074928308891,5645,0,4355,0.8711128887111289,7374a77561fddbb1b7668ff925a278a5358d7f12084737c77ef02fc9f66ae7cf,PP_BASELINE_STRICT_FREE8_google_gemini31flashlite_B1_IC-b_R1,V13_SUPPLEMENTAL_SHA256_STREAM,1.0,False
PP_CONTRAST,"{""action_space"":""CANDIDATE9"",""analysis_id"":""PP_CONTRAST"",""budget"":""B1"",""execution_policy"":""STRICT"",""information_condition"":""IC-b"",""lhs"":""C4R"",""model"":""GEMINI"",""oracle"":""alpha"",""population"":""PP"",""reasoning_regime"":""BASELINE"",""replicate"":""RUN1"",""rhs"":""C4""}",c9a6d8c1ef210166757ed55c9b2e7bec86c4bd7a9318275d1ea211cf19e7d7b2,14530539575209689446,GEMINI,ALPHA,BASELINE,STRICT,1,PP,CANDIDATE9,B1,IC-b,C4R,C4,575,-0.0389563679018802,-0.0845117410270212,0.0034290653395374,9629,0,371,0.0743925607439256,9fa3a780256c49e8799242afc897ed16c3509cb5d1b0eac4a1d51ff8322e3237,PP_BASELINE_STRICT_CANDIDATE9_google_gemini31flashlite_B1_IC-b_R1,V13_SUPPLEMENTAL_SHA256_STREAM,0.2735726427357264,False
PP_CONTRAST,"{""action_space"":""CANDIDATE9"",""analysis_id"":""PP_CONTRAST"",""budget"":""B1"",""execution_policy"":""STRICT"",""information_condition"":""IC-b"",""lhs"":""C6-E"",""model"":""GEMINI"",""oracle"":""alpha"",""population"":""PP"",""reasoning_regime"":""BASELINE"",""replicate"":""RUN1"",""rhs"":""C4R""}",87f263bae8785a740fe1e6640e9b8279e7c7963bd658df135bfc6162fbc9ee0d,9796001793899518580,GEMINI,ALPHA,BASELINE,STRICT,1,PP,CANDIDATE9,B1,IC-b,C6-E,C4R,575,0.043963715540386,-0.0029088347383001,0.0941592628683573,341,0,9659,0.0683931606839316,30e68e3d5422b6369aac032b21d5317043b251ea425ace0a495a8c8a9d0132e6,PP_BASELINE_STRICT_CANDIDATE9_google_gemini31flashlite_B1_IC-b_R1,V13_SUPPLEMENTAL_SHA256_STREAM,0.2735726427357264,False
PP_CONTRAST,"{""action_space"":""CANDIDATE9"",""analysis_id"":""PP_CONTRAST"",""budget"":""B1"",""execution_policy"":""STRICT"",""information_condition"":""IC-b"",""lhs"":""C4R"",""model"":""GEMINI"",""oracle"":""beta"",""population"":""PP"",""reasoning_regime"":""BASELINE"",""replicate"":""RUN1"",""rhs"":""C4""}",a84aaa2e668d858fa6765c1cd81319303a8bc5b5f6a279b2ecf8b7fe2aa42f8e,12126692062914250127,GEMINI,BETA,BASELINE,STRICT,1,PP,CANDIDATE9,B1,IC-b,C4R,C4,575,-0.02049837693259,-0.034908194303037,-0.00977328679715,10000,0,0,0.0001999800019998,e0133ddd208009edb4c876a722874d6c25f2be531451758cfc1845875216108d,PP_BASELINE_STRICT_CANDIDATE9_google_gemini31flashlite_B1_IC-b_R1,V13_SUPPLEMENTAL_SHA256_STREAM,0.0011998800119988,True
PP_CONTRAST,"{""action_space"":""CANDIDATE9"",""analysis_id"":""PP_CONTRAST"",""budget"":""B1"",""execution_policy"":""STRICT"",""information_condition"":""IC-b"",""lhs"":""C6-E"",""model"":""GEMINI"",""oracle"":""beta"",""population"":""PP"",""reasoning_regime"":""BASELINE"",""replicate"":""RUN1"",""rhs"":""C4R""}",e9536d0e886b30a7dc27b039e7add9d3c7412b9c70527849a5f5efdb6f585041,16812901743089889447,GEMINI,BETA,BASELINE,STRICT,1,PP,CANDIDATE9,B1,IC-b,C6-E,C4R,575,0.0070278699012458,-0.012769732930237,0.026405847470956,2254,0,7746,0.450954904509549,232377212806b1e4e2cca3c3669d3b9836834b8534c2eed519784fb903f83eca,PP_BASELINE_STRICT_CANDIDATE9_google_gemini31flashlite_B1_IC-b_R1,V13_SUPPLEMENTAL_SHA256_STREAM,0.450954904509549,False
PP_CONTRAST,"{""action_space"":""CANDIDATE9"",""analysis_id"":""PP_CONTRAST"",""budget"":""B1"",""execution_policy"":""STRICT"",""information_condition"":""IC-b"",""lhs"":""C4R"",""model"":""GEMINI"",""oracle"":""gamma"",""population"":""PP"",""reasoning_regime"":""BASELINE"",""replicate"":""RUN1"",""rhs"":""C4""}",ec69f9d4b02ac86ffd8976584e4ec6e7629d0b154bad04e57b415da657ad1d4a,17035421757389588591,GEMINI,GAMMA,BASELINE,STRICT,1,PP,CANDIDATE9,B1,IC-b,C4R,C4,575,-0.0130183556974263,-0.0328660388586241,0.0059501204953343,9004,0,996,0.1993800619938006,ea4a58b6bbbf77ff75a0e2acc592aa16672385c2bf999f65d4311ff34d784d1d,PP_BASELINE_STRICT_CANDIDATE9_google_gemini31flashlite_B1_IC-b_R1,V13_SUPPLEMENTAL_SHA256_STREAM,0.3987601239876012,False
PP_CONTRAST,"{""action_space"":""CANDIDATE9"",""analysis_id"":""PP_CONTRAST"",""budget"":""B1"",""execution_policy"":""STRICT"",""information_condition"":""IC-b"",""lhs"":""C6-E"",""model"":""GEMINI"",""oracle"":""gamma"",""population"":""PP"",""reasoning_regime"":""BASELINE"",""replicate"":""RUN1"",""rhs"":""C4R""}",087ce03d148b563260e0633db56cdb561c984323c7049a6a8b8471d1417a2acc,611610202357847602,GEMINI,GAMMA,BASELINE,STRICT,1,PP,CANDIDATE9,B1,IC-b,C6-E,C4R,575,0.0310977764226662,0.0092788964536581,0.0541088438000153,23,0,9977,0.0047995200479952,20888e903b3795f4078c86905e9879094d235af33b078dccc5a14dc408330f63,PP_BASELINE_STRICT_CANDIDATE9_google_gemini31flashlite_B1_IC-b_R1,V13_SUPPLEMENTAL_SHA256_STREAM,0.023997600239976,True
PP_CONTRAST,"{""action_space"":""FREE8"",""analysis_id"":""PP_CONTRAST"",""budget"":""BINF"",""execution_policy"":""STRICT"",""information_condition"":""IC-b"",""lhs"":""C5"",""model"":""GEMINI"",""oracle"":""alpha"",""population"":""PP"",""reasoning_regime"":""BASELINE"",""replicate"":""RUN1"",""rhs"":""C4""}",3d5e97fa0704bdfd19e25a4784dc62d3bced1a079534453f98523aa08ff7da47,4422138984239775229,GEMINI,ALPHA,BASELINE,STRICT,1,PP,FREE8,BINF,IC-b,C5,C4,575,-0.0714651445584745,-0.1638010224979872,0.0193332270785852,9386,0,614,0.122987701229877,cdb79ea8abef0a86e822ebb3ad91d54da0dd51f07455a02d0923f45ec9a2a274,PP_BASELINE_STRICT_FREE8_google_gemini31flashlite_BINF_IC-b_R1,V13_SUPPLEMENTAL_SHA256_STREAM,0.8863113688631136,False
PP_CONTRAST,"{""action_space"":""FREE8"",""analysis_id"":""PP_CONTRAST"",""budget"":""BINF"",""execution_policy"":""STRICT"",""information_condition"":""IC-b"",""lhs"":""C4R"",""model"":""GEMINI"",""oracle"":""alpha"",""population"":""PP"",""reasoning_regime"":""BASELINE"",""replicate"":""RUN1"",""rhs"":""C4""}",5360fa1bfa6019b8ce7314a2828a307405820b0fd945a3b2c927f95f4662621a,6008076900983904696,GEMINI,ALPHA,BASELINE,STRICT,1,PP,FREE8,BINF,IC-b,C4R,C4,575,0.1427225405629058,0.0884133694022722,0.1994934838909427,0,0,10000,0.0001999800019998,8193667233f3110577860c4be7345fba7ed672cf10df13be66da6d5fde8501bc,PP_BASELINE_STRICT_FREE8_google_gemini31flashlite_BINF_IC-b_R1,V13_SUPPLEMENTAL_SHA256_STREAM,0.0023997600239976,True
PP_CONTRAST,"{""action_space"":""FREE8"",""analysis_id"":""PP_CONTRAST"",""budget"":""BINF"",""execution_policy"":""STRICT"",""information_condition"":""IC-b"",""lhs"":""C6-E"",""model"":""GEMINI"",""oracle"":""alpha"",""population"":""PP"",""reasoning_regime"":""BASELINE"",""replicate"":""RUN1"",""rhs"":""C4R""}",fa9ad8291eb98ff9b95253f4dce9bf747d7a2aadbee21afabc6302dd22925492,18057983327016161273,GEMINI,ALPHA,BASELINE,STRICT,1,PP,FREE8,BINF,IC-b,C6-E,C4R,575,0.0180376742055013,-0.0553829467121827,0.0883274801543029,3100,0,6900,0.6201379862013798,8fbe558869642d18df111b39ddea465526df44c05b9bbf18bdd75b14df1da01b,PP_BASELINE_STRICT_FREE8_google_gemini31flashlite_BINF_IC-b_R1,V13_SUPPLEMENTAL_SHA256_STREAM,1.0,False
PP_CONTRAST,"{""action_space"":""FREE8"",""analysis_id"":""PP_CONTRAST"",""budget"":""BINF"",""execution_policy"":""STRICT"",""information_condition"":""IC-b"",""lhs"":""C6-E"",""model"":""GEMINI"",""oracle"":""alpha"",""population"":""PP"",""reasoning_regime"":""BASELINE"",""replicate"":""RUN1"",""rhs"":""C6-EX""}",76d4f1c52e3ac4179fe909642b74604f45464effe1be79931363b1b7d6d6eb69,8562734620724610071,GEMINI,ALPHA,BASELINE,STRICT,1,PP,FREE8,BINF,IC-b,C6-E,C6-EX,574,0.0520637559924841,-0.0124016035535038,0.1174373249992892,553,0,9447,0.1107889211078892,b8231e113330d8564d437af9a5feee4b50d395bce184d98ade5dd7cafb33c931,PP_BASELINE_STRICT_FREE8_google_gemini31flashlite_BINF_IC-b_R1,V13_SUPPLEMENTAL_SHA256_STREAM,0.8863113688631136,False
PP_CONTRAST,"{""action_space"":""FREE8"",""analysis_id"":""PP_CONTRAST"",""budget"":""BINF"",""execution_policy"":""STRICT"",""information_condition"":""IC-b"",""lhs"":""C5"",""model"":""GEMINI"",""oracle"":""beta"",""population"":""PP"",""reasoning_regime"":""BASELINE"",""replicate"":""RUN1"",""rhs"":""C4""}",1515dea791944377f3d544dc052c78e9394d5012418bfccabba7bf1cbc7d85a1,1519365260590728055,GEMINI,BETA,BASELINE,STRICT,1,PP,FREE8,BINF,IC-b,C5,C4,575,-0.0097248152150484,-0.0553137764521898,0.0334722436554017,6644,0,3356,0.6713328667133287,5941fde4b16c3fc35bfbf045a804644866c23b664ab492890f2991578070dc30,PP_BASELINE_STRICT_FREE8_google_gemini31flashlite_BINF_IC-b_R1,V13_SUPPLEMENTAL_SHA256_STREAM,1.0,False
PP_CONTRAST,"{""action_space"":""FREE8"",""analysis_id"":""PP_CONTRAST"",""budget"":""BINF"",""execution_policy"":""STRICT"",""information_condition"":""IC-b"",""lhs"":""C4R"",""model"":""GEMINI"",""oracle"":""beta"",""population"":""PP"",""reasoning_regime"":""BASELINE"",""replicate"":""RUN1"",""rhs"":""C4""}",4ad24653073a169d3a4018f78c4afeb0ba52c7bf364a3596b4fbca5353675c08,5391449026333382301,GEMINI,BETA,BASELINE,STRICT,1,PP,FREE8,BINF,IC-b,C4R,C4,575,0.0188831093344678,0.0142594385659904,0.0239079486501203,0,0,10000,0.0001999800019998,2339e554e28059d05803b4a530ad55d772f8dd0517752bfb4f9361a01f6a2f2d,PP_BASELINE_STRICT_FREE8_google_gemini31flashlite_BINF_IC-b_R1,V13_SUPPLEMENTAL_SHA256_STREAM,0.0023997600239976,True
PP_CONTRAST,"{""action_space"":""FREE8"",""analysis_id"":""PP_CONTRAST"",""budget"":""BINF"",""execution_policy"":""STRICT"",""information_condition"":""IC-b"",""lhs"":""C6-E"",""model"":""GEMINI"",""oracle"":""beta"",""population"":""PP"",""reasoning_regime"":""BASELINE"",""replicate"":""RUN1"",""rhs"":""C4R""}",a522993d385a8013e513f7070d4fc9f890ff007af3dbcd78b8d2b6c9c698214f,11899241653683781651,GEMINI,BETA,BASELINE,STRICT,1,PP,FREE8,BINF,IC-b,C6-E,C4R,575,0.0049455856284697,-0.0153902446967973,0.0244441078615033,3047,0,6953,0.6095390460953904,31e505520ac0ad354d32991a433733eee57b4ae918106c58c12e892d9f3dc462,PP_BASELINE_STRICT_FREE8_google_gemini31flashlite_BINF_IC-b_R1,V13_SUPPLEMENTAL_SHA256_STREAM,1.0,False
PP_CONTRAST,"{""action_space"":""FREE8"",""analysis_id"":""PP_CONTRAST"",""budget"":""BINF"",""execution_policy"":""STRICT"",""information_condition"":""IC-b"",""lhs"":""C6-E"",""model"":""GEMINI"",""oracle"":""beta"",""population"":""PP"",""reasoning_regime"":""BASELINE"",""replicate"":""RUN1"",""rhs"":""C6-EX""}",f27f452f2e35db712a7c422976da947464d0829a3dbd850108c717595f546705,17473761148161874801,GEMINI,BETA,BASELINE,STRICT,1,PP,FREE8,BINF,IC-b,C6-E,C6-EX,574,0.0137175945536405,-0.0028677271025731,0.0306674053763471,473,0,9527,0.0947905209479052,5d4447133a8070bade8d19c36f5290766826a1f759b3091e403f438f31c7f9e4,PP_BASELINE_STRICT_FREE8_google_gemini31flashlite_BINF_IC-b_R1,V13_SUPPLEMENTAL_SHA256_STREAM,0.8531146885311468,False
PP_CONTRAST,"{""action_space"":""FREE8"",""analysis_id"":""PP_CONTRAST"",""budget"":""BINF"",""execution_policy"":""STRICT"",""information_condition"":""IC-b"",""lhs"":""C5"",""model"":""GEMINI"",""oracle"":""gamma"",""population"":""PP"",""reasoning_regime"":""BASELINE"",""replicate"":""RUN1"",""rhs"":""C4""}",81e0f54dd6dd44d79c2cd04af0e1d6a563ddcad985066de0f968fcff71246ce9,9358749740342002903,GEMINI,GAMMA,BASELINE,STRICT,1,PP,FREE8,BINF,IC-b,C5,C4,575,-0.0034461906496072,-0.0409223159100863,0.0343207147576636,5715,0,4285,0.8571142885711429,d390129094faa63d9759fd8b23f376ba8292779ed44d002c33307420ade7d1ba,PP_BASELINE_STRICT_FREE8_google_gemini31flashlite_BINF_IC-b_R1,V13_SUPPLEMENTAL_SHA256_STREAM,1.0,False
PP_CONTRAST,"{""action_space"":""FREE8"",""analysis_id"":""PP_CONTRAST"",""budget"":""BINF"",""execution_policy"":""STRICT"",""information_condition"":""IC-b"",""lhs"":""C4R"",""model"":""GEMINI"",""oracle"":""gamma"",""population"":""PP"",""reasoning_regime"":""BASELINE"",""replicate"":""RUN1"",""rhs"":""C4""}",f31242a31409cf7e5500fd08e18393149615280b247ebcf76a6d11987cb03aa3,17515135168980569982,GEMINI,GAMMA,BASELINE,STRICT,1,PP,FREE8,BINF,IC-b,C4R,C4,575,0.0290910945537854,0.0151308147026657,0.0446239300658391,0,0,10000,0.0001999800019998,aef94ba3ba5d6038b697f1b38edd6638ea5657987491ba36316202aec4fb8507,PP_BASELINE_STRICT_FREE8_google_gemini31flashlite_BINF_IC-b_R1,V13_SUPPLEMENTAL_SHA256_STREAM,0.0023997600239976,True
PP_CONTRAST,"{""action_space"":""FREE8"",""analysis_id"":""PP_CONTRAST"",""budget"":""BINF"",""execution_policy"":""STRICT"",""information_condition"":""IC-b"",""lhs"":""C6-E"",""model"":""GEMINI"",""oracle"":""gamma"",""population"":""PP"",""reasoning_regime"":""BASELINE"",""replicate"":""RUN1"",""rhs"":""C4R""}",6b8ea6df285bcf39050224029bd54f855cb8e86c6d3d0eb59c679fd103f4fa78,7750315486136225593,GEMINI,GAMMA,BASELINE,STRICT,1,PP,FREE8,BINF,IC-b,C6-E,C4R,575,0.0071957839822742,-0.0173471849964393,0.0316963353580184,2805,0,7195,0.5611438856114389,6be5708a4c56f900649e72d854655ed30a03e18dc2e17793d810908ff41cc3e4,PP_BASELINE_STRICT_FREE8_google_gemini31flashlite_BINF_IC-b_R1,V13_SUPPLEMENTAL_SHA256_STREAM,1.0,False
PP_CONTRAST,"{""action_space"":""FREE8"",""analysis_id"":""PP_CONTRAST"",""budget"":""BINF"",""execution_policy"":""STRICT"",""information_condition"":""IC-b"",""lhs"":""C6-E"",""model"":""GEMINI"",""oracle"":""gamma"",""population"":""PP"",""reasoning_regime"":""BASELINE"",""replicate"":""RUN1"",""rhs"":""C6-EX""}",de0d2f03ab7c9b4b2c4a48b63ccfd123e23e2c7ac1d1791626443f3dcc23f917,16000496743925717835,GEMINI,GAMMA,BASELINE,STRICT,1,PP,FREE8,BINF,IC-b,C6-E,C6-EX,574,0.0091371656161701,-0.0163550549387721,0.0350549401605578,2470,0,7530,0.4941505849415059,df24edfbb7d94cef36c075a2b89473658e3f831d6c38075fe3ea3d4b8208e0e1,PP_BASELINE_STRICT_FREE8_google_gemini31flashlite_BINF_IC-b_R1,V13_SUPPLEMENTAL_SHA256_STREAM,1.0,False
PP_CONTRAST,"{""action_space"":""FREE8"",""analysis_id"":""PP_CONTRAST"",""budget"":""B1"",""execution_policy"":""STRICT"",""information_condition"":""IC-b"",""lhs"":""C4R"",""model"":""GEMINI"",""oracle"":""alpha"",""population"":""PP"",""reasoning_regime"":""BASELINE"",""replicate"":""RUN2"",""rhs"":""C4""}",d14fe30c20120cffe9bce196e57c4d7403a8c297abc41792b6b961b48555e933,15082523318304247039,GEMINI,ALPHA,BASELINE,STRICT,2,PP,FREE8,B1,IC-b,C4R,C4,63,-0.0391834954328141,-0.1175504862984424,0.0,6367,3633,0,0.7267273272672733,181e0a50670aee02bb2b9242436eeaa5901c2dbae96f9c5c7fc68a3b5bd70908,PP_BASELINE_STRICT_FREE8_google_gemini31flashlite_B1_IC-b_R2,V13_SUPPLEMENTAL_SHA256_STREAM,1.0,False
PP_CONTRAST,"{""action_space"":""FREE8"",""analysis_id"":""PP_CONTRAST"",""budget"":""B1"",""execution_policy"":""STRICT"",""information_condition"":""IC-b"",""lhs"":""C6-E"",""model"":""GEMINI"",""oracle"":""alpha"",""population"":""PP"",""reasoning_regime"":""BASELINE"",""replicate"":""RUN2"",""rhs"":""C4R""}",ac4f05e74e972e6689e605bf79b639d0e2f8d9a430f34c4d2480cbbd949fce6e,12416149188697861734,GEMINI,ALPHA,BASELINE,STRICT,2,PP,FREE8,B1,IC-b,C6-E,C4R,56,0.0890821218980611,0.0,0.2361614995665766,0,1310,8690,0.2621737826217378,2959355b06fa5a7d3b2555188a22d6ee8e3affbd30d9df329e4a5f46f56a6eb3,PP_BASELINE_STRICT_FREE8_google_gemini31flashlite_B1_IC-b_R2,V13_SUPPLEMENTAL_SHA256_STREAM,1.0,False
PP_CONTRAST,"{""action_space"":""FREE8"",""analysis_id"":""PP_CONTRAST"",""budget"":""B1"",""execution_policy"":""STRICT"",""information_condition"":""IC-b"",""lhs"":""C4R"",""model"":""GEMINI"",""oracle"":""beta"",""population"":""PP"",""reasoning_regime"":""BASELINE"",""replicate"":""RUN2"",""rhs"":""C4""}",32df5a45e65ee51dfe5722b6dd53cc07379afe29cd234f449ad60f586898a5ce,3665747877967095069,GEMINI,BETA,BASELINE,STRICT,2,PP,FREE8,B1,IC-b,C4R,C4,63,0.0020219041153967,-0.0055799479620218,0.010895328678965,3180,0,6820,0.6361363863613638,3dfcbb7ef5cd939b866a0f45279517785384e945f8800937773ea7c002e9028c,PP_BASELINE_STRICT_FREE8_google_gemini31flashlite_B1_IC-b_R2,V13_SUPPLEMENTAL_SHA256_STREAM,1.0,False
PP_CONTRAST,"{""action_space"":""FREE8"",""analysis_id"":""PP_CONTRAST"",""budget"":""B1"",""execution_policy"":""STRICT"",""information_condition"":""IC-b"",""lhs"":""C6-E"",""model"":""GEMINI"",""oracle"":""beta"",""population"":""PP"",""reasoning_regime"":""BASELINE"",""replicate"":""RUN2"",""rhs"":""C4R""}",af847dd29035505e8558b8fad8543f023f763ef0d79d76d791d00dfea772e9f1,12647371996879212638,GEMINI,BETA,BASELINE,STRICT,2,PP,FREE8,B1,IC-b,C6-E,C4R,56,0.0110145945506737,-0.0044350729126923,0.0367701913551006,2073,0,7927,0.4147585241475852,c87ce54c0cc7a8b5a2536f6db64ac3aca3c600db55decb3dff845316c43487e3,PP_BASELINE_STRICT_FREE8_google_gemini31flashlite_B1_IC-b_R2,V13_SUPPLEMENTAL_SHA256_STREAM,1.0,False
PP_CONTRAST,"{""action_space"":""FREE8"",""analysis_id"":""PP_CONTRAST"",""budget"":""B1"",""execution_policy"":""STRICT"",""information_condition"":""IC-b"",""lhs"":""C4R"",""model"":""GEMINI"",""oracle"":""gamma"",""population"":""PP"",""reasoning_regime"":""BASELINE"",""replicate"":""RUN2"",""rhs"":""C4""}",0086850923ce1770d07a7e94c704be3aa86e42fb400a4eb3083626d5b3da4ae3,37863921181136752,GEMINI,GAMMA,BASELINE,STRICT,2,PP,FREE8,B1,IC-b,C4R,C4,63,-0.0115295447403441,-0.0401608164882529,0.0080612417826426,7539,473,1988,0.4923507649235076,d1b60c4dd1b61db8abceea29c8d7346374adacdcc2217b877a7c0433d053377c,PP_BASELINE_STRICT_FREE8_google_gemini31flashlite_B1_IC-b_R2,V13_SUPPLEMENTAL_SHA256_STREAM,1.0,False
PP_CONTRAST,"{""action_space"":""FREE8"",""analysis_id"":""PP_CONTRAST"",""budget"":""B1"",""execution_policy"":""STRICT"",""information_condition"":""IC-b"",""lhs"":""C6-E"",""model"":""GEMINI"",""oracle"":""gamma"",""population"":""PP"",""reasoning_regime"":""BASELINE"",""replicate"":""RUN2"",""rhs"":""C4R""}",ddbd8a980a762fa5328a31799aa5ce67e7550fcb01c35470663d8072516fe639,15978079438595567525,GEMINI,GAMMA,BASELINE,STRICT,2,PP,FREE8,B1,IC-b,C6-E,C4R,56,-0.000491831233418,-0.0149388024070789,0.0147987656056941,5289,458,4253,0.9423057694230575,ec9f970f3192048f23b64288c6c1be377369df3c81a300c488c05f5822d8fc40,PP_BASELINE_STRICT_FREE8_google_gemini31flashlite_B1_IC-b_R2,V13_SUPPLEMENTAL_SHA256_STREAM,1.0,False
PP_CONTRAST,"{""action_space"":""FREE8"",""analysis_id"":""PP_CONTRAST"",""budget"":""BINF"",""execution_policy"":""STRICT"",""information_condition"":""IC-b"",""lhs"":""C4R"",""model"":""GEMINI"",""oracle"":""alpha"",""population"":""PP"",""reasoning_regime"":""BASELINE"",""replicate"":""RUN2"",""rhs"":""C4""}",ed951c0e763467fa1e364e6bed4dcc5c041da7c8954606544b8be9c8566a7d25,17119620406957074426,GEMINI,ALPHA,BASELINE,STRICT,2,PP,FREE8,BINF,IC-b,C4R,C4,575,0.1150247223394299,0.0686275425813655,0.1672488056457638,0,0,10000,0.0001999800019998,c17b8ab6123a59ea13bd4195bcbe5710e0e5ae23e6d08a6248d21665073dad96,PP_BASELINE_STRICT_FREE8_google_gemini31flashlite_BINF_IC-b_R2,V13_SUPPLEMENTAL_SHA256_STREAM,0.0011998800119988,True
PP_CONTRAST,"{""action_space"":""FREE8"",""analysis_id"":""PP_CONTRAST"",""budget"":""BINF"",""execution_policy"":""STRICT"",""information_condition"":""IC-b"",""lhs"":""C6-E"",""model"":""GEMINI"",""oracle"":""alpha"",""population"":""PP"",""reasoning_regime"":""BASELINE"",""replicate"":""RUN2"",""rhs"":""C4R""}",3f020057811e6d3e3310039249aa465366de56ba80cb503a4d7d0ace7338075e,4540191750171290942,GEMINI,ALPHA,BASELINE,STRICT,2,PP,FREE8,BINF,IC-b,C6-E,C4R,575,0.0586446525913185,-0.0123153708387694,0.1327621040287468,502,0,9498,0.1005899410058994,71555b2f6ece29d1ca79f21338c426efc578921b2c7a7dbc05d770c2c97b6201,PP_BASELINE_STRICT_FREE8_google_gemini31flashlite_BINF_IC-b_R2,V13_SUPPLEMENTAL_SHA256_STREAM,0.2465753424657534,False
PP_CONTRAST,"{""action_space"":""FREE8"",""analysis_id"":""PP_CONTRAST"",""budget"":""BINF"",""execution_policy"":""STRICT"",""information_condition"":""IC-b"",""lhs"":""C4R"",""model"":""GEMINI"",""oracle"":""beta"",""population"":""PP"",""reasoning_regime"":""BASELINE"",""replicate"":""RUN2"",""rhs"":""C4""}",04b849bcb32d2e9d850d251175fdd004d1eedc83e36bae0e359a180dcec52bb7,340102846675234461,GEMINI,BETA,BASELINE,STRICT,2,PP,FREE8,BINF,IC-b,C4R,C4,575,0.0347038551005181,0.0148365175295034,0.0596219759968453,0,0,10000,0.0001999800019998,316e4b7c2014690416420be5d7066db8487a26f2c55421716e9a537524c16130,PP_BASELINE_STRICT_FREE8_google_gemini31flashlite_BINF_IC-b_R2,V13_SUPPLEMENTAL_SHA256_STREAM,0.0011998800119988,True
PP_CONTRAST,"{""action_space"":""FREE8"",""analysis_id"":""PP_CONTRAST"",""budget"":""BINF"",""execution_policy"":""STRICT"",""information_condition"":""IC-b"",""lhs"":""C6-E"",""model"":""GEMINI"",""oracle"":""beta"",""population"":""PP"",""reasoning_regime"":""BASELINE"",""replicate"":""RUN2"",""rhs"":""C4R""}",600a37fc1b89eb1391c2f4d8261201fe39dbfc586a440ca3ab299a507ed98019,6920405333341498131,GEMINI,BETA,BASELINE,STRICT,2,PP,FREE8,BINF,IC-b,C6-E,C4R,575,-0.0037627747426372,-0.0313912974635376,0.0217105399340029,5884,0,4116,0.8233176682331766,a25830b3c18abc06b48fbf023a6a8a0e5b3c1221f50d74fe4deadef1898336b2,PP_BASELINE_STRICT_FREE8_google_gemini31flashlite_BINF_IC-b_R2,V13_SUPPLEMENTAL_SHA256_STREAM,0.8233176682331766,False
PP_CONTRAST,"{""action_space"":""FREE8"",""analysis_id"":""PP_CONTRAST"",""budget"":""BINF"",""execution_policy"":""STRICT"",""information_condition"":""IC-b"",""lhs"":""C4R"",""model"":""GEMINI"",""oracle"":""gamma"",""population"":""PP"",""reasoning_regime"":""BASELINE"",""replicate"":""RUN2"",""rhs"":""C4""}",9f5b2e1934f62c95d5dfcb82cde303655e1abc91d0f26c7002a965ae2331c6df,11482822360708820117,GEMINI,GAMMA,BASELINE,STRICT,2,PP,FREE8,BINF,IC-b,C4R,C4,575,0.0271389797500414,0.0113121413212281,0.0446166417172605,1,0,9999,0.0003999600039996,cff639345d3315b0bc1f9bd8962c8c4c0d3c1d61d1831b7c8c2d5e746ea6e2c5,PP_BASELINE_STRICT_FREE8_google_gemini31flashlite_BINF_IC-b_R2,V13_SUPPLEMENTAL_SHA256_STREAM,0.0015998400159984,True
PP_CONTRAST,"{""action_space"":""FREE8"",""analysis_id"":""PP_CONTRAST"",""budget"":""BINF"",""execution_policy"":""STRICT"",""information_condition"":""IC-b"",""lhs"":""C6-E"",""model"":""GEMINI"",""oracle"":""gamma"",""population"":""PP"",""reasoning_regime"":""BASELINE"",""replicate"":""RUN2"",""rhs"":""C4R""}",b514fb0d430a9c7a8b2cdc8cd3c6c707345d01b2e2deb0d9f877340616730560,13048330054777085050,GEMINI,GAMMA,BASELINE,STRICT,2,PP,FREE8,BINF,IC-b,C6-E,C4R,575,0.0224447176496353,-0.0026669793847073,0.0491152467599169,410,0,9590,0.0821917808219178,223c12bc5c127c3acd076bdf67eec336d813467651e214cd390fbe5d715051a2,PP_BASELINE_STRICT_FREE8_google_gemini31flashlite_BINF_IC-b_R2,V13_SUPPLEMENTAL_SHA256_STREAM,0.2465753424657534,False
PP_CONTRAST,"{""action_space"":""CANDIDATE9"",""analysis_id"":""PP_CONTRAST"",""budget"":""B1"",""execution_policy"":""STRICT"",""information_condition"":""IC-b"",""lhs"":""C4R"",""model"":""GPT"",""oracle"":""alpha"",""population"":""PP"",""reasoning_regime"":""BASELINE"",""replicate"":""RUN1"",""rhs"":""C4""}",927d73a73388ad0459cf9b946ff920d53b14158446184c3cb2e49ca66df75d86,10555720263587638532,GPT,ALPHA,BASELINE,STRICT,1,PP,CANDIDATE9,B1,IC-b,C4R,C4,546,0.0019194589959637,-0.0116992007660399,0.0128721340724787,3481,31,6488,0.7025297470252975,dc2c5081cf439708aca8147c164f35878475b1bd6eda9f651fbf4817261c8a24,PP_BASELINE_STRICT_CANDIDATE9_openai_gpt54mini_B1_IC-b_R1,V13_SUPPLEMENTAL_SHA256_STREAM,1.0,False
PP_CONTRAST,"{""action_space"":""CANDIDATE9"",""analysis_id"":""PP_CONTRAST"",""budget"":""B1"",""execution_policy"":""STRICT"",""information_condition"":""IC-b"",""lhs"":""C6-E"",""model"":""GPT"",""oracle"":""alpha"",""population"":""PP"",""reasoning_regime"":""BASELINE"",""replicate"":""RUN1"",""rhs"":""C4R""}",bab37a63eba73221ae7e37f3fb19bca298f5956be73ae262b9f8fe051f084396,13453231081459757601,GPT,ALPHA,BASELINE,STRICT,1,PP,CANDIDATE9,B1,IC-b,C6-E,C4R,565,0.105852608145628,0.0427231128626446,0.1707790942660209,5,0,9995,0.0011998800119988,5a983720fc63b8a3cfe33c6268b7f929337da68b0287296c71c153ea16915272,PP_BASELINE_STRICT_CANDIDATE9_openai_gpt54mini_B1_IC-b_R1,V13_SUPPLEMENTAL_SHA256_STREAM,0.0071992800719927995,True
PP_CONTRAST,"{""action_space"":""CANDIDATE9"",""analysis_id"":""PP_CONTRAST"",""budget"":""B1"",""execution_policy"":""STRICT"",""information_condition"":""IC-b"",""lhs"":""C4R"",""model"":""GPT"",""oracle"":""beta"",""population"":""PP"",""reasoning_regime"":""BASELINE"",""replicate"":""RUN1"",""rhs"":""C4""}",b5d01fd650018360b894e1cdc6f54e8835ae71ea53353613ec554e04dd6c62b5,13101006321346511712,GPT,BETA,BASELINE,STRICT,1,PP,CANDIDATE9,B1,IC-b,C4R,C4,546,0.0009599123700941,-0.0125833218551036,0.0109415673617672,4013,0,5987,0.8027197280271973,972fc91cc26ddfba21bc7ec3d85e5ccda2ebc1455582f77842d04ca214de4ca3,PP_BASELINE_STRICT_CANDIDATE9_openai_gpt54mini_B1_IC-b_R1,V13_SUPPLEMENTAL_SHA256_STREAM,1.0,False
PP_CONTRAST,"{""action_space"":""CANDIDATE9"",""analysis_id"":""PP_CONTRAST"",""budget"":""B1"",""execution_policy"":""STRICT"",""information_condition"":""IC-b"",""lhs"":""C6-E"",""model"":""GPT"",""oracle"":""beta"",""population"":""PP"",""reasoning_regime"":""BASELINE"",""replicate"":""RUN1"",""rhs"":""C4R""}",2f146a578f84af8f12fa794f1b676db1b7683ac83e0be72b16594a908c238e03,3392453343619362703,GPT,BETA,BASELINE,STRICT,1,PP,CANDIDATE9,B1,IC-b,C6-E,C4R,565,0.0230108362106953,0.0039753867758018,0.0432447670308514,85,0,9915,0.0171982801719828,618c9e12c5d0909d6125ebbd8597bae388d37d5ffaa19c23776be88890b260fe,PP_BASELINE_STRICT_CANDIDATE9_openai_gpt54mini_B1_IC-b_R1,V13_SUPPLEMENTAL_SHA256_STREAM,0.085991400859914,False
PP_CONTRAST,"{""action_space"":""CANDIDATE9"",""analysis_id"":""PP_CONTRAST"",""budget"":""B1"",""execution_policy"":""STRICT"",""information_condition"":""IC-b"",""lhs"":""C4R"",""model"":""GPT"",""oracle"":""gamma"",""population"":""PP"",""reasoning_regime"":""BASELINE"",""replicate"":""RUN1"",""rhs"":""C4""}",ad69a95b1329d620b994cbd6b2ec0d34a5d6da9190e1e7c8c3d26e0c4f3030e1,12495704849744778784,GPT,GAMMA,BASELINE,STRICT,1,PP,CANDIDATE9,B1,IC-b,C4R,C4,546,-0.0026223232955071,-0.0088608182132379,0.0029845963945173,8200,0,1800,0.3601639836016398,a0a390404e275ee0025eaf21c4dc53adc34c9a37d2848cf0fab7a4713333c830,PP_BASELINE_STRICT_CANDIDATE9_openai_gpt54mini_B1_IC-b_R1,V13_SUPPLEMENTAL_SHA256_STREAM,1.0,False
PP_CONTRAST,"{""action_space"":""CANDIDATE9"",""analysis_id"":""PP_CONTRAST"",""budget"":""B1"",""execution_policy"":""STRICT"",""information_condition"":""IC-b"",""lhs"":""C6-E"",""model"":""GPT"",""oracle"":""gamma"",""population"":""PP"",""reasoning_regime"":""BASELINE"",""replicate"":""RUN1"",""rhs"":""C4R""}",5eb6190950aa6c3f7db27c533678cff37eae438210de31981e926c10c881f01f,6824669813125311551,GPT,GAMMA,BASELINE,STRICT,1,PP,CANDIDATE9,B1,IC-b,C6-E,C4R,565,0.0259395253200008,0.0001722166272192,0.053636248883797,244,0,9756,0.048995100489951,ff9151c5870563c4bb711721a2c6b214404b9d61bd11e25ee73aeb0ba1103de7,PP_BASELINE_STRICT_CANDIDATE9_openai_gpt54mini_B1_IC-b_R1,V13_SUPPLEMENTAL_SHA256_STREAM,0.195980401959804,False
PP_CONTRAST,"{""action_space"":""FREE8"",""analysis_id"":""PP_CONTRAST"",""budget"":""BINF"",""execution_policy"":""STRICT"",""information_condition"":""IC-b"",""lhs"":""C5"",""model"":""GPT"",""oracle"":""alpha"",""population"":""PP"",""reasoning_regime"":""BASELINE"",""replicate"":""RUN1"",""rhs"":""C4""}",ea4486abb3ede16e9d7fd84d1aa917c5dab1eaa303c30251a77f77165f3247dc,16880765375307702638,GPT,ALPHA,BASELINE,STRICT,1,PP,FREE8,BINF,IC-b,C5,C4,370,0.033589635999965,-0.0945264533283582,0.1624398026865402,3112,0,6888,0.6225377462253775,2242bb79698e95e8b30fed91a0a1fa065c04098155a52e9f5fb9de07ad20ef74,PP_BASELINE_STRICT_FREE8_openai_gpt54mini_BINF_IC-b_R1,V13_SUPPLEMENTAL_SHA256_STREAM,1.0,False
PP_CONTRAST,"{""action_space"":""FREE8"",""analysis_id"":""PP_CONTRAST"",""budget"":""BINF"",""execution_policy"":""STRICT"",""information_condition"":""IC-b"",""lhs"":""C4R"",""model"":""GPT"",""oracle"":""alpha"",""population"":""PP"",""reasoning_regime"":""BASELINE"",""replicate"":""RUN1"",""rhs"":""C4""}",ad8bc76ed3bd7be803c7c5d8d17ed4a0e2fb7b2a2d9dee2f23766471b2f13b53,12505308069137054696,GPT,ALPHA,BASELINE,STRICT,1,PP,FREE8,BINF,IC-b,C4R,C4,409,0.0211846657967258,-0.0023821268837828,0.0557285808689017,494,198,9308,0.1385861413858614,a0dec146852f06e502ee94b822a364e4fb9fb4b812a69b4d9ceb951adc1a29dc,PP_BASELINE_STRICT_FREE8_openai_gpt54mini_BINF_IC-b_R1,V13_SUPPLEMENTAL_SHA256_STREAM,0.6929307069293069,False
PP_CONTRAST,"{""action_space"":""FREE8"",""analysis_id"":""PP_CONTRAST"",""budget"":""BINF"",""execution_policy"":""STRICT"",""information_condition"":""IC-b"",""lhs"":""C6-E"",""model"":""GPT"",""oracle"":""alpha"",""population"":""PP"",""reasoning_regime"":""BASELINE"",""replicate"":""RUN1"",""rhs"":""C4R""}",a2e2d4e4954a4c96a312300de3362c6206e5862dcb20b4c67dbecb5ba602b03a,11737177657103240342,GPT,ALPHA,BASELINE,STRICT,1,PP,FREE8,BINF,IC-b,C6-E,C4R,483,0.2460135861278224,0.1529585059413563,0.342988949288814,0,0,10000,0.0001999800019998,4e2100d5c35b98ac052089cefad4a8327ad3e12c012dd2e9ccc5dc110cded276,PP_BASELINE_STRICT_FREE8_openai_gpt54mini_BINF_IC-b_R1,V13_SUPPLEMENTAL_SHA256_STREAM,0.0023997600239976,True
PP_CONTRAST,"{""action_space"":""FREE8"",""analysis_id"":""PP_CONTRAST"",""budget"":""BINF"",""execution_policy"":""STRICT"",""information_condition"":""IC-b"",""lhs"":""C6-E"",""model"":""GPT"",""oracle"":""alpha"",""population"":""PP"",""reasoning_regime"":""BASELINE"",""replicate"":""RUN1"",""rhs"":""C6-EX""}",04169e8f71bc115f8056e2ba5df8cee989a0c0da667d5a7fda4bb8cc4d8beeb8,294597164565008735,GPT,ALPHA,BASELINE,STRICT,1,PP,FREE8,BINF,IC-b,C6-E,C6-EX,458,0.1658487265032691,0.0517438581846087,0.2815348827857675,20,0,9980,0.0041995800419958,3ca095a3585ceec0c09059263ed0c2c45519a54f7cf872ef032a89a68e792579,PP_BASELINE_STRICT_FREE8_openai_gpt54mini_BINF_IC-b_R1,V13_SUPPLEMENTAL_SHA256_STREAM,0.037796220377962195,True
PP_CONTRAST,"{""action_space"":""FREE8"",""analysis_id"":""PP_CONTRAST"",""budget"":""BINF"",""execution_policy"":""STRICT"",""information_condition"":""IC-b"",""lhs"":""C5"",""model"":""GPT"",""oracle"":""beta"",""population"":""PP"",""reasoning_regime"":""BASELINE"",""replicate"":""RUN1"",""rhs"":""C4""}",6f2fe236b6d4dabff5e8f503b7e6a88c3c1efc6fc802aa278b2443daa36e5330,8011870986738916031,GPT,BETA,BASELINE,STRICT,1,PP,FREE8,BINF,IC-b,C5,C4,370,0.0041462097979036,-0.0313286791637142,0.0376951500994988,3989,0,6011,0.797920207979202,10bbac3d47b98560b4271e81491dcdf95103cf260bcd30a6c69b1ee538d4a6c8,PP_BASELINE_STRICT_FREE8_openai_gpt54mini_BINF_IC-b_R1,V13_SUPPLEMENTAL_SHA256_STREAM,1.0,False
PP_CONTRAST,"{""action_space"":""FREE8"",""analysis_id"":""PP_CONTRAST"",""budget"":""BINF"",""execution_policy"":""STRICT"",""information_condition"":""IC-b"",""lhs"":""C4R"",""model"":""GPT"",""oracle"":""beta"",""population"":""PP"",""reasoning_regime"":""BASELINE"",""replicate"":""RUN1"",""rhs"":""C4""}",a45a03556d8f3d9ce0ead174fc4cd8a7b0543c86e1d333ba2dc8fab50c90f20f,11842781835569347996,GPT,BETA,BASELINE,STRICT,1,PP,FREE8,BINF,IC-b,C4R,C4,409,0.0062122383669786,-0.001177906015072,0.0197440574357005,1912,0,8088,0.3825617438256174,a924f274bdf844099795e468eb689686e03a4452cd9667d664ec000da5f7d99b,PP_BASELINE_STRICT_FREE8_openai_gpt54mini_BINF_IC-b_R1,V13_SUPPLEMENTAL_SHA256_STREAM,1.0,False
PP_CONTRAST,"{""action_space"":""FREE8"",""analysis_id"":""PP_CONTRAST"",""budget"":""BINF"",""execution_policy"":""STRICT"",""information_condition"":""IC-b"",""lhs"":""C6-E"",""model"":""GPT"",""oracle"":""beta"",""population"":""PP"",""reasoning_regime"":""BASELINE"",""replicate"":""RUN1"",""rhs"":""C4R""}",1fb514230d08fe3c67f2238a2489943a8427f1c58afd9ba63ee3f3c24f734ef2,2284754526735498812,GPT,BETA,BASELINE,STRICT,1,PP,FREE8,BINF,IC-b,C6-E,C4R,483,0.0673360242308587,0.0375181693202666,0.0986059720716177,0,0,10000,0.0001999800019998,aa779843982bce7508f350cca8e2965a6921239434e5a89ad25a2eebf674938b,PP_BASELINE_STRICT_FREE8_openai_gpt54mini_BINF_IC-b_R1,V13_SUPPLEMENTAL_SHA256_STREAM,0.0023997600239976,True
PP_CONTRAST,"{""action_space"":""FREE8"",""analysis_id"":""PP_CONTRAST"",""budget"":""BINF"",""execution_policy"":""STRICT"",""information_condition"":""IC-b"",""lhs"":""C6-E"",""model"":""GPT"",""oracle"":""beta"",""population"":""PP"",""reasoning_regime"":""BASELINE"",""replicate"":""RUN1"",""rhs"":""C6-EX""}",3c1f6f1b7fe35faea7ddf3236d0af533348cfad5d4fe561e0ad867919245e740,4332303530454114222,GPT,BETA,BASELINE,STRICT,1,PP,FREE8,BINF,IC-b,C6-E,C6-EX,458,0.0249192524034205,-0.0127596965777504,0.0623091994333496,925,0,9075,0.1851814818518148,6af556f2288e1f1324a9baf0f34f5112ed4368aa48c2ec3cf65d8aca2184b4fd,PP_BASELINE_STRICT_FREE8_openai_gpt54mini_BINF_IC-b_R1,V13_SUPPLEMENTAL_SHA256_STREAM,0.7407259274072592,False
PP_CONTRAST,"{""action_space"":""FREE8"",""analysis_id"":""PP_CONTRAST"",""budget"":""BINF"",""execution_policy"":""STRICT"",""information_condition"":""IC-b"",""lhs"":""C5"",""model"":""GPT"",""oracle"":""gamma"",""population"":""PP"",""reasoning_regime"":""BASELINE"",""replicate"":""RUN1"",""rhs"":""C4""}",2daf4b95650cc5dd0b7193244b17f17724a0931f4469b2a6b7cfdf44cbe51b34,3291932957648668125,GPT,GAMMA,BASELINE,STRICT,1,PP,FREE8,BINF,IC-b,C5,C4,370,-0.0487570119095693,-0.1066885480698911,0.0065021650309976,9571,0,429,0.085991400859914,5ad6fd870e0abaef9c4f68a9c4ba5804933eb62d76504e5662248ba89e6ab5a5,PP_BASELINE_STRICT_FREE8_openai_gpt54mini_BINF_IC-b_R1,V13_SUPPLEMENTAL_SHA256_STREAM,0.515948405159484,False
PP_CONTRAST,"{""action_space"":""FREE8"",""analysis_id"":""PP_CONTRAST"",""budget"":""BINF"",""execution_policy"":""STRICT"",""information_condition"":""IC-b"",""lhs"":""C4R"",""model"":""GPT"",""oracle"":""gamma"",""population"":""PP"",""reasoning_regime"":""BASELINE"",""replicate"":""RUN1"",""rhs"":""C4""}",6635ae229ecce1977701d639db1608b8fd1789c93ad5a3b2472f35e067c58a71,7364984229350662551,GPT,GAMMA,BASELINE,STRICT,1,PP,FREE8,BINF,IC-b,C4R,C4,409,-0.0041758629463429,-0.0094081162437825,-0.0005869229504662,9925,22,53,0.0151984801519848,2ef9854119482f904c0492791315d0d212b18f42fc823f0aea0b8d0e011e7046,PP_BASELINE_STRICT_FREE8_openai_gpt54mini_BINF_IC-b_R1,V13_SUPPLEMENTAL_SHA256_STREAM,0.1215878412158784,False
PP_CONTRAST,"{""action_space"":""FREE8"",""analysis_id"":""PP_CONTRAST"",""budget"":""BINF"",""execution_policy"":""STRICT"",""information_condition"":""IC-b"",""lhs"":""C6-E"",""model"":""GPT"",""oracle"":""gamma"",""population"":""PP"",""reasoning_regime"":""BASELINE"",""replicate"":""RUN1"",""rhs"":""C4R""}",f945811316eecbc910430e20f671b40aeaba03569ed7b03c41737d7a8bd4ad79,17961904607826201545,GPT,GAMMA,BASELINE,STRICT,1,PP,FREE8,BINF,IC-b,C6-E,C4R,483,0.0581954089238139,0.0199494608252395,0.0978982386302848,15,0,9985,0.0031996800319968,5de937a393c897c821da815fc68b0a13c2e1332bd2b096e1a46f836bad26c74f,PP_BASELINE_STRICT_FREE8_openai_gpt54mini_BINF_IC-b_R1,V13_SUPPLEMENTAL_SHA256_STREAM,0.031996800319968,True
PP_CONTRAST,"{""action_space"":""FREE8"",""analysis_id"":""PP_CONTRAST"",""budget"":""BINF"",""execution_policy"":""STRICT"",""information_condition"":""IC-b"",""lhs"":""C6-E"",""model"":""GPT"",""oracle"":""gamma"",""population"":""PP"",""reasoning_regime"":""BASELINE"",""replicate"":""RUN1"",""rhs"":""C6-EX""}",7de20f54c0ec6227d3061928d84b7c8aee5278ed734df25981f4aa00a992dddb,9070829456165986855,GPT,GAMMA,BASELINE,STRICT,1,PP,FREE8,BINF,IC-b,C6-E,C6-EX,458,0.0364514623416765,-0.0021974756860312,0.0762283976684673,311,0,9689,0.0623937606239376,a0606e38721221ec3fc1c67002867f908bd545ee6c2ffd0169c208b4db823537,PP_BASELINE_STRICT_FREE8_openai_gpt54mini_BINF_IC-b_R1,V13_SUPPLEMENTAL_SHA256_STREAM,0.43675632436756323,False
PP_CONTRAST,"{""action_space"":""FREE8"",""analysis_id"":""PP_CONTRAST"",""budget"":""B1"",""execution_policy"":""STRICT"",""information_condition"":""IC-b"",""lhs"":""C5"",""model"":""GPT"",""oracle"":""alpha"",""population"":""PP"",""reasoning_regime"":""BASELINE"",""replicate"":""RUN1"",""rhs"":""C4""}",629f112573a1bc9ba1a61a9c52cbab67a74560cd763942db4f2e10a340647b36,7106417589565373595,GPT,ALPHA,BASELINE,STRICT,1,PP,FREE8,B1,IC-b,C5,C4,175,0.1574659853617486,0.0068205724838482,0.3132988660150165,202,0,9798,0.0405959404059594,d47a09fb45e5bb4de7bedf5cbae7ffe9d8c2058f787c0a0b627c42c95b5b5d60,PP_BASELINE_STRICT_FREE8_openai_gpt54mini_B1_IC-b_R1,V13_SUPPLEMENTAL_SHA256_STREAM,0.25617438256174385,False
PP_CONTRAST,"{""action_space"":""FREE8"",""analysis_id"":""PP_CONTRAST"",""budget"":""B1"",""execution_policy"":""STRICT"",""information_condition"":""IC-b"",""lhs"":""C4R"",""model"":""GPT"",""oracle"":""alpha"",""population"":""PP"",""reasoning_regime"":""BASELINE"",""replicate"":""RUN1"",""rhs"":""C4""}",755dc41eb1603a45a2f44e8e473b508a772b225249ee51c0530b3bda26a73d45,8457131311375596101,GPT,ALPHA,BASELINE,STRICT,1,PP,FREE8,B1,IC-b,C4R,C4,246,0.0,0.0,0.0,0,10000,0,1.0,f8c784aa6b57396e7c5e094c34d079d8252473e46e2f60593a921dbebf941fcc,PP_BASELINE_STRICT_FREE8_openai_gpt54mini_B1_IC-b_R1,V13_SUPPLEMENTAL_SHA256_STREAM,1.0,False
PP_CONTRAST,"{""action_space"":""FREE8"",""analysis_id"":""PP_CONTRAST"",""budget"":""B1"",""execution_policy"":""STRICT"",""information_condition"":""IC-b"",""lhs"":""C6-E"",""model"":""GPT"",""oracle"":""alpha"",""population"":""PP"",""reasoning_regime"":""BASELINE"",""replicate"":""RUN1"",""rhs"":""C4R""}",6823ac9cf1874b6dc0eb7f70bea3a82573cbfe186d75d57fc16811a51c4429f3,7504031194196429677,GPT,ALPHA,BASELINE,STRICT,1,PP,FREE8,B1,IC-b,C6-E,C4R,235,0.1917907734000352,0.0776214648709492,0.3184900433682291,4,0,9996,0.000999900009999,c907b2e593c2b146737d7d05a8622be7129ec54b3d75f102bc2fd2f3dbda6587,PP_BASELINE_STRICT_FREE8_openai_gpt54mini_B1_IC-b_R1,V13_SUPPLEMENTAL_SHA256_STREAM,0.010998900109989001,True
PP_CONTRAST,"{""action_space"":""FREE8"",""analysis_id"":""PP_CONTRAST"",""budget"":""B1"",""execution_policy"":""STRICT"",""information_condition"":""IC-b"",""lhs"":""C6-E"",""model"":""GPT"",""oracle"":""alpha"",""population"":""PP"",""reasoning_regime"":""BASELINE"",""replicate"":""RUN1"",""rhs"":""C6-EX""}",78e1e253ccf08b869042e219e401d8ecc9cd99c068cd57789e77cb4d425934c3,8710492003859729286,GPT,ALPHA,BASELINE,STRICT,1,PP,FREE8,B1,IC-b,C6-E,C6-EX,193,0.226532783888353,0.0598955866821548,0.4018165862429533,31,0,9969,0.0063993600639936,57a333b23c866315b4cf92eaa31c7ae7c482019beb9c66fa09ed7d3eac22bc22,PP_BASELINE_STRICT_FREE8_openai_gpt54mini_B1_IC-b_R1,V13_SUPPLEMENTAL_SHA256_STREAM,0.0575942405759424,False
PP_CONTRAST,"{""action_space"":""FREE8"",""analysis_id"":""PP_CONTRAST"",""budget"":""B1"",""execution_policy"":""STRICT"",""information_condition"":""IC-b"",""lhs"":""C5"",""model"":""GPT"",""oracle"":""beta"",""population"":""PP"",""reasoning_regime"":""BASELINE"",""replicate"":""RUN1"",""rhs"":""C4""}",a12e10a37c02482fe339f7e63861042a650f76f284435e8958c398e4ab308914,11614238783381325871,GPT,BETA,BASELINE,STRICT,1,PP,FREE8,B1,IC-b,C5,C4,175,0.0650800366361572,0.0176211628782284,0.126367872390214,5,0,9995,0.0011998800119988,e31ecca9bd30cf216354194c4fa124eaf298b924fcb65d3b45b0d8bde4fe56c0,PP_BASELINE_STRICT_FREE8_openai_gpt54mini_B1_IC-b_R1,V13_SUPPLEMENTAL_SHA256_STREAM,0.011998800119988,True
PP_CONTRAST,"{""action_space"":""FREE8"",""analysis_id"":""PP_CONTRAST"",""budget"":""B1"",""execution_policy"":""STRICT"",""information_condition"":""IC-b"",""lhs"":""C4R"",""model"":""GPT"",""oracle"":""beta"",""population"":""PP"",""reasoning_regime"":""BASELINE"",""replicate"":""RUN1"",""rhs"":""C4""}",ac63b95b08cb365d8fe8a636abb35f262d3036592322a1149f074ec4a5106884,12421975997858657885,GPT,BETA,BASELINE,STRICT,1,PP,FREE8,B1,IC-b,C4R,C4,246,0.0002097352366456,1.5863010995099474e-13,0.0006292057045772,0,182,9818,0.0365963403659634,1db5396611429c0bf8b82741247f5534f2e004d16284f973c9e831b1ec217c34,PP_BASELINE_STRICT_FREE8_openai_gpt54mini_B1_IC-b_R1,V13_SUPPLEMENTAL_SHA256_STREAM,0.25617438256174385,False
PP_CONTRAST,"{""action_space"":""FREE8"",""analysis_id"":""PP_CONTRAST"",""budget"":""B1"",""execution_policy"":""STRICT"",""information_condition"":""IC-b"",""lhs"":""C6-E"",""model"":""GPT"",""oracle"":""beta"",""population"":""PP"",""reasoning_regime"":""BASELINE"",""replicate"":""RUN1"",""rhs"":""C4R""}",8246bbc00f46b6ce6884f1902631e310e58b712cba4b2f43c4069f76b2de40cc,9387396906864785102,GPT,BETA,BASELINE,STRICT,1,PP,FREE8,B1,IC-b,C6-E,C4R,235,0.0520206020223427,0.0228070834935306,0.0913116554399101,0,0,10000,0.0001999800019998,6c14989550043d574b99f3a38e3014f34b801fd05d7cf36beab70dd35bf20766,PP_BASELINE_STRICT_FREE8_openai_gpt54mini_B1_IC-b_R1,V13_SUPPLEMENTAL_SHA256_STREAM,0.0023997600239976,True
PP_CONTRAST,"{""action_space"":""FREE8"",""analysis_id"":""PP_CONTRAST"",""budget"":""B1"",""execution_policy"":""STRICT"",""information_condition"":""IC-b"",""lhs"":""C6-E"",""model"":""GPT"",""oracle"":""beta"",""population"":""PP"",""reasoning_regime"":""BASELINE"",""replicate"":""RUN1"",""rhs"":""C6-EX""}",77b17ab7927ae93f415d12f2e421fa4dd273118d1cd4ef4b9cfaccadf6431cdc,8624809690246342975,GPT,BETA,BASELINE,STRICT,1,PP,FREE8,B1,IC-b,C6-E,C6-EX,193,-0.0009733492374036,-0.0627372152270043,0.05749536829703,5062,0,4938,0.9877012298770124,227e16ca1b1da54e1e1ce815255ee38ba635cb3ef1a1ef44d06181aa85702375,PP_BASELINE_STRICT_FREE8_openai_gpt54mini_B1_IC-b_R1,V13_SUPPLEMENTAL_SHA256_STREAM,1.0,False
PP_CONTRAST,"{""action_space"":""FREE8"",""analysis_id"":""PP_CONTRAST"",""budget"":""B1"",""execution_policy"":""STRICT"",""information_condition"":""IC-b"",""lhs"":""C5"",""model"":""GPT"",""oracle"":""gamma"",""population"":""PP"",""reasoning_regime"":""BASELINE"",""replicate"":""RUN1"",""rhs"":""C4""}",993720bebf5cfcd76aaf640bdaad146b7ca296361196cdb1a4959b08a7785522,11040329015148477655,GPT,GAMMA,BASELINE,STRICT,1,PP,FREE8,B1,IC-b,C5,C4,175,0.0165861892659323,-0.038873372440961,0.0703445856141958,2732,0,7268,0.5465453454654534,ca235d5717605862a1da4018c997377924b6de81037b1922d8e66f0a9c0d4860,PP_BASELINE_STRICT_FREE8_openai_gpt54mini_B1_IC-b_R1,V13_SUPPLEMENTAL_SHA256_STREAM,1.0,False
PP_CONTRAST,"{""action_space"":""FREE8"",""analysis_id"":""PP_CONTRAST"",""budget"":""B1"",""execution_policy"":""STRICT"",""information_condition"":""IC-b"",""lhs"":""C4R"",""model"":""GPT"",""oracle"":""gamma"",""population"":""PP"",""reasoning_regime"":""BASELINE"",""replicate"":""RUN1"",""rhs"":""C4""}",a2820c07389b3812fcabb2e8f22296e0bee825f3aae9d0ecb59a944eef84c0d8,11709935206270711826,GPT,GAMMA,BASELINE,STRICT,1,PP,FREE8,B1,IC-b,C4R,C4,246,0.0,0.0,0.0,0,10000,0,1.0,f8c784aa6b57396e7c5e094c34d079d8252473e46e2f60593a921dbebf941fcc,PP_BASELINE_STRICT_FREE8_openai_gpt54mini_B1_IC-b_R1,V13_SUPPLEMENTAL_SHA256_STREAM,1.0,False
PP_CONTRAST,"{""action_space"":""FREE8"",""analysis_id"":""PP_CONTRAST"",""budget"":""B1"",""execution_policy"":""STRICT"",""information_condition"":""IC-b"",""lhs"":""C6-E"",""model"":""GPT"",""oracle"":""gamma"",""population"":""PP"",""reasoning_regime"":""BASELINE"",""replicate"":""RUN1"",""rhs"":""C4R""}",ed5fa5f37e14570c04376dcdee92852513e0c828049ea0df10d1825049a47baf,17104572374987331340,GPT,GAMMA,BASELINE,STRICT,1,PP,FREE8,B1,IC-b,C6-E,C4R,235,0.060472599402312,0.0096873625392865,0.1145871561273015,97,0,9903,0.0195980401959804,114424bb202dbf27033034bfc12e2d91611ba247334e1c9a440cfe8a1787a4ab,PP_BASELINE_STRICT_FREE8_openai_gpt54mini_B1_IC-b_R1,V13_SUPPLEMENTAL_SHA256_STREAM,0.1567843215678432,False
PP_CONTRAST,"{""action_space"":""FREE8"",""analysis_id"":""PP_CONTRAST"",""budget"":""B1"",""execution_policy"":""STRICT"",""information_condition"":""IC-b"",""lhs"":""C6-E"",""model"":""GPT"",""oracle"":""gamma"",""population"":""PP"",""reasoning_regime"":""BASELINE"",""replicate"":""RUN1"",""rhs"":""C6-EX""}",65c06e4d2a0bdcbdf39bd596d307f5660088e50baa4289d63b8d6165b50739b1,7331981471056125117,GPT,GAMMA,BASELINE,STRICT,1,PP,FREE8,B1,IC-b,C6-E,C6-EX,193,0.0466342100856948,-0.0048966786706818,0.1023929743917302,384,0,9616,0.076992300769923,f79ac7e3a4173d454e0b112995dcc6b4775ea745ae2d2dbfe339d22f301f2a5f,PP_BASELINE_STRICT_FREE8_openai_gpt54mini_B1_IC-b_R1,V13_SUPPLEMENTAL_SHA256_STREAM,0.384961503849615,False
PP_CONTRAST,"{""action_space"":""FREE8"",""analysis_id"":""PP_CONTRAST"",""budget"":""B1"",""execution_policy"":""STRICT"",""information_condition"":""IC-b"",""lhs"":""C4R"",""model"":""GPT"",""oracle"":""alpha"",""population"":""PP"",""reasoning_regime"":""BASELINE"",""replicate"":""RUN2"",""rhs"":""C4""}",2eff34bf7d5778a287282e8b297d102b20e6a3304ee8677c208e1b7339a4b394,3386483441852184738,GPT,ALPHA,BASELINE,STRICT,2,PP,FREE8,B1,IC-b,C4R,C4,249,-0.0047851248222575,-0.0143553744667725,0.0,6357,3643,0,0.7287271272872713,6b4e9427a4f6198073c24d98a08790d35bacebeadcc758b8b1a54e05d5f28f0b,PP_BASELINE_STRICT_FREE8_openai_gpt54mini_B1_IC-b_R2,V13_SUPPLEMENTAL_SHA256_STREAM,1.0,False
PP_CONTRAST,"{""action_space"":""FREE8"",""analysis_id"":""PP_CONTRAST"",""budget"":""B1"",""execution_policy"":""STRICT"",""information_condition"":""IC-b"",""lhs"":""C6-E"",""model"":""GPT"",""oracle"":""alpha"",""population"":""PP"",""reasoning_regime"":""BASELINE"",""replicate"":""RUN2"",""rhs"":""C4R""}",5a2418fe4860cee0f8610cdb1a78da474bd585ee949224a8a0f46c1f4b8c3075,6495344042990161632,GPT,ALPHA,BASELINE,STRICT,2,PP,FREE8,B1,IC-b,C6-E,C4R,254,0.1283134156803887,0.0285134454645127,0.238494695276788,43,0,9957,0.0087991200879912,39b9782f43a6acbdda1600de0079f50c031c6faa913cd6013acf8cb3ce11a1ab,PP_BASELINE_STRICT_FREE8_openai_gpt54mini_B1_IC-b_R2,V13_SUPPLEMENTAL_SHA256_STREAM,0.0527947205279472,False
PP_CONTRAST,"{""action_space"":""FREE8"",""analysis_id"":""PP_CONTRAST"",""budget"":""B1"",""execution_policy"":""STRICT"",""information_condition"":""IC-b"",""lhs"":""C4R"",""model"":""GPT"",""oracle"":""beta"",""population"":""PP"",""reasoning_regime"":""BASELINE"",""replicate"":""RUN2"",""rhs"":""C4""}",6b4dd2924067cedf5df546a950cc89378baa1da5a858f4d53191e71862e1e886,7732067660852612831,GPT,BETA,BASELINE,STRICT,2,PP,FREE8,B1,IC-b,C4R,C4,249,-0.0010683743199106,-0.0032051229598666,1.348319046773684e-13,6264,1297,2439,0.7473252674732527,cfd513f3c3ea75c1bb5381e3683ad0edb31ee06c32336d87d9c694cac5b64f90,PP_BASELINE_STRICT_FREE8_openai_gpt54mini_B1_IC-b_R2,V13_SUPPLEMENTAL_SHA256_STREAM,1.0,False
PP_CONTRAST,"{""action_space"":""FREE8"",""analysis_id"":""PP_CONTRAST"",""budget"":""B1"",""execution_policy"":""STRICT"",""information_condition"":""IC-b"",""lhs"":""C6-E"",""model"":""GPT"",""oracle"":""beta"",""population"":""PP"",""reasoning_regime"":""BASELINE"",""replicate"":""RUN2"",""rhs"":""C4R""}",cd505766a4626d7b237f62b79f267795156c43565bfa002bf988583b5d2d356e,14794420874268274043,GPT,BETA,BASELINE,STRICT,2,PP,FREE8,B1,IC-b,C6-E,C4R,254,0.0185997463062554,-0.0234993975738154,0.0608142845329777,1866,0,8134,0.3733626637336266,67926a8fa006f04277bbda9057dbe2ae77e4ca688d2ad5d6fa226bff693ba0ae,PP_BASELINE_STRICT_FREE8_openai_gpt54mini_B1_IC-b_R2,V13_SUPPLEMENTAL_SHA256_STREAM,1.0,False
PP_CONTRAST,"{""action_space"":""FREE8"",""analysis_id"":""PP_CONTRAST"",""budget"":""B1"",""execution_policy"":""STRICT"",""information_condition"":""IC-b"",""lhs"":""C4R"",""model"":""GPT"",""oracle"":""gamma"",""population"":""PP"",""reasoning_regime"":""BASELINE"",""replicate"":""RUN2"",""rhs"":""C4""}",dcd6a4bb41db13010186cb1029d5e64b95955c9ddf019f7632bc6cf4f1146c39,15913087457530942209,GPT,GAMMA,BASELINE,STRICT,2,PP,FREE8,B1,IC-b,C4R,C4,249,-0.0029297186387375,-0.0087891559162126,0.0,6372,3628,0,0.7257274272572742,ba035278085895d00ab492f2ed1b9d35f237d9ab44455d609cdf4fa80c4f66cf,PP_BASELINE_STRICT_FREE8_openai_gpt54mini_B1_IC-b_R2,V13_SUPPLEMENTAL_SHA256_STREAM,1.0,False
PP_CONTRAST,"{""action_space"":""FREE8"",""analysis_id"":""PP_CONTRAST"",""budget"":""B1"",""execution_policy"":""STRICT"",""information_condition"":""IC-b"",""lhs"":""C6-E"",""model"":""GPT"",""oracle"":""gamma"",""population"":""PP"",""reasoning_regime"":""BASELINE"",""replicate"":""RUN2"",""rhs"":""C4R""}",04c242a974739cc00acabe9f5cd5da878ceba67c7e13e4f25526f37a43f6f2f2,342909817204219072,GPT,GAMMA,BASELINE,STRICT,2,PP,FREE8,B1,IC-b,C6-E,C4R,254,0.0363607768459642,-0.0081032390766759,0.085678111475203,565,0,9435,0.1131886811318868,69286ea75cc48e7f03d50f36cab8191c5d6afb9c0fe4802214f94b23d45ae387,PP_BASELINE_STRICT_FREE8_openai_gpt54mini_B1_IC-b_R2,V13_SUPPLEMENTAL_SHA256_STREAM,0.565943405659434,False
PP_CONTRAST,"{""action_space"":""FREE8"",""analysis_id"":""PP_CONTRAST"",""budget"":""BINF"",""execution_policy"":""STRICT"",""information_condition"":""IC-b"",""lhs"":""C4R"",""model"":""GPT"",""oracle"":""alpha"",""population"":""PP"",""reasoning_regime"":""BASELINE"",""replicate"":""RUN2"",""rhs"":""C4""}",2e6828822a4440bcb405d27ffb9a8814c82b066fcd755e68f7ad259c965e324f,3343967262842568892,GPT,ALPHA,BASELINE,STRICT,2,PP,FREE8,BINF,IC-b,C4R,C4,424,-0.0038642895767348,-0.0275171438217432,0.0178077482526689,6186,161,3653,0.7629237076292371,16d6e0caa4e3c9baea88192182569f6fb2a46e9614114d7f6652efd24b17db90,PP_BASELINE_STRICT_FREE8_openai_gpt54mini_BINF_IC-b_R2,V13_SUPPLEMENTAL_SHA256_STREAM,1.0,False
PP_CONTRAST,"{""action_space"":""FREE8"",""analysis_id"":""PP_CONTRAST"",""budget"":""BINF"",""execution_policy"":""STRICT"",""information_condition"":""IC-b"",""lhs"":""C6-E"",""model"":""GPT"",""oracle"":""alpha"",""population"":""PP"",""reasoning_regime"":""BASELINE"",""replicate"":""RUN2"",""rhs"":""C4R""}",591da977f5259dce7f27ceb78807251d4abe26d0347821d7f992c2f7ed652261,6421474976379280846,GPT,ALPHA,BASELINE,STRICT,2,PP,FREE8,BINF,IC-b,C6-E,C4R,486,0.1818306092389678,0.081035386792772,0.2821909591865862,3,0,9997,0.0007999200079992,147477077e1e88fec8350c48a32e9946ea78c5581ee28246eac0b5254c97fdd5,PP_BASELINE_STRICT_FREE8_openai_gpt54mini_BINF_IC-b_R2,V13_SUPPLEMENTAL_SHA256_STREAM,0.0031996800319968,True
PP_CONTRAST,"{""action_space"":""FREE8"",""analysis_id"":""PP_CONTRAST"",""budget"":""BINF"",""execution_policy"":""STRICT"",""information_condition"":""IC-b"",""lhs"":""C4R"",""model"":""GPT"",""oracle"":""beta"",""population"":""PP"",""reasoning_regime"":""BASELINE"",""replicate"":""RUN2"",""rhs"":""C4""}",d0411d441ecd7467ca508482da3814b884f7166fb4019fe14ff18b5b51179b81,15006307611786966119,GPT,BETA,BASELINE,STRICT,2,PP,FREE8,BINF,IC-b,C4R,C4,424,0.0008383737723165,-0.0002980832527437,0.0022029353067558,822,0,9178,0.1645835416458354,6b0e767ca946ef6080f04130cb37669b68ada668a6c88a387a139bb4fc8fb3cb,PP_BASELINE_STRICT_FREE8_openai_gpt54mini_BINF_IC-b_R2,V13_SUPPLEMENTAL_SHA256_STREAM,0.4937506249375062,False
PP_CONTRAST,"{""action_space"":""FREE8"",""analysis_id"":""PP_CONTRAST"",""budget"":""BINF"",""execution_policy"":""STRICT"",""information_condition"":""IC-b"",""lhs"":""C6-E"",""model"":""GPT"",""oracle"":""beta"",""population"":""PP"",""reasoning_regime"":""BASELINE"",""replicate"":""RUN2"",""rhs"":""C4R""}",2a15b55ba8b64d265923b1d15ebecbf8aac4d529d464e5f97cfe10d295136ba5,3032529329381068070,GPT,BETA,BASELINE,STRICT,2,PP,FREE8,BINF,IC-b,C6-E,C4R,486,0.0591927471400833,0.0262307583170647,0.093797244020251,1,0,9999,0.0003999600039996,af0b1a49549d9000f0c479f4bfdb00f7e4966e4d7909397e4501fa300fabe5d5,PP_BASELINE_STRICT_FREE8_openai_gpt54mini_BINF_IC-b_R2,V13_SUPPLEMENTAL_SHA256_STREAM,0.0023997600239976,True
PP_CONTRAST,"{""action_space"":""FREE8"",""analysis_id"":""PP_CONTRAST"",""budget"":""BINF"",""execution_policy"":""STRICT"",""information_condition"":""IC-b"",""lhs"":""C4R"",""model"":""GPT"",""oracle"":""gamma"",""population"":""PP"",""reasoning_regime"":""BASELINE"",""replicate"":""RUN2"",""rhs"":""C4""}",534fb97ae18e1d3c41d1e6dfa0ce32248680e73129f248ce2ca205b9789ebc46,6003220765729496380,GPT,GAMMA,BASELINE,STRICT,2,PP,FREE8,BINF,IC-b,C4R,C4,424,0.0003079252254761,-0.0025952408137401,0.0037824083922761,4199,490,5311,0.937906209379062,ef2298ed125f21c24534ce2d0ab77115db22a1cd29048f26b08b620313dd9c67,PP_BASELINE_STRICT_FREE8_openai_gpt54mini_BINF_IC-b_R2,V13_SUPPLEMENTAL_SHA256_STREAM,1.0,False
PP_CONTRAST,"{""action_space"":""FREE8"",""analysis_id"":""PP_CONTRAST"",""budget"":""BINF"",""execution_policy"":""STRICT"",""information_condition"":""IC-b"",""lhs"":""C6-E"",""model"":""GPT"",""oracle"":""gamma"",""population"":""PP"",""reasoning_regime"":""BASELINE"",""replicate"":""RUN2"",""rhs"":""C4R""}",1e1f14fa5064af9ffbc68508067e261de868ee3f2bfd805e5662a4eaea5859f1,2170476610739023775,GPT,GAMMA,BASELINE,STRICT,2,PP,FREE8,BINF,IC-b,C6-E,C4R,486,0.0672838433009048,0.0315568995554295,0.1059172908592405,2,0,9998,0.0005999400059994,a060bb497b2d40496380a6821e7a32a13245b15daf89c93b0cdd67e4165eac58,PP_BASELINE_STRICT_FREE8_openai_gpt54mini_BINF_IC-b_R2,V13_SUPPLEMENTAL_SHA256_STREAM,0.002999700029997,True
PP_CONTRAST,"{""action_space"":""FREE8"",""analysis_id"":""PP_CONTRAST"",""budget"":""B1"",""execution_policy"":""REPAIRED"",""information_condition"":""IC-b"",""lhs"":""C5"",""model"":""GEMINI"",""oracle"":""alpha"",""population"":""PP"",""reasoning_regime"":""BASELINE"",""replicate"":""RUN1"",""rhs"":""C4""}",2c2b361064e99d95b36f4a79caa6ba7bcfef02dfce1b4d7e7b0afec447ed39e1,3182697005707795861,GEMINI,ALPHA,BASELINE,REPAIRED,1,PP,FREE8,B1,IC-b,C5,C4,51,0.0562877359420767,-0.0120616051943641,0.1548017490890068,839,444,8717,0.2567743225677432,cf8eadc5f57834d02ec794397ae1c8ec318f646b21d267ae833fdfbf408c4065,PP_BASELINE_REPAIRED_FREE8_google_gemini31flashlite_B1_IC-b_R1,V13_SUPPLEMENTAL_SHA256_STREAM,1.0,False
PP_CONTRAST,"{""action_space"":""FREE8"",""analysis_id"":""PP_CONTRAST"",""budget"":""B1"",""execution_policy"":""REPAIRED"",""information_condition"":""IC-b"",""lhs"":""C4R"",""model"":""GEMINI"",""oracle"":""alpha"",""population"":""PP"",""reasoning_regime"":""BASELINE"",""replicate"":""RUN1"",""rhs"":""C4""}",43cc0834d9d8740340ff2d4ea98682996f76e4807809116d7dbd563c9c628c84,4885288718876308483,GEMINI,ALPHA,BASELINE,REPAIRED,1,PP,FREE8,B1,IC-b,C4R,C4,45,-0.0068349096101397,-0.0205047288304191,0.0,6416,3584,0,0.716928307169283,6cfeafe8011d265882ae614dd85abaf3c1525c0f04fa0490519e6db23c146724,PP_BASELINE_REPAIRED_FREE8_google_gemini31flashlite_B1_IC-b_R1,V13_SUPPLEMENTAL_SHA256_STREAM,1.0,False
PP_CONTRAST,"{""action_space"":""FREE8"",""analysis_id"":""PP_CONTRAST"",""budget"":""B1"",""execution_policy"":""REPAIRED"",""information_condition"":""IC-b"",""lhs"":""C6-E"",""model"":""GEMINI"",""oracle"":""alpha"",""population"":""PP"",""reasoning_regime"":""BASELINE"",""replicate"":""RUN1"",""rhs"":""C4R""}",8e8e18fdddc82a1d3f0b9c3360eef65d7b871a0da526a335781248bb4b64b6f4,10272175278705355293,GEMINI,ALPHA,BASELINE,REPAIRED,1,PP,FREE8,B1,IC-b,C6-E,C4R,44,0.1404567024325796,0.0,0.3547280940275557,0,1264,8736,0.252974702529747,502175d6ec5e73ade379f2820d52b485c0643a718eee9aadf7a1aff3c9503e96,PP_BASELINE_REPAIRED_FREE8_google_gemini31flashlite_B1_IC-b_R1,V13_SUPPLEMENTAL_SHA256_STREAM,1.0,False
PP_CONTRAST,"{""action_space"":""FREE8"",""analysis_id"":""PP_CONTRAST"",""budget"":""B1"",""execution_policy"":""REPAIRED"",""information_condition"":""IC-b"",""lhs"":""C6-E"",""model"":""GEMINI"",""oracle"":""alpha"",""population"":""PP"",""reasoning_regime"":""BASELINE"",""replicate"":""RUN1"",""rhs"":""C6-EX""}",7dc70f80abf968615843b5d5e7b7f8308ffcc5adcd307ccebabc7453ca1c863c,9063229820421892193,GEMINI,ALPHA,BASELINE,REPAIRED,1,PP,FREE8,B1,IC-b,C6-E,C6-EX,39,0.1804802405094693,0.0,0.4341350571143019,0,412,9588,0.0825917408259174,deaafefb801fd3d8ca12b894b3932269a55e9ff8bae8ef75582c834cb5ae2f49,PP_BASELINE_REPAIRED_FREE8_google_gemini31flashlite_B1_IC-b_R1,V13_SUPPLEMENTAL_SHA256_STREAM,0.9911008899110088,False
PP_CONTRAST,"{""action_space"":""FREE8"",""analysis_id"":""PP_CONTRAST"",""budget"":""B1"",""execution_policy"":""REPAIRED"",""information_condition"":""IC-b"",""lhs"":""C5"",""model"":""GEMINI"",""oracle"":""beta"",""population"":""PP"",""reasoning_regime"":""BASELINE"",""replicate"":""RUN1"",""rhs"":""C4""}",43940f1b3d57ec3f82adf42ab7273751153ccdadbc2b799bbc9d996edb713397,4869533706762054719,GEMINI,BETA,BASELINE,REPAIRED,1,PP,FREE8,B1,IC-b,C5,C4,51,0.0064752808899405,-0.0064292914452231,0.0214348562212622,1657,0,8343,0.3315668433156684,b1d66f7d410739243ab03d5f7a5811dfaf5c268ca35a8f3b6c283ad31793feb4,PP_BASELINE_REPAIRED_FREE8_google_gemini31flashlite_B1_IC-b_R1,V13_SUPPLEMENTAL_SHA256_STREAM,1.0,False
PP_CONTRAST,"{""action_space"":""FREE8"",""analysis_id"":""PP_CONTRAST"",""budget"":""B1"",""execution_policy"":""REPAIRED"",""information_condition"":""IC-b"",""lhs"":""C4R"",""model"":""GEMINI"",""oracle"":""beta"",""population"":""PP"",""reasoning_regime"":""BASELINE"",""replicate"":""RUN1"",""rhs"":""C4""}",85b9d8d7fcec4b0566cc36524614b74798a4cbbc1739bd098345f97bda29bec2,9635971299908799237,GEMINI,BETA,BASELINE,REPAIRED,1,PP,FREE8,B1,IC-b,C4R,C4,45,-0.0047389987584266,-0.0159887371285751,0.0017841801488486,7346,4,2650,0.5309469053094691,6f0a641a47269b5428dae9ca7b4e4741f31de0d7f76b7d3138f5a6259dc09eef,PP_BASELINE_REPAIRED_FREE8_google_gemini31flashlite_B1_IC-b_R1,V13_SUPPLEMENTAL_SHA256_STREAM,1.0,False
PP_CONTRAST,"{""action_space"":""FREE8"",""analysis_id"":""PP_CONTRAST"",""budget"":""B1"",""execution_policy"":""REPAIRED"",""information_condition"":""IC-b"",""lhs"":""C6-E"",""model"":""GEMINI"",""oracle"":""beta"",""population"":""PP"",""reasoning_regime"":""BASELINE"",""replicate"":""RUN1"",""rhs"":""C4R""}",6f295aac9b73cb2ef144e5a0cdb4f36bb132414e5c26d5771dc83bfcd194a68f,8010033109644069678,GEMINI,BETA,BASELINE,REPAIRED,1,PP,FREE8,B1,IC-b,C6-E,C4R,44,0.0078090997861586,-0.0034043446946913,0.0207170987945226,976,0,9024,0.1953804619538046,615b853341b5be54d38ae00aea52225a40e6b7a4bc5e49dafa793ef5884bbb92,PP_BASELINE_REPAIRED_FREE8_google_gemini31flashlite_B1_IC-b_R1,V13_SUPPLEMENTAL_SHA256_STREAM,1.0,False
PP_CONTRAST,"{""action_space"":""FREE8"",""analysis_id"":""PP_CONTRAST"",""budget"":""B1"",""execution_policy"":""REPAIRED"",""information_condition"":""IC-b"",""lhs"":""C6-E"",""model"":""GEMINI"",""oracle"":""beta"",""population"":""PP"",""reasoning_regime"":""BASELINE"",""replicate"":""RUN1"",""rhs"":""C6-EX""}",b3e0961d8fafdcd43db1edc76226a250365ca7026b11b2476b0533392d08cbd7,12961524781281172692,GEMINI,BETA,BASELINE,REPAIRED,1,PP,FREE8,B1,IC-b,C6-E,C6-EX,39,0.0152807354633251,-0.0031334003679416,0.0389738334232466,605,0,9395,0.1211878812118788,89ace403dc36e4eef68531c34d8772dc32b8fa8cba3f2ec3683f3608f98881c8,PP_BASELINE_REPAIRED_FREE8_google_gemini31flashlite_B1_IC-b_R1,V13_SUPPLEMENTAL_SHA256_STREAM,1.0,False
PP_CONTRAST,"{""action_space"":""FREE8"",""analysis_id"":""PP_CONTRAST"",""budget"":""B1"",""execution_policy"":""REPAIRED"",""information_condition"":""IC-b"",""lhs"":""C5"",""model"":""GEMINI"",""oracle"":""gamma"",""population"":""PP"",""reasoning_regime"":""BASELINE"",""replicate"":""RUN1"",""rhs"":""C4""}",279663435a4ddba65cdb2911ed4f44707ef78b66955a750dbac15bea1acdc798,2852576554914798502,GEMINI,GAMMA,BASELINE,REPAIRED,1,PP,FREE8,B1,IC-b,C5,C4,51,0.0353000045717611,-0.0052951405176443,0.1085475839741055,1260,478,8262,0.3477652234776522,72544395442d3e8d33e7ae868db5615122384d25d889c9dbdf79c4f5c2f0d428,PP_BASELINE_REPAIRED_FREE8_google_gemini31flashlite_B1_IC-b_R1,V13_SUPPLEMENTAL_SHA256_STREAM,1.0,False
PP_CONTRAST,"{""action_space"":""FREE8"",""analysis_id"":""PP_CONTRAST"",""budget"":""B1"",""execution_policy"":""REPAIRED"",""information_condition"":""IC-b"",""lhs"":""C4R"",""model"":""GEMINI"",""oracle"":""gamma"",""population"":""PP"",""reasoning_regime"":""BASELINE"",""replicate"":""RUN1"",""rhs"":""C4""}",2d01ce64b0f13ff3a3f07bc057f83a82afe23e76365dbf0b85cc81d0214de6e5,3243100138544119795,GEMINI,GAMMA,BASELINE,REPAIRED,1,PP,FREE8,B1,IC-b,C4R,C4,45,0.0,0.0,0.0,0,10000,0,1.0,f8c784aa6b57396e7c5e094c34d079d8252473e46e2f60593a921dbebf941fcc,PP_BASELINE_REPAIRED_FREE8_google_gemini31flashlite_B1_IC-b_R1,V13_SUPPLEMENTAL_SHA256_STREAM,1.0,False
PP_CONTRAST,"{""action_space"":""FREE8"",""analysis_id"":""PP_CONTRAST"",""budget"":""B1"",""execution_policy"":""REPAIRED"",""information_condition"":""IC-b"",""lhs"":""C6-E"",""model"":""GEMINI"",""oracle"":""gamma"",""population"":""PP"",""reasoning_regime"":""BASELINE"",""replicate"":""RUN1"",""rhs"":""C4R""}",0f5ef1544b3ba54b1b9de31487b2169d0ae91a08c87ba1b0251f6ae3a101c6e2,1107587902721467723,GEMINI,GAMMA,BASELINE,REPAIRED,1,PP,FREE8,B1,IC-b,C6-E,C4R,44,0.0095647822007189,-0.0181007101521334,0.0447828409574944,2974,15,7011,0.597940205979402,b2efbefd43c06c2e84a3efc6cb8ed55a49025df27f06620aff65018661e65144,PP_BASELINE_REPAIRED_FREE8_google_gemini31flashlite_B1_IC-b_R1,V13_SUPPLEMENTAL_SHA256_STREAM,1.0,False
PP_CONTRAST,"{""action_space"":""FREE8"",""analysis_id"":""PP_CONTRAST"",""budget"":""B1"",""execution_policy"":""REPAIRED"",""information_condition"":""IC-b"",""lhs"":""C6-E"",""model"":""GEMINI"",""oracle"":""gamma"",""population"":""PP"",""reasoning_regime"":""BASELINE"",""replicate"":""RUN1"",""rhs"":""C6-EX""}",84cb8b2d0532d81321c076a94f4e35e030b9f965b6ff36fa335d90f7f94ac979,9568894858755758099,GEMINI,GAMMA,BASELINE,REPAIRED,1,PP,FREE8,B1,IC-b,C6-E,C6-EX,39,-0.0016084263316806,-0.0314966739987868,0.035040656469807,5702,3,4295,0.8597140285971403,b3f0b8f1dc7cebb01933b6e8404f01ef3e67a31c59f42fe5ac7c7823069b0a27,PP_BASELINE_REPAIRED_FREE8_google_gemini31flashlite_B1_IC-b_R1,V13_SUPPLEMENTAL_SHA256_STREAM,1.0,False
PP_CONTRAST,"{""action_space"":""CANDIDATE9"",""analysis_id"":""PP_CONTRAST"",""budget"":""B1"",""execution_policy"":""REPAIRED"",""information_condition"":""IC-b"",""lhs"":""C4R"",""model"":""GEMINI"",""oracle"":""alpha"",""population"":""PP"",""reasoning_regime"":""BASELINE"",""replicate"":""RUN1"",""rhs"":""C4""}",9f8dd01146637a217448473560d3b59bfd7aa95965dd323a1b72bd11074df19a,11497074196360690209,GEMINI,ALPHA,BASELINE,REPAIRED,1,PP,CANDIDATE9,B1,IC-b,C4R,C4,575,-0.0389563679018802,-0.0841129266477982,0.0034159486775749,9644,0,356,0.0713928607139286,1040b6d3fcd437be4097f61beed05da783a43918215ce8b1b7804da44c480aee,PP_BASELINE_REPAIRED_CANDIDATE9_google_gemini31flashlite_B1_IC-b_R1,V13_SUPPLEMENTAL_SHA256_STREAM,0.2655734426557344,False
PP_CONTRAST,"{""action_space"":""CANDIDATE9"",""analysis_id"":""PP_CONTRAST"",""budget"":""B1"",""execution_policy"":""REPAIRED"",""information_condition"":""IC-b"",""lhs"":""C6-E"",""model"":""GEMINI"",""oracle"":""alpha"",""population"":""PP"",""reasoning_regime"":""BASELINE"",""replicate"":""RUN1"",""rhs"":""C4R""}",d114af95fe370316acfd0e208445081f42799bf6b87a66310f05bfdca3274a7e,15065859712211157782,GEMINI,ALPHA,BASELINE,REPAIRED,1,PP,CANDIDATE9,B1,IC-b,C6-E,C4R,575,0.043963715540386,-0.0032984307116155,0.0950731375678076,331,0,9669,0.0663933606639336,371b0822f8c99097ef0ea59bee4358eaf447debd9c40d6a57b512077fb42aa20,PP_BASELINE_REPAIRED_CANDIDATE9_google_gemini31flashlite_B1_IC-b_R1,V13_SUPPLEMENTAL_SHA256_STREAM,0.2655734426557344,False
PP_CONTRAST,"{""action_space"":""CANDIDATE9"",""analysis_id"":""PP_CONTRAST"",""budget"":""B1"",""execution_policy"":""REPAIRED"",""information_condition"":""IC-b"",""lhs"":""C4R"",""model"":""GEMINI"",""oracle"":""beta"",""population"":""PP"",""reasoning_regime"":""BASELINE"",""replicate"":""RUN1"",""rhs"":""C4""}",56d02b761bfb4d88cb743dfe39e4dd33ad8a523798f94740e1be2be548870c84,6255547668693208456,GEMINI,BETA,BASELINE,REPAIRED,1,PP,CANDIDATE9,B1,IC-b,C4R,C4,575,-0.02049837693259,-0.0346855357560419,-0.0096541125920892,10000,0,0,0.0001999800019998,17e7513871d3f8143bcd1a8b71596c0e932ff78c2066615403e650d7a0fa79b5,PP_BASELINE_REPAIRED_CANDIDATE9_google_gemini31flashlite_B1_IC-b_R1,V13_SUPPLEMENTAL_SHA256_STREAM,0.0011998800119988,True
PP_CONTRAST,"{""action_space"":""CANDIDATE9"",""analysis_id"":""PP_CONTRAST"",""budget"":""B1"",""execution_policy"":""REPAIRED"",""information_condition"":""IC-b"",""lhs"":""C6-E"",""model"":""GEMINI"",""oracle"":""beta"",""population"":""PP"",""reasoning_regime"":""BASELINE"",""replicate"":""RUN1"",""rhs"":""C4R""}",dde4d24603344945fbf564ceaf456f8cead0ffb47e7213fdf7d2eb94d39d08d7,15989135775215405381,GEMINI,BETA,BASELINE,REPAIRED,1,PP,CANDIDATE9,B1,IC-b,C6-E,C4R,575,0.0070278699012458,-0.0126644977634561,0.0262376313728123,2280,0,7720,0.4561543845615438,7d4cb0f57596cd4bded482c5c60bb5e2fab50c5c22c1c155dc1c38e6fad3e4e2,PP_BASELINE_REPAIRED_CANDIDATE9_google_gemini31flashlite_B1_IC-b_R1,V13_SUPPLEMENTAL_SHA256_STREAM,0.4561543845615438,False
PP_CONTRAST,"{""action_space"":""CANDIDATE9"",""analysis_id"":""PP_CONTRAST"",""budget"":""B1"",""execution_policy"":""REPAIRED"",""information_condition"":""IC-b"",""lhs"":""C4R"",""model"":""GEMINI"",""oracle"":""gamma"",""population"":""PP"",""reasoning_regime"":""BASELINE"",""replicate"":""RUN1"",""rhs"":""C4""}",88f35fdcee6f49f49d7df96e391e4f5d2728fd6827e5b3c286a8b73beb30df5a,9868336610996603380,GEMINI,GAMMA,BASELINE,REPAIRED,1,PP,CANDIDATE9,B1,IC-b,C4R,C4,575,-0.0130183556974263,-0.0330174596818582,0.0058122446024364,9079,0,921,0.1843815618438156,2798e49ae7fcdf2e8bd38c9354e48bec36dc87fdfdefca9ff6b13fb01d5e4e07,PP_BASELINE_REPAIRED_CANDIDATE9_google_gemini31flashlite_B1_IC-b_R1,V13_SUPPLEMENTAL_SHA256_STREAM,0.3687631236876312,False
PP_CONTRAST,"{""action_space"":""CANDIDATE9"",""analysis_id"":""PP_CONTRAST"",""budget"":""B1"",""execution_policy"":""REPAIRED"",""information_condition"":""IC-b"",""lhs"":""C6-E"",""model"":""GEMINI"",""oracle"":""gamma"",""population"":""PP"",""reasoning_regime"":""BASELINE"",""replicate"":""RUN1"",""rhs"":""C4R""}",20f8b1a78ab9e40372ecbced1e5efbca310519d59ed00695c7fff23243ff68c5,2375844136583029763,GEMINI,GAMMA,BASELINE,REPAIRED,1,PP,CANDIDATE9,B1,IC-b,C6-E,C4R,575,0.0310977764226662,0.009338035681438,0.05394886009641,21,0,9979,0.0043995600439956,136b138a3c46ac47d697f73367319d1efcdccace292a78bbc7d563ccad3e1165,PP_BASELINE_REPAIRED_CANDIDATE9_google_gemini31flashlite_B1_IC-b_R1,V13_SUPPLEMENTAL_SHA256_STREAM,0.021997800219978,True
PP_CONTRAST,"{""action_space"":""FREE8"",""analysis_id"":""PP_CONTRAST"",""budget"":""BINF"",""execution_policy"":""REPAIRED"",""information_condition"":""IC-b"",""lhs"":""C5"",""model"":""GEMINI"",""oracle"":""alpha"",""population"":""PP"",""reasoning_regime"":""BASELINE"",""replicate"":""RUN1"",""rhs"":""C4""}",d1d6e6103bb7c0d21f290a1ba268c96175268c47123d4551bc8100c9b86cf39c,15120525756338782418,GEMINI,ALPHA,BASELINE,REPAIRED,1,PP,FREE8,BINF,IC-b,C5,C4,575,-0.0714651445584745,-0.1633298891742191,0.0205473961150778,9345,0,655,0.1311868813118688,dad00ec7c19448ee199d87d2ec5e0d4edf4c89a82ca14df182a375e11974a68e,PP_BASELINE_REPAIRED_FREE8_google_gemini31flashlite_BINF_IC-b_R1,V13_SUPPLEMENTAL_SHA256_STREAM,0.967903209679032,False
PP_CONTRAST,"{""action_space"":""FREE8"",""analysis_id"":""PP_CONTRAST"",""budget"":""BINF"",""execution_policy"":""REPAIRED"",""information_condition"":""IC-b"",""lhs"":""C4R"",""model"":""GEMINI"",""oracle"":""alpha"",""population"":""PP"",""reasoning_regime"":""BASELINE"",""replicate"":""RUN1"",""rhs"":""C4""}",7b435604124b6644f9755d023561fff2827ec3b5c7c25c0d43282a325b23b5d4,8882037465591539268,GEMINI,ALPHA,BASELINE,REPAIRED,1,PP,FREE8,BINF,IC-b,C4R,C4,575,0.1427225405629058,0.0878198948439979,0.2003357565902315,0,0,10000,0.0001999800019998,8bcfabddf54761a1a6609b889e4d41fb744032f5ae3e57ae003b540ca1781587,PP_BASELINE_REPAIRED_FREE8_google_gemini31flashlite_BINF_IC-b_R1,V13_SUPPLEMENTAL_SHA256_STREAM,0.0023997600239976,True
PP_CONTRAST,"{""action_space"":""FREE8"",""analysis_id"":""PP_CONTRAST"",""budget"":""BINF"",""execution_policy"":""REPAIRED"",""information_condition"":""IC-b"",""lhs"":""C6-E"",""model"":""GEMINI"",""oracle"":""alpha"",""population"":""PP"",""reasoning_regime"":""BASELINE"",""replicate"":""RUN1"",""rhs"":""C4R""}",da9028e2061a68dcfbae45240d02aeb669a70a2dabf2ffb44f2c8e7ee3ed28d1,15749132848144738524,GEMINI,ALPHA,BASELINE,REPAIRED,1,PP,FREE8,BINF,IC-b,C6-E,C4R,575,0.0180376742055013,-0.0534269750290661,0.0895034598840797,3066,0,6934,0.6133386661333866,698c38ee6d88f842f333117548421434360772654ba598061a15c5e61b9d743d,PP_BASELINE_REPAIRED_FREE8_google_gemini31flashlite_BINF_IC-b_R1,V13_SUPPLEMENTAL_SHA256_STREAM,1.0,False
PP_CONTRAST,"{""action_space"":""FREE8"",""analysis_id"":""PP_CONTRAST"",""budget"":""BINF"",""execution_policy"":""REPAIRED"",""information_condition"":""IC-b"",""lhs"":""C6-E"",""model"":""GEMINI"",""oracle"":""alpha"",""population"":""PP"",""reasoning_regime"":""BASELINE"",""replicate"":""RUN1"",""rhs"":""C6-EX""}",1fe54dd8e8a5eba033c352073902a8993d601c08d1e8b09ab582443f1ee67c76,2298328778853968800,GEMINI,ALPHA,BASELINE,REPAIRED,1,PP,FREE8,BINF,IC-b,C6-E,C6-EX,574,0.0520637559924841,-0.012288268099741,0.1174827948564054,604,0,9396,0.120987901209879,6d2bddea52bec11524d7bbec001911a27bf1b3dfb124e65e36eb5635ff0fe2dc,PP_BASELINE_REPAIRED_FREE8_google_gemini31flashlite_BINF_IC-b_R1,V13_SUPPLEMENTAL_SHA256_STREAM,0.967903209679032,False
PP_CONTRAST,"{""action_space"":""FREE8"",""analysis_id"":""PP_CONTRAST"",""budget"":""BINF"",""execution_policy"":""REPAIRED"",""information_condition"":""IC-b"",""lhs"":""C5"",""model"":""GEMINI"",""oracle"":""beta"",""population"":""PP"",""reasoning_regime"":""BASELINE"",""replicate"":""RUN1"",""rhs"":""C4""}",b3daab2c6d5ec3bddc86f5038d8cb7a89cd8150488c215bbebba0d70a4109231,12959859085013861309,GEMINI,BETA,BASELINE,REPAIRED,1,PP,FREE8,BINF,IC-b,C5,C4,575,-0.0097248152150484,-0.0554699738764624,0.0344601823787904,6642,0,3358,0.6717328267173283,d75df84c0490507f445505eb19eef53423e8ebee3ee88b35f11fcfa6f51b77e7,PP_BASELINE_REPAIRED_FREE8_google_gemini31flashlite_BINF_IC-b_R1,V13_SUPPLEMENTAL_SHA256_STREAM,1.0,False
PP_CONTRAST,"{""action_space"":""FREE8"",""analysis_id"":""PP_CONTRAST"",""budget"":""BINF"",""execution_policy"":""REPAIRED"",""information_condition"":""IC-b"",""lhs"":""C4R"",""model"":""GEMINI"",""oracle"":""beta"",""population"":""PP"",""reasoning_regime"":""BASELINE"",""replicate"":""RUN1"",""rhs"":""C4""}",8df5a1dfb73041c02bcc24811945aff4cc6af7735a3e9352c8b64a4a2bc3b916,10229260110865121728,GEMINI,BETA,BASELINE,REPAIRED,1,PP,FREE8,BINF,IC-b,C4R,C4,575,0.0188831093344678,0.0142599224034977,0.0238924856184279,0,0,10000,0.0001999800019998,5692affd4d653f458f2ee5defb3730dc4d13d1adc84800b791012c253511e4aa,PP_BASELINE_REPAIRED_FREE8_google_gemini31flashlite_BINF_IC-b_R1,V13_SUPPLEMENTAL_SHA256_STREAM,0.0023997600239976,True
PP_CONTRAST,"{""action_space"":""FREE8"",""analysis_id"":""PP_CONTRAST"",""budget"":""BINF"",""execution_policy"":""REPAIRED"",""information_condition"":""IC-b"",""lhs"":""C6-E"",""model"":""GEMINI"",""oracle"":""beta"",""population"":""PP"",""reasoning_regime"":""BASELINE"",""replicate"":""RUN1"",""rhs"":""C4R""}",61c06f909c085d3537720e3794ba68bfda0ea93f6c0df7856146e3e6b6c7f059,7043752484091223349,GEMINI,BETA,BASELINE,REPAIRED,1,PP,FREE8,BINF,IC-b,C6-E,C4R,575,0.0049455856284697,-0.0150881348060243,0.0236048790919745,3008,0,6992,0.6017398260173983,9fc29d1e9655a7a42d5a755ef733162f6cdf4f213ff905c500e7fb1c5e18f746,PP_BASELINE_REPAIRED_FREE8_google_gemini31flashlite_BINF_IC-b_R1,V13_SUPPLEMENTAL_SHA256_STREAM,1.0,False
PP_CONTRAST,"{""action_space"":""FREE8"",""analysis_id"":""PP_CONTRAST"",""budget"":""BINF"",""execution_policy"":""REPAIRED"",""information_condition"":""IC-b"",""lhs"":""C6-E"",""model"":""GEMINI"",""oracle"":""beta"",""population"":""PP"",""reasoning_regime"":""BASELINE"",""replicate"":""RUN1"",""rhs"":""C6-EX""}",51c10f6d941ed6a2a8f0366421b9a4517b4751fe25190c6a5286652a3388b8fb,5891006750888220322,GEMINI,BETA,BASELINE,REPAIRED,1,PP,FREE8,BINF,IC-b,C6-E,C6-EX,574,0.0137175945536405,-0.0021787582660553,0.0301977904588446,452,0,9548,0.0905909409059094,2bf0bccf22832448a1c70377afda8758e140b95e189fe32c59d483a4e754fbab,PP_BASELINE_REPAIRED_FREE8_google_gemini31flashlite_BINF_IC-b_R1,V13_SUPPLEMENTAL_SHA256_STREAM,0.8153184681531845,False
PP_CONTRAST,"{""action_space"":""FREE8"",""analysis_id"":""PP_CONTRAST"",""budget"":""BINF"",""execution_policy"":""REPAIRED"",""information_condition"":""IC-b"",""lhs"":""C5"",""model"":""GEMINI"",""oracle"":""gamma"",""population"":""PP"",""reasoning_regime"":""BASELINE"",""replicate"":""RUN1"",""rhs"":""C4""}",3e1ee2fdce6c7ec4be73beed367c268bcdc41841032d397e1a24672ae1b58a4b,4476264659370671812,GEMINI,GAMMA,BASELINE,REPAIRED,1,PP,FREE8,BINF,IC-b,C5,C4,575,-0.0034461906496072,-0.0407297664444296,0.033864819510424,5768,0,4232,0.8465153484651535,7ce4b580016d4b3c9e27a0157ed00b232b0e79b2658c83c31a8281a86ab204b8,PP_BASELINE_REPAIRED_FREE8_google_gemini31flashlite_BINF_IC-b_R1,V13_SUPPLEMENTAL_SHA256_STREAM,1.0,False
PP_CONTRAST,"{""action_space"":""FREE8"",""analysis_id"":""PP_CONTRAST"",""budget"":""BINF"",""execution_policy"":""REPAIRED"",""information_condition"":""IC-b"",""lhs"":""C4R"",""model"":""GEMINI"",""oracle"":""gamma"",""population"":""PP"",""reasoning_regime"":""BASELINE"",""replicate"":""RUN1"",""rhs"":""C4""}",d7bce1a79dcbca0dbc4baf150f3478ba96fa19c41a7befc3eccdf87cd0a82bb6,15545548123799276045,GEMINI,GAMMA,BASELINE,REPAIRED,1,PP,FREE8,BINF,IC-b,C4R,C4,575,0.0290910945537854,0.0152891651272679,0.0445321120744332,0,0,10000,0.0001999800019998,97b3516ebdf1f2c304e8b5b613cb1b4f6132119be98eef94bf9aba0020b90dde,PP_BASELINE_REPAIRED_FREE8_google_gemini31flashlite_BINF_IC-b_R1,V13_SUPPLEMENTAL_SHA256_STREAM,0.0023997600239976,True
PP_CONTRAST,"{""action_space"":""FREE8"",""analysis_id"":""PP_CONTRAST"",""budget"":""BINF"",""execution_policy"":""REPAIRED"",""information_condition"":""IC-b"",""lhs"":""C6-E"",""model"":""GEMINI"",""oracle"":""gamma"",""population"":""PP"",""reasoning_regime"":""BASELINE"",""replicate"":""RUN1"",""rhs"":""C4R""}",50a5a885845a4c80f684c4153f9bd7b69858273bff14a14a08745ba0647fe8d3,5811236185596120192,GEMINI,GAMMA,BASELINE,REPAIRED,1,PP,FREE8,BINF,IC-b,C6-E,C4R,575,0.0071957839822742,-0.0167429571770293,0.0317865769475683,2769,0,7231,0.553944605539446,8c40e83e64f194cc7cb1343ebfae7a3a37e55682f0fa4d92bde25930e5848013,PP_BASELINE_REPAIRED_FREE8_google_gemini31flashlite_BINF_IC-b_R1,V13_SUPPLEMENTAL_SHA256_STREAM,1.0,False
PP_CONTRAST,"{""action_space"":""FREE8"",""analysis_id"":""PP_CONTRAST"",""budget"":""BINF"",""execution_policy"":""REPAIRED"",""information_condition"":""IC-b"",""lhs"":""C6-E"",""model"":""GEMINI"",""oracle"":""gamma"",""population"":""PP"",""reasoning_regime"":""BASELINE"",""replicate"":""RUN1"",""rhs"":""C6-EX""}",0f4f8e5ec9811edf6a436ce800eb7ebda867649ac8c42ecd1b693c0278fd265c,1103256971487813343,GEMINI,GAMMA,BASELINE,REPAIRED,1,PP,FREE8,BINF,IC-b,C6-E,C6-EX,574,0.0091371656161701,-0.0164552730176905,0.0357139599892269,2435,0,7565,0.4871512848715128,0145886ec6d561dd65a325977e1c71caf65913fd7b4890ffbc697d28aae7e03e,PP_BASELINE_REPAIRED_FREE8_google_gemini31flashlite_BINF_IC-b_R1,V13_SUPPLEMENTAL_SHA256_STREAM,1.0,False
PP_CONTRAST,"{""action_space"":""FREE8"",""analysis_id"":""PP_CONTRAST"",""budget"":""B1"",""execution_policy"":""REPAIRED"",""information_condition"":""IC-b"",""lhs"":""C4R"",""model"":""GEMINI"",""oracle"":""alpha"",""population"":""PP"",""reasoning_regime"":""BASELINE"",""replicate"":""RUN2"",""rhs"":""C4""}",2c4a0c243a0add45d15245d8b75f8f0848aae7a4f3619b302621b64b3453ffea,3191376635677564229,GEMINI,ALPHA,BASELINE,REPAIRED,2,PP,FREE8,B1,IC-b,C4R,C4,63,-0.0391834954328141,-0.1175504862984424,0.0,6317,3683,0,0.7367263273672633,0233aeadc7f3cf8d8fa508391db2adfbbbda85d21dc0e1c13fbe055ad65f7912,PP_BASELINE_REPAIRED_FREE8_google_gemini31flashlite_B1_IC-b_R2,V13_SUPPLEMENTAL_SHA256_STREAM,1.0,False
PP_CONTRAST,"{""action_space"":""FREE8"",""analysis_id"":""PP_CONTRAST"",""budget"":""B1"",""execution_policy"":""REPAIRED"",""information_condition"":""IC-b"",""lhs"":""C6-E"",""model"":""GEMINI"",""oracle"":""alpha"",""population"":""PP"",""reasoning_regime"":""BASELINE"",""replicate"":""RUN2"",""rhs"":""C4R""}",ec6adfc9fd75f4ba35df8d84ac11a3bc251a2a693578e34aed283453e1fc18f0,17035674599116108986,GEMINI,ALPHA,BASELINE,REPAIRED,2,PP,FREE8,B1,IC-b,C6-E,C4R,56,0.0890821218980611,0.0,0.2361614995665766,0,1297,8703,0.2595740425957404,62653e42a7f3af1a7a000a53c6951ae3f4665e5f0372e23b584ac5a719e7cf8a,PP_BASELINE_REPAIRED_FREE8_google_gemini31flashlite_B1_IC-b_R2,V13_SUPPLEMENTAL_SHA256_STREAM,1.0,False
PP_CONTRAST,"{""action_space"":""FREE8"",""analysis_id"":""PP_CONTRAST"",""budget"":""B1"",""execution_policy"":""REPAIRED"",""information_condition"":""IC-b"",""lhs"":""C4R"",""model"":""GEMINI"",""oracle"":""beta"",""population"":""PP"",""reasoning_regime"":""BASELINE"",""replicate"":""RUN2"",""rhs"":""C4""}",ab669e88ce287d0bb377a34316f9aaabfad4b6a587014c18fd5380fca6e23362,12350733338521664779,GEMINI,BETA,BASELINE,REPAIRED,2,PP,FREE8,B1,IC-b,C4R,C4,63,0.0020219041153967,-0.0056751915665871,0.0110198659217804,3108,0,6892,0.6217378262173783,8d686517f8da0aac0f00a333df49b02f7d1b4b6068a344b54f75ec24a36059e4,PP_BASELINE_REPAIRED_FREE8_google_gemini31flashlite_B1_IC-b_R2,V13_SUPPLEMENTAL_SHA256_STREAM,1.0,False
PP_CONTRAST,"{""action_space"":""FREE8"",""analysis_id"":""PP_CONTRAST"",""budget"":""B1"",""execution_policy"":""REPAIRED"",""information_condition"":""IC-b"",""lhs"":""C6-E"",""model"":""GEMINI"",""oracle"":""beta"",""population"":""PP"",""reasoning_regime"":""BASELINE"",""replicate"":""RUN2"",""rhs"":""C4R""}",521c26f3585d1dfcbc49f95a778db667368c3e2449a153f8c1852b9da37068e0,5916646837059395068,GEMINI,BETA,BASELINE,REPAIRED,2,PP,FREE8,B1,IC-b,C6-E,C4R,56,0.0110145945506737,-0.0043610274775475,0.0369332713108545,2065,0,7935,0.4131586841315868,28024106fdeb93bd137982640afa33e84c15a7826634d6a4c0273b491e4d8fdc,PP_BASELINE_REPAIRED_FREE8_google_gemini31flashlite_B1_IC-b_R2,V13_SUPPLEMENTAL_SHA256_STREAM,1.0,False
PP_CONTRAST,"{""action_space"":""FREE8"",""analysis_id"":""PP_CONTRAST"",""budget"":""B1"",""execution_policy"":""REPAIRED"",""information_condition"":""IC-b"",""lhs"":""C4R"",""model"":""GEMINI"",""oracle"":""gamma"",""population"":""PP"",""reasoning_regime"":""BASELINE"",""replicate"":""RUN2"",""rhs"":""C4""}",bcaff1bc5c6e2800c355be55e80a3ae2a3df1e1e752446824f3a30ed0940e73f,13596351591361685504,GEMINI,GAMMA,BASELINE,REPAIRED,2,PP,FREE8,B1,IC-b,C4R,C4,63,-0.0115295447403441,-0.0401608164882529,0.0088320224705923,7560,483,1957,0.4881511848815118,4a0c4becc20dd32917aa3ad2d7a89f116d84bfade2395711356a3cdf8437b0c9,PP_BASELINE_REPAIRED_FREE8_google_gemini31flashlite_B1_IC-b_R2,V13_SUPPLEMENTAL_SHA256_STREAM,1.0,False
PP_CONTRAST,"{""action_space"":""FREE8"",""analysis_id"":""PP_CONTRAST"",""budget"":""B1"",""execution_policy"":""REPAIRED"",""information_condition"":""IC-b"",""lhs"":""C6-E"",""model"":""GEMINI"",""oracle"":""gamma"",""population"":""PP"",""reasoning_regime"":""BASELINE"",""replicate"":""RUN2"",""rhs"":""C4R""}",1493444f35033ad3dfb735b074708b0b0fe1a0ae98b9206681894e96bd8b8620,1482603809317534419,GEMINI,GAMMA,BASELINE,REPAIRED,2,PP,FREE8,B1,IC-b,C6-E,C4R,56,-0.000491831233418,-0.0136033455082095,0.0147987656056941,5273,474,4253,0.9455054494550544,128c147ef68391747433617cbe9cfd8691ea04d9cc9d4c608c7e3cdc53654e94,PP_BASELINE_REPAIRED_FREE8_google_gemini31flashlite_B1_IC-b_R2,V13_SUPPLEMENTAL_SHA256_STREAM,1.0,False
PP_CONTRAST,"{""action_space"":""FREE8"",""analysis_id"":""PP_CONTRAST"",""budget"":""BINF"",""execution_policy"":""REPAIRED"",""information_condition"":""IC-b"",""lhs"":""C4R"",""model"":""GEMINI"",""oracle"":""alpha"",""population"":""PP"",""reasoning_regime"":""BASELINE"",""replicate"":""RUN2"",""rhs"":""C4""}",311944eb6d8754907ab8f8d6db4db7eaeb93bd662d32170cca2d7a060ab1ee3e,3537934760221824144,GEMINI,ALPHA,BASELINE,REPAIRED,2,PP,FREE8,BINF,IC-b,C4R,C4,575,0.1150247223394299,0.0684810299894116,0.1667396139454187,0,0,10000,0.0001999800019998,4cb04dfa2cc3d065ce7b08a97660ac2527b6df574c0d030eb3edea60889311aa,PP_BASELINE_REPAIRED_FREE8_google_gemini31flashlite_BINF_IC-b_R2,V13_SUPPLEMENTAL_SHA256_STREAM,0.0011998800119988,True
PP_CONTRAST,"{""action_space"":""FREE8"",""analysis_id"":""PP_CONTRAST"",""budget"":""BINF"",""execution_policy"":""REPAIRED"",""information_condition"":""IC-b"",""lhs"":""C6-E"",""model"":""GEMINI"",""oracle"":""alpha"",""population"":""PP"",""reasoning_regime"":""BASELINE"",""replicate"":""RUN2"",""rhs"":""C4R""}",4e4dbdd287440878c3a609e468985818cbc2ac9b60c999186cf8a6c5f71cc7a8,5642374620075264120,GEMINI,ALPHA,BASELINE,REPAIRED,2,PP,FREE8,BINF,IC-b,C6-E,C4R,575,0.0586446525913185,-0.0113292792408307,0.1325450158743538,493,0,9507,0.0987901209879012,a0f7c88af1ecb5fd6a6e938f2f58e06d92340f8ed28ac2b7393cf47dc9767403,PP_BASELINE_REPAIRED_FREE8_google_gemini31flashlite_BINF_IC-b_R2,V13_SUPPLEMENTAL_SHA256_STREAM,0.2633736626337366,False
PP_CONTRAST,"{""action_space"":""FREE8"",""analysis_id"":""PP_CONTRAST"",""budget"":""BINF"",""execution_policy"":""REPAIRED"",""information_condition"":""IC-b"",""lhs"":""C4R"",""model"":""GEMINI"",""oracle"":""beta"",""population"":""PP"",""reasoning_regime"":""BASELINE"",""replicate"":""RUN2"",""rhs"":""C4""}",d5cae4aa3e10c02120814a9a16da447a39115460bd1f28be3b053e5fb319f14f,15405376895211061281,GEMINI,BETA,BASELINE,REPAIRED,2,PP,FREE8,BINF,IC-b,C4R,C4,575,0.0347038551005181,0.0146851391334609,0.0595650202935402,0,0,10000,0.0001999800019998,0e07a9b55493dbb9d5eaddb0928b58f21a025a9e24ca667e1d1941e9b4a25d57,PP_BASELINE_REPAIRED_FREE8_google_gemini31flashlite_BINF_IC-b_R2,V13_SUPPLEMENTAL_SHA256_STREAM,0.0011998800119988,True
PP_CONTRAST,"{""action_space"":""FREE8"",""analysis_id"":""PP_CONTRAST"",""budget"":""BINF"",""execution_policy"":""REPAIRED"",""information_condition"":""IC-b"",""lhs"":""C6-E"",""model"":""GEMINI"",""oracle"":""beta"",""population"":""PP"",""reasoning_regime"":""BASELINE"",""replicate"":""RUN2"",""rhs"":""C4R""}",87a3ad6eba60cb342e5ee4fe87773706e3d135c54be1ffa7ebcc3a68abbba6d4,9773846307409021748,GEMINI,BETA,BASELINE,REPAIRED,2,PP,FREE8,BINF,IC-b,C6-E,C4R,575,-0.0037627747426372,-0.0316124884195995,0.0217330197907949,5991,0,4009,0.801919808019198,bf40fd63ca27d77fc36a0ea41b55457c7f5cf56ce9b454073a1bec33d30b6e63,PP_BASELINE_REPAIRED_FREE8_google_gemini31flashlite_BINF_IC-b_R2,V13_SUPPLEMENTAL_SHA256_STREAM,0.801919808019198,False
PP_CONTRAST,"{""action_space"":""FREE8"",""analysis_id"":""PP_CONTRAST"",""budget"":""BINF"",""execution_policy"":""REPAIRED"",""information_condition"":""IC-b"",""lhs"":""C4R"",""model"":""GEMINI"",""oracle"":""gamma"",""population"":""PP"",""reasoning_regime"":""BASELINE"",""replicate"":""RUN2"",""rhs"":""C4""}",0000e226faf81fa85dc7927cac07ed73cc0b932cb881b6bdd50371a9a68e5eb8,248657047199656,GEMINI,GAMMA,BASELINE,REPAIRED,2,PP,FREE8,BINF,IC-b,C4R,C4,575,0.0271389797500414,0.0113740875321942,0.0446298614589156,1,0,9999,0.0003999600039996,e64167c29e6e573f47ad1e075b9a0b890bc79b79300ac0204196ce4f3dd2ca0c,PP_BASELINE_REPAIRED_FREE8_google_gemini31flashlite_BINF_IC-b_R2,V13_SUPPLEMENTAL_SHA256_STREAM,0.0015998400159984,True
PP_CONTRAST,"{""action_space"":""FREE8"",""analysis_id"":""PP_CONTRAST"",""budget"":""BINF"",""execution_policy"":""REPAIRED"",""information_condition"":""IC-b"",""lhs"":""C6-E"",""model"":""GEMINI"",""oracle"":""gamma"",""population"":""PP"",""reasoning_regime"":""BASELINE"",""replicate"":""RUN2"",""rhs"":""C4R""}",fda92f2335505674bc9add2585d537afbba106591ecda12c27d6ea6d8003bb5f,18278192390924686964,GEMINI,GAMMA,BASELINE,REPAIRED,2,PP,FREE8,BINF,IC-b,C6-E,C4R,575,0.0224447176496353,-0.0030823095658405,0.0483223661367012,438,0,9562,0.0877912208779122,001527ff3f1c175ac92cded2c84e3fd04739492be69271fcb0b4c76043c5b018,PP_BASELINE_REPAIRED_FREE8_google_gemini31flashlite_BINF_IC-b_R2,V13_SUPPLEMENTAL_SHA256_STREAM,0.2633736626337366,False
PP_CONTRAST,"{""action_space"":""CANDIDATE9"",""analysis_id"":""PP_CONTRAST"",""budget"":""B1"",""execution_policy"":""REPAIRED"",""information_condition"":""IC-b"",""lhs"":""C4R"",""model"":""GPT"",""oracle"":""alpha"",""population"":""PP"",""reasoning_regime"":""BASELINE"",""replicate"":""RUN1"",""rhs"":""C4""}",4687e99c1a408f4f78f336bbf18a14d72cebaa7b5cf7d91f82d4d368359578db,5082287561175502671,GPT,ALPHA,BASELINE,REPAIRED,1,PP,CANDIDATE9,B1,IC-b,C4R,C4,546,0.0019194589959637,-0.0109856142978426,0.0128282534689377,3473,15,6512,0.6977302269773022,f2b2cd722bd8cdaa9ab1d3831040326d34bea002eabb4a5a0a4c8d522872f371,PP_BASELINE_REPAIRED_CANDIDATE9_openai_gpt54mini_B1_IC-b_R1,V13_SUPPLEMENTAL_SHA256_STREAM,1.0,False
PP_CONTRAST,"{""action_space"":""CANDIDATE9"",""analysis_id"":""PP_CONTRAST"",""budget"":""B1"",""execution_policy"":""REPAIRED"",""information_condition"":""IC-b"",""lhs"":""C6-E"",""model"":""GPT"",""oracle"":""alpha"",""population"":""PP"",""reasoning_regime"":""BASELINE"",""replicate"":""RUN1"",""rhs"":""C4R""}",717dcd815c7c10630ef86f15396d560ca6d3c86fe614d65be5327630ccdba7f8,8177918453860798563,GPT,ALPHA,BASELINE,REPAIRED,1,PP,CANDIDATE9,B1,IC-b,C6-E,C4R,565,0.105852608145628,0.0438239303985051,0.1719461812804412,5,0,9995,0.0011998800119988,17247b2e90f1f36a6dfaff346ee74864d1182184f27acd45c8f1ecff14c9c0ef,PP_BASELINE_REPAIRED_CANDIDATE9_openai_gpt54mini_B1_IC-b_R1,V13_SUPPLEMENTAL_SHA256_STREAM,0.0071992800719927995,True
PP_CONTRAST,"{""action_space"":""CANDIDATE9"",""analysis_id"":""PP_CONTRAST"",""budget"":""B1"",""execution_policy"":""REPAIRED"",""information_condition"":""IC-b"",""lhs"":""C4R"",""model"":""GPT"",""oracle"":""beta"",""population"":""PP"",""reasoning_regime"":""BASELINE"",""replicate"":""RUN1"",""rhs"":""C4""}",54a1a0b348c32e8377716d9989eda81a61cedbf0594f4f2d23475152768425c8,6098332062316703363,GPT,BETA,BASELINE,REPAIRED,1,PP,CANDIDATE9,B1,IC-b,C4R,C4,546,0.0009599123700941,-0.012569559728252,0.0111728377147151,3997,0,6003,0.7995200479952005,256e1682b9abde41e46c9bd3a931c9784d5fe0634191de7f45ee35902b2fe50e,PP_BASELINE_REPAIRED_CANDIDATE9_openai_gpt54mini_B1_IC-b_R1,V13_SUPPLEMENTAL_SHA256_STREAM,1.0,False
PP_CONTRAST,"{""action_space"":""CANDIDATE9"",""analysis_id"":""PP_CONTRAST"",""budget"":""B1"",""execution_policy"":""REPAIRED"",""information_condition"":""IC-b"",""lhs"":""C6-E"",""model"":""GPT"",""oracle"":""beta"",""population"":""PP"",""reasoning_regime"":""BASELINE"",""replicate"":""RUN1"",""rhs"":""C4R""}",4bcd9cf9a1efc28f30f06bfd285849e5416a5d7642094dff21faa5708b77f4a5,5462194519047914127,GPT,BETA,BASELINE,REPAIRED,1,PP,CANDIDATE9,B1,IC-b,C6-E,C4R,565,0.0230108362106953,0.0043464933317048,0.0430077415427461,93,0,9907,0.0187981201879812,5c5060dea802ba80288cd2e1d835369c25e6d158c6b8a2caa8a8670ba38fee17,PP_BASELINE_REPAIRED_CANDIDATE9_openai_gpt54mini_B1_IC-b_R1,V13_SUPPLEMENTAL_SHA256_STREAM,0.09399060093990601,False
PP_CONTRAST,"{""action_space"":""CANDIDATE9"",""analysis_id"":""PP_CONTRAST"",""budget"":""B1"",""execution_policy"":""REPAIRED"",""information_condition"":""IC-b"",""lhs"":""C4R"",""model"":""GPT"",""oracle"":""gamma"",""population"":""PP"",""reasoning_regime"":""BASELINE"",""replicate"":""RUN1"",""rhs"":""C4""}",b43e9b7f0c4c1479cf7ad437fa67c7e45db2718ffdacd11f84bb18ee59ea44c4,12987989345352553593,GPT,GAMMA,BASELINE,REPAIRED,1,PP,CANDIDATE9,B1,IC-b,C4R,C4,546,-0.0026223232955071,-0.0088313991301627,0.002922855831238,8250,0,1750,0.3501649835016498,abe4e96e6c1b0de14ab9945c66042428a429bad404a0f06cb5534df4a15cc895,PP_BASELINE_REPAIRED_CANDIDATE9_openai_gpt54mini_B1_IC-b_R1,V13_SUPPLEMENTAL_SHA256_STREAM,1.0,False
PP_CONTRAST,"{""action_space"":""CANDIDATE9"",""analysis_id"":""PP_CONTRAST"",""budget"":""B1"",""execution_policy"":""REPAIRED"",""information_condition"":""IC-b"",""lhs"":""C6-E"",""model"":""GPT"",""oracle"":""gamma"",""population"":""PP"",""reasoning_regime"":""BASELINE"",""replicate"":""RUN1"",""rhs"":""C4R""}",87874bcced84d8f8fdb0f9002f30b69f32b27df33f73f16b4c38953256af31fe,9765857660506527992,GPT,GAMMA,BASELINE,REPAIRED,1,PP,CANDIDATE9,B1,IC-b,C6-E,C4R,565,0.0259395253200008,-0.000298438421156,0.0530308323916494,265,0,9735,0.0531946805319468,a4c54da1e17b66a1e92fd942d22c12b05d0b002a28d87adabd9a59aec7114550,PP_BASELINE_REPAIRED_CANDIDATE9_openai_gpt54mini_B1_IC-b_R1,V13_SUPPLEMENTAL_SHA256_STREAM,0.2127787221277872,False
PP_CONTRAST,"{""action_space"":""FREE8"",""analysis_id"":""PP_CONTRAST"",""budget"":""BINF"",""execution_policy"":""REPAIRED"",""information_condition"":""IC-b"",""lhs"":""C5"",""model"":""GPT"",""oracle"":""alpha"",""population"":""PP"",""reasoning_regime"":""BASELINE"",""replicate"":""RUN1"",""rhs"":""C4""}",ea69ad3c327888ec509451b6282e2dabaf6a61bc9cd7b78877044d406d001c12,16891222351486159084,GPT,ALPHA,BASELINE,REPAIRED,1,PP,FREE8,BINF,IC-b,C5,C4,370,0.033589635999965,-0.0937054223882858,0.1614212995468932,3022,0,6978,0.6045395460453955,a42b90f8571608460f11f51172f94550c3f60dc2458839f3c25c8823c8bcc29e,PP_BASELINE_REPAIRED_FREE8_openai_gpt54mini_BINF_IC-b_R1,V13_SUPPLEMENTAL_SHA256_STREAM,1.0,False
PP_CONTRAST,"{""action_space"":""FREE8"",""analysis_id"":""PP_CONTRAST"",""budget"":""BINF"",""execution_policy"":""REPAIRED"",""information_condition"":""IC-b"",""lhs"":""C4R"",""model"":""GPT"",""oracle"":""alpha"",""population"":""PP"",""reasoning_regime"":""BASELINE"",""replicate"":""RUN1"",""rhs"":""C4""}",205e382db08a9dede1d908f85d6a0becf6a407677bc9dcc577f469ec7534bcb6,2332363425911053805,GPT,ALPHA,BASELINE,REPAIRED,1,PP,FREE8,BINF,IC-b,C4R,C4,409,0.0211846657967258,-0.0023821268837828,0.0560507056491093,473,186,9341,0.131986801319868,f895ea4ffa1073417f8c23967854634b1da9d13830e6c0711f6e3b000b003400,PP_BASELINE_REPAIRED_FREE8_openai_gpt54mini_BINF_IC-b_R1,V13_SUPPLEMENTAL_SHA256_STREAM,0.65993400659934,False
PP_CONTRAST,"{""action_space"":""FREE8"",""analysis_id"":""PP_CONTRAST"",""budget"":""BINF"",""execution_policy"":""REPAIRED"",""information_condition"":""IC-b"",""lhs"":""C6-E"",""model"":""GPT"",""oracle"":""alpha"",""population"":""PP"",""reasoning_regime"":""BASELINE"",""replicate"":""RUN1"",""rhs"":""C4R""}",b740b151f9d574f0e0bff05666412b3a205756061687c67276cf84557fdc67d2,13204749073092277488,GPT,ALPHA,BASELINE,REPAIRED,1,PP,FREE8,BINF,IC-b,C6-E,C4R,483,0.2460135861278224,0.1531758083633606,0.3399722121183799,0,0,10000,0.0001999800019998,d8bb8aacc92d6a0d914a9769385a8f2d0bae4b28e0f5419370d5c25bdc16ff6e,PP_BASELINE_REPAIRED_FREE8_openai_gpt54mini_BINF_IC-b_R1,V13_SUPPLEMENTAL_SHA256_STREAM,0.0023997600239976,True
PP_CONTRAST,"{""action_space"":""FREE8"",""analysis_id"":""PP_CONTRAST"",""budget"":""BINF"",""execution_policy"":""REPAIRED"",""information_condition"":""IC-b"",""lhs"":""C6-E"",""model"":""GPT"",""oracle"":""alpha"",""population"":""PP"",""reasoning_regime"":""BASELINE"",""replicate"":""RUN1"",""rhs"":""C6-EX""}",55a1e3815c11415e272e3fefbf7279fefc65712f26a38cf6573c40b121565d9d,6170463109209211230,GPT,ALPHA,BASELINE,REPAIRED,1,PP,FREE8,BINF,IC-b,C6-E,C6-EX,458,0.1658487265032691,0.0533363923486011,0.2800039116106199,22,0,9978,0.0045995400459954,bcf261c85e7c1b3d2ef0a526478674314e7565a6f468c8f06f360dac91ecf834,PP_BASELINE_REPAIRED_FREE8_openai_gpt54mini_BINF_IC-b_R1,V13_SUPPLEMENTAL_SHA256_STREAM,0.0413958604139586,True
PP_CONTRAST,"{""action_space"":""FREE8"",""analysis_id"":""PP_CONTRAST"",""budget"":""BINF"",""execution_policy"":""REPAIRED"",""information_condition"":""IC-b"",""lhs"":""C5"",""model"":""GPT"",""oracle"":""beta"",""population"":""PP"",""reasoning_regime"":""BASELINE"",""replicate"":""RUN1"",""rhs"":""C4""}",6474ae30b131eb3070c36aad3d5b0041286c74a76db85be5219ceed6f6fc9751,7238602025245731632,GPT,BETA,BASELINE,REPAIRED,1,PP,FREE8,BINF,IC-b,C5,C4,370,0.0041462097979036,-0.0304876419924026,0.0377211700192293,3989,0,6011,0.797920207979202,d8b2d52ba75c862f6931dcb0de6f9092d96c636d790174e8560c9e1e0529b82a,PP_BASELINE_REPAIRED_FREE8_openai_gpt54mini_BINF_IC-b_R1,V13_SUPPLEMENTAL_SHA256_STREAM,1.0,False
PP_CONTRAST,"{""action_space"":""FREE8"",""analysis_id"":""PP_CONTRAST"",""budget"":""BINF"",""execution_policy"":""REPAIRED"",""information_condition"":""IC-b"",""lhs"":""C4R"",""model"":""GPT"",""oracle"":""beta"",""population"":""PP"",""reasoning_regime"":""BASELINE"",""replicate"":""RUN1"",""rhs"":""C4""}",098e3f6e273deff415bf83f5ecf3419412aa114d2dd50358a7de6fff27c2d62d,688557535371587572,GPT,BETA,BASELINE,REPAIRED,1,PP,FREE8,BINF,IC-b,C4R,C4,409,0.0062122383669786,-0.0012118180280677,0.0196219878926932,1944,0,8056,0.388961103889611,8f255e6f85962d0ee5676c2732ca4cff14e2f552eb9c0c3874e38f84d1ab2d18,PP_BASELINE_REPAIRED_FREE8_openai_gpt54mini_BINF_IC-b_R1,V13_SUPPLEMENTAL_SHA256_STREAM,1.0,False
PP_CONTRAST,"{""action_space"":""FREE8"",""analysis_id"":""PP_CONTRAST"",""budget"":""BINF"",""execution_policy"":""REPAIRED"",""information_condition"":""IC-b"",""lhs"":""C6-E"",""model"":""GPT"",""oracle"":""beta"",""population"":""PP"",""reasoning_regime"":""BASELINE"",""replicate"":""RUN1"",""rhs"":""C4R""}",83048f045631bca22e1426fa4b75cc461c885dd71884a2b16c7c2a2137734b3e,9440827967664143522,GPT,BETA,BASELINE,REPAIRED,1,PP,FREE8,BINF,IC-b,C6-E,C4R,483,0.0673360242308587,0.0370629724329539,0.0984274089715432,0,0,10000,0.0001999800019998,74bb5af0f523c4e44c35443bae01767dea11dcf97606481888027b332c20057a,PP_BASELINE_REPAIRED_FREE8_openai_gpt54mini_BINF_IC-b_R1,V13_SUPPLEMENTAL_SHA256_STREAM,0.0023997600239976,True
PP_CONTRAST,"{""action_space"":""FREE8"",""analysis_id"":""PP_CONTRAST"",""budget"":""BINF"",""execution_policy"":""REPAIRED"",""information_condition"":""IC-b"",""lhs"":""C6-E"",""model"":""GPT"",""oracle"":""beta"",""population"":""PP"",""reasoning_regime"":""BASELINE"",""replicate"":""RUN1"",""rhs"":""C6-EX""}",8de6870e7a73e69f052e0ee832e5c6485de84fbdd41bf3b4937b5c37e6d75671,10225008500244997791,GPT,BETA,BASELINE,REPAIRED,1,PP,FREE8,BINF,IC-b,C6-E,C6-EX,458,0.0249192524034205,-0.0125236045650137,0.0618252391126342,970,0,9030,0.1941805819418058,41e2506095a5d65a655a9126ff183c1e79daaa368060f6aa1f2d024c45bff146,PP_BASELINE_REPAIRED_FREE8_openai_gpt54mini_BINF_IC-b_R1,V13_SUPPLEMENTAL_SHA256_STREAM,0.7767223277672232,False
PP_CONTRAST,"{""action_space"":""FREE8"",""analysis_id"":""PP_CONTRAST"",""budget"":""BINF"",""execution_policy"":""REPAIRED"",""information_condition"":""IC-b"",""lhs"":""C5"",""model"":""GPT"",""oracle"":""gamma"",""population"":""PP"",""reasoning_regime"":""BASELINE"",""replicate"":""RUN1"",""rhs"":""C4""}",defd111dda938bcfd12146079d358e720a2bdccaa671cd1217696310f5c80a21,16068017865446624207,GPT,GAMMA,BASELINE,REPAIRED,1,PP,FREE8,BINF,IC-b,C5,C4,370,-0.0487570119095693,-0.106824033515269,0.0082737861754542,9525,0,475,0.0951904809519048,583bc7aba51e20cfdc1ba4daeaf28bc76e8219fc61367c80a2227d691a417f70,PP_BASELINE_REPAIRED_FREE8_openai_gpt54mini_BINF_IC-b_R1,V13_SUPPLEMENTAL_SHA256_STREAM,0.5711428857114288,False
PP_CONTRAST,"{""action_space"":""FREE8"",""analysis_id"":""PP_CONTRAST"",""budget"":""BINF"",""execution_policy"":""REPAIRED"",""information_condition"":""IC-b"",""lhs"":""C4R"",""model"":""GPT"",""oracle"":""gamma"",""population"":""PP"",""reasoning_regime"":""BASELINE"",""replicate"":""RUN1"",""rhs"":""C4""}",fca8f9adf497d608468ab90607f2fe7ca350b6d56309a510adbb541466e6b1cf,18206076019173479944,GPT,GAMMA,BASELINE,REPAIRED,1,PP,FREE8,BINF,IC-b,C4R,C4,409,-0.0041758629463429,-0.0094920620668863,-0.0005794306568871,9929,26,45,0.0143985601439856,640e4704733e659cccb4d223f2bfe50a8924ba79b79435490d11270f9f686e24,PP_BASELINE_REPAIRED_FREE8_openai_gpt54mini_BINF_IC-b_R1,V13_SUPPLEMENTAL_SHA256_STREAM,0.1151884811518848,False
PP_CONTRAST,"{""action_space"":""FREE8"",""analysis_id"":""PP_CONTRAST"",""budget"":""BINF"",""execution_policy"":""REPAIRED"",""information_condition"":""IC-b"",""lhs"":""C6-E"",""model"":""GPT"",""oracle"":""gamma"",""population"":""PP"",""reasoning_regime"":""BASELINE"",""replicate"":""RUN1"",""rhs"":""C4R""}",0b382b5c9342bc78c55f5af460e14a7c12addc4132ed63e597a77aa690a40564,808443809720614008,GPT,GAMMA,BASELINE,REPAIRED,1,PP,FREE8,BINF,IC-b,C6-E,C4R,483,0.0581954089238139,0.0196165711767436,0.0977276992306571,16,0,9984,0.0033996600339966,6a09265a5927e0293bd2f089857c5144c0c922651ebe405e40b4ff80aff851fc,PP_BASELINE_REPAIRED_FREE8_openai_gpt54mini_BINF_IC-b_R1,V13_SUPPLEMENTAL_SHA256_STREAM,0.033996600339966,True
PP_CONTRAST,"{""action_space"":""FREE8"",""analysis_id"":""PP_CONTRAST"",""budget"":""BINF"",""execution_policy"":""REPAIRED"",""information_condition"":""IC-b"",""lhs"":""C6-E"",""model"":""GPT"",""oracle"":""gamma"",""population"":""PP"",""reasoning_regime"":""BASELINE"",""replicate"":""RUN1"",""rhs"":""C6-EX""}",4dc925a3279968a61215cd77dbbfae40611686f1f281398b41316b9e792ffcb8,5605052593913555110,GPT,GAMMA,BASELINE,REPAIRED,1,PP,FREE8,BINF,IC-b,C6-E,C6-EX,458,0.0364514623416765,-0.0023944317235498,0.0756720870905239,339,0,9661,0.067993200679932,5546c3a28a86e8bb743a464235a4115459987ce3d16a94a09e9ad0442b938e97,PP_BASELINE_REPAIRED_FREE8_openai_gpt54mini_BINF_IC-b_R1,V13_SUPPLEMENTAL_SHA256_STREAM,0.47595240475952405,False
PP_CONTRAST,"{""action_space"":""FREE8"",""analysis_id"":""PP_CONTRAST"",""budget"":""B1"",""execution_policy"":""REPAIRED"",""information_condition"":""IC-b"",""lhs"":""C5"",""model"":""GPT"",""oracle"":""alpha"",""population"":""PP"",""reasoning_regime"":""BASELINE"",""replicate"":""RUN1"",""rhs"":""C4""}",dc1d97ba72ba37e27b354368ff31994033a1b4b4bbfb56d13c2c77b64bb751d7,15861000289713272802,GPT,ALPHA,BASELINE,REPAIRED,1,PP,FREE8,B1,IC-b,C5,C4,175,0.1574659853617486,0.0063200239844465,0.3115970919163675,204,0,9796,0.040995900409959,be460b96752c92e8ef910593617618c62b9d480a291e3a5364bfff6ec9195de6,PP_BASELINE_REPAIRED_FREE8_openai_gpt54mini_B1_IC-b_R1,V13_SUPPLEMENTAL_SHA256_STREAM,0.245975402459754,False
PP_CONTRAST,"{""action_space"":""FREE8"",""analysis_id"":""PP_CONTRAST"",""budget"":""B1"",""execution_policy"":""REPAIRED"",""information_condition"":""IC-b"",""lhs"":""C4R"",""model"":""GPT"",""oracle"":""alpha"",""population"":""PP"",""reasoning_regime"":""BASELINE"",""replicate"":""RUN1"",""rhs"":""C4""}",09355da7fd9d97b7add39a74c8ddbde859bae7f6436a900d68ddebfb0d245764,663539496202901431,GPT,ALPHA,BASELINE,REPAIRED,1,PP,FREE8,B1,IC-b,C4R,C4,246,0.0,0.0,0.0,0,10000,0,1.0,f8c784aa6b57396e7c5e094c34d079d8252473e46e2f60593a921dbebf941fcc,PP_BASELINE_REPAIRED_FREE8_openai_gpt54mini_B1_IC-b_R1,V13_SUPPLEMENTAL_SHA256_STREAM,1.0,False
PP_CONTRAST,"{""action_space"":""FREE8"",""analysis_id"":""PP_CONTRAST"",""budget"":""B1"",""execution_policy"":""REPAIRED"",""information_condition"":""IC-b"",""lhs"":""C6-E"",""model"":""GPT"",""oracle"":""alpha"",""population"":""PP"",""reasoning_regime"":""BASELINE"",""replicate"":""RUN1"",""rhs"":""C4R""}",4085bd62f1ad74ce1daf31ffc6591e4e6dc6b60cb98e5577a6af87665da02e92,4649330422989026510,GPT,ALPHA,BASELINE,REPAIRED,1,PP,FREE8,B1,IC-b,C6-E,C4R,235,0.1917907734000352,0.078721319071091,0.3176660857328665,5,0,9995,0.0011998800119988,e29ad8a7e3bcff835a8577b8c273722aa58e91ec75fa41d02f7ef19a65978b53,PP_BASELINE_REPAIRED_FREE8_openai_gpt54mini_B1_IC-b_R1,V13_SUPPLEMENTAL_SHA256_STREAM,0.013198680131986799,True
PP_CONTRAST,"{""action_space"":""FREE8"",""analysis_id"":""PP_CONTRAST"",""budget"":""B1"",""execution_policy"":""REPAIRED"",""information_condition"":""IC-b"",""lhs"":""C6-E"",""model"":""GPT"",""oracle"":""alpha"",""population"":""PP"",""reasoning_regime"":""BASELINE"",""replicate"":""RUN1"",""rhs"":""C6-EX""}",880657cee1f06e0f008deed618bcffa06048db541f0635e40329cb77d20c78d5,9801618185083973135,GPT,ALPHA,BASELINE,REPAIRED,1,PP,FREE8,B1,IC-b,C6-E,C6-EX,193,0.226532783888353,0.0634963861743092,0.4029506562731033,18,0,9982,0.0037996200379962,39be1413a62b740488ac9b48f0d82c87be8e4a65413097ba8e8c5673d4f0fb76,PP_BASELINE_REPAIRED_FREE8_openai_gpt54mini_B1_IC-b_R1,V13_SUPPLEMENTAL_SHA256_STREAM,0.0341965803419658,True
PP_CONTRAST,"{""action_space"":""FREE8"",""analysis_id"":""PP_CONTRAST"",""budget"":""B1"",""execution_policy"":""REPAIRED"",""information_condition"":""IC-b"",""lhs"":""C5"",""model"":""GPT"",""oracle"":""beta"",""population"":""PP"",""reasoning_regime"":""BASELINE"",""replicate"":""RUN1"",""rhs"":""C4""}",808929c72a34229ae2fa099bbd77e45b4be2f264cca1bd231b12b6bf8b38796b,9261980044047426202,GPT,BETA,BASELINE,REPAIRED,1,PP,FREE8,B1,IC-b,C5,C4,175,0.0650800366361572,0.0171846635178628,0.1260041588885387,7,0,9993,0.0015998400159984,579126b69b142c7eb8f8000f79837448462662d450b2c2e696ae699e053951db,PP_BASELINE_REPAIRED_FREE8_openai_gpt54mini_B1_IC-b_R1,V13_SUPPLEMENTAL_SHA256_STREAM,0.015998400159984,True
PP_CONTRAST,"{""action_space"":""FREE8"",""analysis_id"":""PP_CONTRAST"",""budget"":""B1"",""execution_policy"":""REPAIRED"",""information_condition"":""IC-b"",""lhs"":""C4R"",""model"":""GPT"",""oracle"":""beta"",""population"":""PP"",""reasoning_regime"":""BASELINE"",""replicate"":""RUN1"",""rhs"":""C4""}",610d5d0241c8b7fd451c84a6350b2131b4228eef65de9bf4a820aadd088919b7,6993348060651239421,GPT,BETA,BASELINE,REPAIRED,1,PP,FREE8,B1,IC-b,C4R,C4,246,0.0002097352366456,1.5863010995099474e-13,0.0006292057034183,0,170,9830,0.0341965803419658,62e5003e4f3438b60b55715afa96c34d7f6d630f44b54b3248c91fbeec492032,PP_BASELINE_REPAIRED_FREE8_openai_gpt54mini_B1_IC-b_R1,V13_SUPPLEMENTAL_SHA256_STREAM,0.2393760623937606,False
PP_CONTRAST,"{""action_space"":""FREE8"",""analysis_id"":""PP_CONTRAST"",""budget"":""B1"",""execution_policy"":""REPAIRED"",""information_condition"":""IC-b"",""lhs"":""C6-E"",""model"":""GPT"",""oracle"":""beta"",""population"":""PP"",""reasoning_regime"":""BASELINE"",""replicate"":""RUN1"",""rhs"":""C4R""}",78b7bbcfa57b963f39510f0b523b09d8101413cfc661236797c18caa8fa0067d,8698627705798366783,GPT,BETA,BASELINE,REPAIRED,1,PP,FREE8,B1,IC-b,C6-E,C4R,235,0.0520206020223427,0.0228567039948081,0.0903068231291043,0,0,10000,0.0001999800019998,a893739b1d8d529e382eff562acb43a39a765c116d7db52c0fbd89faaa28ff1f,PP_BASELINE_REPAIRED_FREE8_openai_gpt54mini_B1_IC-b_R1,V13_SUPPLEMENTAL_SHA256_STREAM,0.0023997600239976,True
PP_CONTRAST,"{""action_space"":""FREE8"",""analysis_id"":""PP_CONTRAST"",""budget"":""B1"",""execution_policy"":""REPAIRED"",""information_condition"":""IC-b"",""lhs"":""C6-E"",""model"":""GPT"",""oracle"":""beta"",""population"":""PP"",""reasoning_regime"":""BASELINE"",""replicate"":""RUN1"",""rhs"":""C6-EX""}",e90d21a225ece738a49f15d19377a4f6866b8efdb03a1be713ed33795736404c,16793115565839148856,GPT,BETA,BASELINE,REPAIRED,1,PP,FREE8,B1,IC-b,C6-E,C6-EX,193,-0.0009733492374036,-0.0636148266393319,0.0553377399494328,5021,0,4979,0.995900409959004,c7b345e3cc4941d17c5baa732d82dc82eed0902986d3d356af999bf51fcedb14,PP_BASELINE_REPAIRED_FREE8_openai_gpt54mini_B1_IC-b_R1,V13_SUPPLEMENTAL_SHA256_STREAM,1.0,False
PP_CONTRAST,"{""action_space"":""FREE8"",""analysis_id"":""PP_CONTRAST"",""budget"":""B1"",""execution_policy"":""REPAIRED"",""information_condition"":""IC-b"",""lhs"":""C5"",""model"":""GPT"",""oracle"":""gamma"",""population"":""PP"",""reasoning_regime"":""BASELINE"",""replicate"":""RUN1"",""rhs"":""C4""}",07d017352f84384bbd32371041fc3dee5da6adeb9622fbce09bcad5a3711cb1d,562975470619211851,GPT,GAMMA,BASELINE,REPAIRED,1,PP,FREE8,B1,IC-b,C5,C4,175,0.0165861892659323,-0.040355867196731,0.0711584696186333,2788,0,7212,0.5577442255774423,4d066b7348ec28a792cec99e8e8af65b91b65a03248f6d1044cb0ea69e0f3340,PP_BASELINE_REPAIRED_FREE8_openai_gpt54mini_B1_IC-b_R1,V13_SUPPLEMENTAL_SHA256_STREAM,1.0,False
PP_CONTRAST,"{""action_space"":""FREE8"",""analysis_id"":""PP_CONTRAST"",""budget"":""B1"",""execution_policy"":""REPAIRED"",""information_condition"":""IC-b"",""lhs"":""C4R"",""model"":""GPT"",""oracle"":""gamma"",""population"":""PP"",""reasoning_regime"":""BASELINE"",""replicate"":""RUN1"",""rhs"":""C4""}",481b3899260270a8c053421277f5f1f33a1dd9b45f01c202acee483270a1c310,5195808825520844968,GPT,GAMMA,BASELINE,REPAIRED,1,PP,FREE8,B1,IC-b,C4R,C4,246,0.0,0.0,0.0,0,10000,0,1.0,f8c784aa6b57396e7c5e094c34d079d8252473e46e2f60593a921dbebf941fcc,PP_BASELINE_REPAIRED_FREE8_openai_gpt54mini_B1_IC-b_R1,V13_SUPPLEMENTAL_SHA256_STREAM,1.0,False
PP_CONTRAST,"{""action_space"":""FREE8"",""analysis_id"":""PP_CONTRAST"",""budget"":""B1"",""execution_policy"":""REPAIRED"",""information_condition"":""IC-b"",""lhs"":""C6-E"",""model"":""GPT"",""oracle"":""gamma"",""population"":""PP"",""reasoning_regime"":""BASELINE"",""replicate"":""RUN1"",""rhs"":""C4R""}",764428b6a2332ac7e2dfe4587c1797d6cdc3fce52c2635113e2a79f5176e83b4,8521981159762242247,GPT,GAMMA,BASELINE,REPAIRED,1,PP,FREE8,B1,IC-b,C6-E,C4R,235,0.060472599402312,0.0093712097005791,0.1159633969531918,92,0,9908,0.0185981401859814,4e74f236c22b8fc1875cd881ad0161c75ebed3a7c73a72b91a0968287f8f98b2,PP_BASELINE_REPAIRED_FREE8_openai_gpt54mini_B1_IC-b_R1,V13_SUPPLEMENTAL_SHA256_STREAM,0.1487851214878512,False
PP_CONTRAST,"{""action_space"":""FREE8"",""analysis_id"":""PP_CONTRAST"",""budget"":""B1"",""execution_policy"":""REPAIRED"",""information_condition"":""IC-b"",""lhs"":""C6-E"",""model"":""GPT"",""oracle"":""gamma"",""population"":""PP"",""reasoning_regime"":""BASELINE"",""replicate"":""RUN1"",""rhs"":""C6-EX""}",52a57cddf19a93b0ca138764cad4fd6c4ea32939d0e792c32108d7c581aa689d,5955303374950405040,GPT,GAMMA,BASELINE,REPAIRED,1,PP,FREE8,B1,IC-b,C6-E,C6-EX,193,0.0466342100856948,-0.0051028602057006,0.1025348953595577,397,0,9603,0.0795920407959204,0264c277dc1bfd48c4af8bd5fc62501c6cacb5df0f775108482f2140b19e5fae,PP_BASELINE_REPAIRED_FREE8_openai_gpt54mini_B1_IC-b_R1,V13_SUPPLEMENTAL_SHA256_STREAM,0.397960203979602,False
PP_CONTRAST,"{""action_space"":""FREE8"",""analysis_id"":""PP_CONTRAST"",""budget"":""B1"",""execution_policy"":""REPAIRED"",""information_condition"":""IC-b"",""lhs"":""C4R"",""model"":""GPT"",""oracle"":""alpha"",""population"":""PP"",""reasoning_regime"":""BASELINE"",""replicate"":""RUN2"",""rhs"":""C4""}",b4f0c125cdaf420d0c909c830bbcadda99846cea348e3cd9c543c0e2bdb1dfc2,13038133289346351629,GPT,ALPHA,BASELINE,REPAIRED,2,PP,FREE8,B1,IC-b,C4R,C4,249,-0.0047851248222575,-0.0143553744667725,0.0,6345,3655,0,0.7311268873112688,0469066649d08a29073f2e9453bab719b625b5cd3ffbec4e0606abd58c6c246c,PP_BASELINE_REPAIRED_FREE8_openai_gpt54mini_B1_IC-b_R2,V13_SUPPLEMENTAL_SHA256_STREAM,1.0,False
PP_CONTRAST,"{""action_space"":""FREE8"",""analysis_id"":""PP_CONTRAST"",""budget"":""B1"",""execution_policy"":""REPAIRED"",""information_condition"":""IC-b"",""lhs"":""C6-E"",""model"":""GPT"",""oracle"":""alpha"",""population"":""PP"",""reasoning_regime"":""BASELINE"",""replicate"":""RUN2"",""rhs"":""C4R""}",f40ec2e553b02ac3ba3d49c65475c9a86d14e36951677484c50f52aa7dfcd425,17586207885135719107,GPT,ALPHA,BASELINE,REPAIRED,2,PP,FREE8,B1,IC-b,C6-E,C4R,254,0.1283134156803887,0.0291474014809939,0.241513577313633,37,0,9963,0.0075992400759924,17289700701e2f8f263ef2b57e643f0e9ce14f1f8e4a14c0616f46a474df5f21,PP_BASELINE_REPAIRED_FREE8_openai_gpt54mini_B1_IC-b_R2,V13_SUPPLEMENTAL_SHA256_STREAM,0.0455954404559544,True
PP_CONTRAST,"{""action_space"":""FREE8"",""analysis_id"":""PP_CONTRAST"",""budget"":""B1"",""execution_policy"":""REPAIRED"",""information_condition"":""IC-b"",""lhs"":""C4R"",""model"":""GPT"",""oracle"":""beta"",""population"":""PP"",""reasoning_regime"":""BASELINE"",""replicate"":""RUN2"",""rhs"":""C4""}",efae12b43ecce01657a5a626a938307e28b19d71ade0975f3a48c02b5593d7e3,17270762186369458198,GPT,BETA,BASELINE,REPAIRED,2,PP,FREE8,B1,IC-b,C4R,C4,249,-0.0010683743199106,-0.0032051229598666,1.348319046773684e-13,6397,1297,2306,0.7207279272072793,2e6b77d84c196f960b290a39906370b851c21e53d8319a9437e77c16195ada05,PP_BASELINE_REPAIRED_FREE8_openai_gpt54mini_B1_IC-b_R2,V13_SUPPLEMENTAL_SHA256_STREAM,1.0,False
PP_CONTRAST,"{""action_space"":""FREE8"",""analysis_id"":""PP_CONTRAST"",""budget"":""B1"",""execution_policy"":""REPAIRED"",""information_condition"":""IC-b"",""lhs"":""C6-E"",""model"":""GPT"",""oracle"":""beta"",""population"":""PP"",""reasoning_regime"":""BASELINE"",""replicate"":""RUN2"",""rhs"":""C4R""}",7ae4474b359f8a19b9882e4bbf07db26c34fe6bf6c245751a8969cbd0d941dec,8855281155665005081,GPT,BETA,BASELINE,REPAIRED,2,PP,FREE8,B1,IC-b,C6-E,C4R,254,0.0185997463062554,-0.0219440357898537,0.0603793078562449,1797,0,8203,0.3595640435956404,9401d18b93285b5066be89229a9bd13dc72a695a8785dbf7c12a2507a543d09d,PP_BASELINE_REPAIRED_FREE8_openai_gpt54mini_B1_IC-b_R2,V13_SUPPLEMENTAL_SHA256_STREAM,1.0,False
PP_CONTRAST,"{""action_space"":""FREE8"",""analysis_id"":""PP_CONTRAST"",""budget"":""B1"",""execution_policy"":""REPAIRED"",""information_condition"":""IC-b"",""lhs"":""C4R"",""model"":""GPT"",""oracle"":""gamma"",""population"":""PP"",""reasoning_regime"":""BASELINE"",""replicate"":""RUN2"",""rhs"":""C4""}",8bda01ef0e704b3c149b88708af38d96ea6be17187bfb77bf0cd5abd3933a893,10077369242445957948,GPT,GAMMA,BASELINE,REPAIRED,2,PP,FREE8,B1,IC-b,C4R,C4,249,-0.0029297186387375,-0.0087891559162126,0.0,6289,3711,0,0.7423257674232576,785af0b77d179af7cbd8a3e9e7c1771d4bd50d871376165ab939f90b15e8010d,PP_BASELINE_REPAIRED_FREE8_openai_gpt54mini_B1_IC-b_R2,V13_SUPPLEMENTAL_SHA256_STREAM,1.0,False
PP_CONTRAST,"{""action_space"":""FREE8"",""analysis_id"":""PP_CONTRAST"",""budget"":""B1"",""execution_policy"":""REPAIRED"",""information_condition"":""IC-b"",""lhs"":""C6-E"",""model"":""GPT"",""oracle"":""gamma"",""population"":""PP"",""reasoning_regime"":""BASELINE"",""replicate"":""RUN2"",""rhs"":""C4R""}",ba953f9309bd6478b69a6170deaa749270c85bf7d2dcefc66b61d19d0260c6f1,13444722163340633208,GPT,GAMMA,BASELINE,REPAIRED,2,PP,FREE8,B1,IC-b,C6-E,C4R,254,0.0363607768459642,-0.0084953923692451,0.0862791433882321,549,0,9451,0.10998900109989,c20099fa4a05def311d0a3c2b513566aaab1004b24a153545ca08fcdd6d9a70f,PP_BASELINE_REPAIRED_FREE8_openai_gpt54mini_B1_IC-b_R2,V13_SUPPLEMENTAL_SHA256_STREAM,0.54994500549945,False
PP_CONTRAST,"{""action_space"":""FREE8"",""analysis_id"":""PP_CONTRAST"",""budget"":""BINF"",""execution_policy"":""REPAIRED"",""information_condition"":""IC-b"",""lhs"":""C4R"",""model"":""GPT"",""oracle"":""alpha"",""population"":""PP"",""reasoning_regime"":""BASELINE"",""replicate"":""RUN2"",""rhs"":""C4""}",03d054f76159b5a1d36de9163a0e3fa99115c030fdf91d5e2f3e8d187928a3fd,274812998736524705,GPT,ALPHA,BASELINE,REPAIRED,2,PP,FREE8,BINF,IC-b,C4R,C4,424,-0.0038642895767348,-0.0275171438217432,0.0178077482526689,6164,172,3664,0.7673232676732327,56552642dc25a1dbf7ad048a2653d5a26bd4bbc1b73743c0566967f6e2291d2e,PP_BASELINE_REPAIRED_FREE8_openai_gpt54mini_BINF_IC-b_R2,V13_SUPPLEMENTAL_SHA256_STREAM,1.0,False
PP_CONTRAST,"{""action_space"":""FREE8"",""analysis_id"":""PP_CONTRAST"",""budget"":""BINF"",""execution_policy"":""REPAIRED"",""information_condition"":""IC-b"",""lhs"":""C6-E"",""model"":""GPT"",""oracle"":""alpha"",""population"":""PP"",""reasoning_regime"":""BASELINE"",""replicate"":""RUN2"",""rhs"":""C4R""}",452e15473aad14173355aba0d784cbce9355396d73816da6c0a401c5b70b97ac,4984945233217000471,GPT,ALPHA,BASELINE,REPAIRED,2,PP,FREE8,BINF,IC-b,C6-E,C4R,486,0.1818306092389678,0.0850129635621957,0.2862595202403777,0,0,10000,0.0001999800019998,faa5c4673747cdd93c071fa8993a871e4e65e40e595ede30065f96f5bf0015ba,PP_BASELINE_REPAIRED_FREE8_openai_gpt54mini_BINF_IC-b_R2,V13_SUPPLEMENTAL_SHA256_STREAM,0.0011998800119988,True
PP_CONTRAST,"{""action_space"":""FREE8"",""analysis_id"":""PP_CONTRAST"",""budget"":""BINF"",""execution_policy"":""REPAIRED"",""information_condition"":""IC-b"",""lhs"":""C4R"",""model"":""GPT"",""oracle"":""beta"",""population"":""PP"",""reasoning_regime"":""BASELINE"",""replicate"":""RUN2"",""rhs"":""C4""}",d8d704ce8dbf40d5b2db70e2fdadfb69e8f52058d1439c204a635426d6b4d1c4,15624962717373120725,GPT,BETA,BASELINE,REPAIRED,2,PP,FREE8,BINF,IC-b,C4R,C4,424,0.0008383737723165,-0.0002791114629964,0.0022071773692803,828,0,9172,0.1657834216578342,6824acab29e3862f779dafa6e1f3db5bcd1cd3d098f1ae00d9e84b00b92827d0,PP_BASELINE_REPAIRED_FREE8_openai_gpt54mini_BINF_IC-b_R2,V13_SUPPLEMENTAL_SHA256_STREAM,0.49735026497350254,False
PP_CONTRAST,"{""action_space"":""FREE8"",""analysis_id"":""PP_CONTRAST"",""budget"":""BINF"",""execution_policy"":""REPAIRED"",""information_condition"":""IC-b"",""lhs"":""C6-E"",""model"":""GPT"",""oracle"":""beta"",""population"":""PP"",""reasoning_regime"":""BASELINE"",""replicate"":""RUN2"",""rhs"":""C4R""}",5480f2da3a730dcc8244f2d473cd9d1fe2892369396b59b52af11afb33be5d60,6089133715302321612,GPT,BETA,BASELINE,REPAIRED,2,PP,FREE8,BINF,IC-b,C6-E,C4R,486,0.0591927471400833,0.0249429592487944,0.0934173169299181,1,0,9999,0.0003999600039996,a5670d7165cf4a3cd4512b18821b15215fb8ae2c4a34bb54dc6223c8790ace91,PP_BASELINE_REPAIRED_FREE8_openai_gpt54mini_BINF_IC-b_R2,V13_SUPPLEMENTAL_SHA256_STREAM,0.001999800019998,True
PP_CONTRAST,"{""action_space"":""FREE8"",""analysis_id"":""PP_CONTRAST"",""budget"":""BINF"",""execution_policy"":""REPAIRED"",""information_condition"":""IC-b"",""lhs"":""C4R"",""model"":""GPT"",""oracle"":""gamma"",""population"":""PP"",""reasoning_regime"":""BASELINE"",""replicate"":""RUN2"",""rhs"":""C4""}",4ab809b0b77d834362817e185743c78744e253053f725514e932ee15bfc28581,5384064009118778179,GPT,GAMMA,BASELINE,REPAIRED,2,PP,FREE8,BINF,IC-b,C4R,C4,424,0.0003079252254761,-0.0025952408137401,0.0037824083922761,4207,504,5289,0.9423057694230575,bcd5282b745a2406f0bdae8c237f821a2ebbfcb34ccd80ec9ca5be5083e49c6f,PP_BASELINE_REPAIRED_FREE8_openai_gpt54mini_BINF_IC-b_R2,V13_SUPPLEMENTAL_SHA256_STREAM,1.0,False
PP_CONTRAST,"{""action_space"":""FREE8"",""analysis_id"":""PP_CONTRAST"",""budget"":""BINF"",""execution_policy"":""REPAIRED"",""information_condition"":""IC-b"",""lhs"":""C6-E"",""model"":""GPT"",""oracle"":""gamma"",""population"":""PP"",""reasoning_regime"":""BASELINE"",""replicate"":""RUN2"",""rhs"":""C4R""}",1a6ab1223af044faecaa1f920c89b059f6e547c5df09e4055e2d6b871c8f6e34,1903528553093285114,GPT,GAMMA,BASELINE,REPAIRED,2,PP,FREE8,BINF,IC-b,C6-E,C4R,486,0.0672838433009048,0.0311938485777122,0.1063341481694314,2,0,9998,0.0005999400059994,3cc4a2711303b084913a94ed9a6e034ae911ef08187a44f8323794c864c9b0f8,PP_BASELINE_REPAIRED_FREE8_openai_gpt54mini_BINF_IC-b_R2,V13_SUPPLEMENTAL_SHA256_STREAM,0.0023997600239976,True
PP_CONTRAST,"{""action_space"":""FREE8"",""analysis_id"":""PP_CONTRAST"",""budget"":""B1"",""execution_policy"":""STRICT"",""information_condition"":""IC-b"",""lhs"":""C5"",""model"":""GEMINI"",""oracle"":""alpha"",""population"":""PP"",""reasoning_regime"":""HIGH"",""replicate"":""RUN1"",""rhs"":""C4""}",83af6c44587ffbe857d02ea7755f999c2e8c8db4d0d221c7889a2a446443dbeb,9488921980691282920,GEMINI,ALPHA,HIGH,STRICT,1,PP,FREE8,B1,IC-b,C5,C4,562,0.0652959426058349,0.0058816311404913,0.1253367703540796,167,0,9833,0.0335966403359664,883db3e99738e5a8f946e86c2578f67b78278e013a2aabc32186a4c9c8e98046,PP_HIGH_STRICT_FREE8_google_gemini31flashlite_B1_IC-b_R1,V13_SUPPLEMENTAL_SHA256_STREAM,0.335966403359664,False
PP_CONTRAST,"{""action_space"":""FREE8"",""analysis_id"":""PP_CONTRAST"",""budget"":""B1"",""execution_policy"":""STRICT"",""information_condition"":""IC-b"",""lhs"":""C4R"",""model"":""GEMINI"",""oracle"":""alpha"",""population"":""PP"",""reasoning_regime"":""HIGH"",""replicate"":""RUN1"",""rhs"":""C4""}",e1b4299f0b59779702ccc4dbc7678292bacbf0cf8c41fa8400061d2a3362b338,16263669917408655255,GEMINI,ALPHA,HIGH,STRICT,1,PP,FREE8,B1,IC-b,C4R,C4,567,0.0011963583767204,-0.0270906581158258,0.0293203516720953,4692,0,5308,0.9385061493850616,7a93356f263246c4a376c7584564144cdfbdf8956d1a55f3225f0e3b69eba672,PP_HIGH_STRICT_FREE8_google_gemini31flashlite_B1_IC-b_R1,V13_SUPPLEMENTAL_SHA256_STREAM,1.0,False
PP_CONTRAST,"{""action_space"":""FREE8"",""analysis_id"":""PP_CONTRAST"",""budget"":""B1"",""execution_policy"":""STRICT"",""information_condition"":""IC-b"",""lhs"":""C6-E"",""model"":""GEMINI"",""oracle"":""alpha"",""population"":""PP"",""reasoning_regime"":""HIGH"",""replicate"":""RUN1"",""rhs"":""C4R""}",e86b81c4ddd0035bffa7676e3a46ce0f8f053df3d4ad573548545258f4a10496,16747622321842291547,GEMINI,ALPHA,HIGH,STRICT,1,PP,FREE8,B1,IC-b,C6-E,C4R,561,0.0781101345498098,0.0354954165030082,0.1249318425591693,0,0,10000,0.0001999800019998,bfaee5b6bf5deaabedefe2bdb4c2fc7326f5b283bb390c21ea38b84457ab4de8,PP_HIGH_STRICT_FREE8_google_gemini31flashlite_B1_IC-b_R1,V13_SUPPLEMENTAL_SHA256_STREAM,0.0023997600239976,True
PP_CONTRAST,"{""action_space"":""FREE8"",""analysis_id"":""PP_CONTRAST"",""budget"":""B1"",""execution_policy"":""STRICT"",""information_condition"":""IC-b"",""lhs"":""C6-E"",""model"":""GEMINI"",""oracle"":""alpha"",""population"":""PP"",""reasoning_regime"":""HIGH"",""replicate"":""RUN1"",""rhs"":""C6-EX""}",2f64689fa99b842f2d5cc5c29ff04b04be45f674340717f10a7c86905a45a2fb,3414969452408308783,GEMINI,ALPHA,HIGH,STRICT,1,PP,FREE8,B1,IC-b,C6-E,C6-EX,559,0.0541315517217173,0.0031978526131422,0.107688999959957,191,0,9809,0.0383961603839616,2de0f24d222d8974d36c2b179a0466d2688728238a67cc41530e9316de98d808,PP_HIGH_STRICT_FREE8_google_gemini31flashlite_B1_IC-b_R1,V13_SUPPLEMENTAL_SHA256_STREAM,0.3455654434556544,False
PP_CONTRAST,"{""action_space"":""FREE8"",""analysis_id"":""PP_CONTRAST"",""budget"":""B1"",""execution_policy"":""STRICT"",""information_condition"":""IC-b"",""lhs"":""C5"",""model"":""GEMINI"",""oracle"":""beta"",""population"":""PP"",""reasoning_regime"":""HIGH"",""replicate"":""RUN1"",""rhs"":""C4""}",3bd4d4a891e65500e6f1b006ac4d118d0e9ea30d51b39682cfd621110f8c6d4c,4311304563767792896,GEMINI,BETA,HIGH,STRICT,1,PP,FREE8,B1,IC-b,C5,C4,562,0.0149051342847577,-0.0039457297869795,0.0364650016888275,676,0,9324,0.1353864613538646,d6c1ec7b8db656280d9ab6cca66eae7024b6779aebfcf27452567b5ce57e667a,PP_HIGH_STRICT_FREE8_google_gemini31flashlite_B1_IC-b_R1,V13_SUPPLEMENTAL_SHA256_STREAM,0.8123187681231876,False
PP_CONTRAST,"{""action_space"":""FREE8"",""analysis_id"":""PP_CONTRAST"",""budget"":""B1"",""execution_policy"":""STRICT"",""information_condition"":""IC-b"",""lhs"":""C4R"",""model"":""GEMINI"",""oracle"":""beta"",""population"":""PP"",""reasoning_regime"":""HIGH"",""replicate"":""RUN1"",""rhs"":""C4""}",791b35fc35026ef6dd937a38e59738a062fb1ba8dd0e0a4435f204c9ee4ac8c3,8726628060297850614,GEMINI,BETA,HIGH,STRICT,1,PP,FREE8,B1,IC-b,C4R,C4,567,-0.0004428606428493,-0.0028843764244365,0.0019740697041012,6402,0,3598,0.7197280271972802,b16a0f86419760ed7b9f5d6f9033e7cc9ce8f3b4d756ba951bf2d6f957b6f9e7,PP_HIGH_STRICT_FREE8_google_gemini31flashlite_B1_IC-b_R1,V13_SUPPLEMENTAL_SHA256_STREAM,1.0,False
PP_CONTRAST,"{""action_space"":""FREE8"",""analysis_id"":""PP_CONTRAST"",""budget"":""B1"",""execution_policy"":""STRICT"",""information_condition"":""IC-b"",""lhs"":""C6-E"",""model"":""GEMINI"",""oracle"":""beta"",""population"":""PP"",""reasoning_regime"":""HIGH"",""replicate"":""RUN1"",""rhs"":""C4R""}",72eff0eca0ffd22995da056f733da17ab2c020130b463d3152f365e78d0237e5,8282103138861699625,GEMINI,BETA,HIGH,STRICT,1,PP,FREE8,B1,IC-b,C6-E,C4R,561,0.0156822751933197,0.0061232820677972,0.0284552888242693,3,0,9997,0.0007999200079992,a864cf2f4beeec941b0ef129240eb3052fc186e444f2f3fe3f55812e1684f066,PP_HIGH_STRICT_FREE8_google_gemini31flashlite_B1_IC-b_R1,V13_SUPPLEMENTAL_SHA256_STREAM,0.0087991200879912,True
PP_CONTRAST,"{""action_space"":""FREE8"",""analysis_id"":""PP_CONTRAST"",""budget"":""B1"",""execution_policy"":""STRICT"",""information_condition"":""IC-b"",""lhs"":""C6-E"",""model"":""GEMINI"",""oracle"":""beta"",""population"":""PP"",""reasoning_regime"":""HIGH"",""replicate"":""RUN1"",""rhs"":""C6-EX""}",4e76b6efae4de27d9e0bcabd7182d619313f18dc0e5aaab2b0e352dc3f3319e3,5653907522748015229,GEMINI,BETA,HIGH,STRICT,1,PP,FREE8,B1,IC-b,C6-E,C6-EX,559,0.0050957214586995,-0.0012378070160494,0.0110174822749607,558,0,9442,0.1117888211178882,fbdcba8b50e07fa6d7322c47e33d4ea950207345917603560e35e5aa03e8d268,PP_HIGH_STRICT_FREE8_google_gemini31flashlite_B1_IC-b_R1,V13_SUPPLEMENTAL_SHA256_STREAM,0.7825217478252173,False
PP_CONTRAST,"{""action_space"":""FREE8"",""analysis_id"":""PP_CONTRAST"",""budget"":""B1"",""execution_policy"":""STRICT"",""information_condition"":""IC-b"",""lhs"":""C5"",""model"":""GEMINI"",""oracle"":""gamma"",""population"":""PP"",""reasoning_regime"":""HIGH"",""replicate"":""RUN1"",""rhs"":""C4""}",0a325c06d37dea62cc5aed83c4d509d7f1d81036cb2a39312760f76203be528d,734750873602615906,GEMINI,GAMMA,HIGH,STRICT,1,PP,FREE8,B1,IC-b,C5,C4,562,0.0128557357135145,-0.0173290572776234,0.042891301017182,2005,0,7995,0.4011598840115988,4f34205387fa0c57e09d62fb9f43fa22b7247b9a82a251b7a55794ee9bc66357,PP_HIGH_STRICT_FREE8_google_gemini31flashlite_B1_IC-b_R1,V13_SUPPLEMENTAL_SHA256_STREAM,1.0,False
PP_CONTRAST,"{""action_space"":""FREE8"",""analysis_id"":""PP_CONTRAST"",""budget"":""B1"",""execution_policy"":""STRICT"",""information_condition"":""IC-b"",""lhs"":""C4R"",""model"":""GEMINI"",""oracle"":""gamma"",""population"":""PP"",""reasoning_regime"":""HIGH"",""replicate"":""RUN1"",""rhs"":""C4""}",0edbd43f832c7973a29b69f4f7b24050ae1cf9d83b2f434d9155674f089c31c1,1070682705679382899,GEMINI,GAMMA,HIGH,STRICT,1,PP,FREE8,B1,IC-b,C4R,C4,567,0.0056858565144171,-0.0063228033925574,0.0180683846490271,1775,0,8225,0.3551644835516448,1fd5961f2a7c82845a7cdf2d4f8a358b399be8516c5410db4aca645f73148d6a,PP_HIGH_STRICT_FREE8_google_gemini31flashlite_B1_IC-b_R1,V13_SUPPLEMENTAL_SHA256_STREAM,1.0,False
PP_CONTRAST,"{""action_space"":""FREE8"",""analysis_id"":""PP_CONTRAST"",""budget"":""B1"",""execution_policy"":""STRICT"",""information_condition"":""IC-b"",""lhs"":""C6-E"",""model"":""GEMINI"",""oracle"":""gamma"",""population"":""PP"",""reasoning_regime"":""HIGH"",""replicate"":""RUN1"",""rhs"":""C4R""}",518dcfb5c1d29461e4cd507d33b3e8ff0ba76d90c6cd18d3133a13dc6003125a,5876581468336198753,GEMINI,GAMMA,HIGH,STRICT,1,PP,FREE8,B1,IC-b,C6-E,C4R,561,0.0170732315171026,-0.0032079301329213,0.0390147184168898,486,0,9514,0.0973902609739026,a93033925c8180e61e30221d079489960ff6cbe9685f9cb0a8d31a21b048d778,PP_HIGH_STRICT_FREE8_google_gemini31flashlite_B1_IC-b_R1,V13_SUPPLEMENTAL_SHA256_STREAM,0.7791220877912208,False
PP_CONTRAST,"{""action_space"":""FREE8"",""analysis_id"":""PP_CONTRAST"",""budget"":""B1"",""execution_policy"":""STRICT"",""information_condition"":""IC-b"",""lhs"":""C6-E"",""model"":""GEMINI"",""oracle"":""gamma"",""population"":""PP"",""reasoning_regime"":""HIGH"",""replicate"":""RUN1"",""rhs"":""C6-EX""}",a09e8cd619fcba147a5fc5326a9c2852c4c984c8a44bc4afec18391038331e37,11573842943575636500,GEMINI,GAMMA,HIGH,STRICT,1,PP,FREE8,B1,IC-b,C6-E,C6-EX,559,0.0145449454620961,-0.0073870678190751,0.0374748587280931,1008,0,8992,0.2017798220177982,cc3185c2595ecac83674f8ebf0c92351ba458f5caebb55790be4f00bcd02723c,PP_HIGH_STRICT_FREE8_google_gemini31flashlite_B1_IC-b_R1,V13_SUPPLEMENTAL_SHA256_STREAM,1.0,False
PP_CONTRAST,"{""action_space"":""FREE8"",""analysis_id"":""PP_CONTRAST"",""budget"":""BINF"",""execution_policy"":""STRICT"",""information_condition"":""IC-b"",""lhs"":""C5"",""model"":""GEMINI"",""oracle"":""alpha"",""population"":""PP"",""reasoning_regime"":""HIGH"",""replicate"":""RUN1"",""rhs"":""C4""}",932b44edf56ad8fa508eefbf162bd282dbe7be53a6fbe638e5c579eb0466d46a,10604645536389323002,GEMINI,ALPHA,HIGH,STRICT,1,PP,FREE8,BINF,IC-b,C5,C4,575,-0.0652430602825521,-0.1528551734644702,0.0189926843288113,9314,0,686,0.1373862613738626,94807098fc47022e799f708d9ed16f5cab3d3fceb109434f8379da2237199621,PP_HIGH_STRICT_FREE8_google_gemini31flashlite_BINF_IC-b_R1,V13_SUPPLEMENTAL_SHA256_STREAM,0.9617038296170382,False
PP_CONTRAST,"{""action_space"":""FREE8"",""analysis_id"":""PP_CONTRAST"",""budget"":""BINF"",""execution_policy"":""STRICT"",""information_condition"":""IC-b"",""lhs"":""C4R"",""model"":""GEMINI"",""oracle"":""alpha"",""population"":""PP"",""reasoning_regime"":""HIGH"",""replicate"":""RUN1"",""rhs"":""C4""}",00ec93d434d29ad6eba0beb77f71d11be0b8cbe386cf00398a5b05cf7ad45016,66590634132282070,GEMINI,ALPHA,HIGH,STRICT,1,PP,FREE8,BINF,IC-b,C4R,C4,575,0.1448879457482113,0.0920712423479406,0.2011407103779506,0,0,10000,0.0001999800019998,121111a45d9d34af286fdb3054eb2d83d741bf1ff7c0369780af8c3805d78243,PP_HIGH_STRICT_FREE8_google_gemini31flashlite_BINF_IC-b_R1,V13_SUPPLEMENTAL_SHA256_STREAM,0.0023997600239976,True
PP_CONTRAST,"{""action_space"":""FREE8"",""analysis_id"":""PP_CONTRAST"",""budget"":""BINF"",""execution_policy"":""STRICT"",""information_condition"":""IC-b"",""lhs"":""C6-E"",""model"":""GEMINI"",""oracle"":""alpha"",""population"":""PP"",""reasoning_regime"":""HIGH"",""replicate"":""RUN1"",""rhs"":""C4R""}",23aa667300112870489abdc572b710cd2a65adc40b1ceb5ae690acceda2c2a89,2569979181476685936,GEMINI,ALPHA,HIGH,STRICT,1,PP,FREE8,BINF,IC-b,C6-E,C4R,575,0.0430853162824828,-0.0191856456415168,0.1047051671389099,877,0,9123,0.1755824417558244,2ff92b8284e4e4dc215cafc3ed838d94f49e400f8d5043b3971babaf701ea6ee,PP_HIGH_STRICT_FREE8_google_gemini31flashlite_BINF_IC-b_R1,V13_SUPPLEMENTAL_SHA256_STREAM,1.0,False
PP_CONTRAST,"{""action_space"":""FREE8"",""analysis_id"":""PP_CONTRAST"",""budget"":""BINF"",""execution_policy"":""STRICT"",""information_condition"":""IC-b"",""lhs"":""C6-E"",""model"":""GEMINI"",""oracle"":""alpha"",""population"":""PP"",""reasoning_regime"":""HIGH"",""replicate"":""RUN1"",""rhs"":""C6-EX""}",3041ee0c35582eba58b863c0e55796732124c49a66632ff97cbcb547617c7a52,3477322123508723386,GEMINI,ALPHA,HIGH,STRICT,1,PP,FREE8,BINF,IC-b,C6-E,C6-EX,575,0.0153244899294307,-0.0402749696868747,0.0725895777071485,3000,0,7000,0.6001399860013998,2d78d51a1a64249853bf88234cddd7d7dd673ab812d3e4bcad1a795833ad3ad2,PP_HIGH_STRICT_FREE8_google_gemini31flashlite_BINF_IC-b_R1,V13_SUPPLEMENTAL_SHA256_STREAM,1.0,False
PP_CONTRAST,"{""action_space"":""FREE8"",""analysis_id"":""PP_CONTRAST"",""budget"":""BINF"",""execution_policy"":""STRICT"",""information_condition"":""IC-b"",""lhs"":""C5"",""model"":""GEMINI"",""oracle"":""beta"",""population"":""PP"",""reasoning_regime"":""HIGH"",""replicate"":""RUN1"",""rhs"":""C4""}",b0f44c2a4b89233f59bdaffab6a65ff3e1f600977598c753ae7a747b5e4fa38c,12750900189532332863,GEMINI,BETA,HIGH,STRICT,1,PP,FREE8,BINF,IC-b,C5,C4,575,-0.0007981189027952,-0.033112950204213,0.033494871059962,5260,0,4740,0.948105189481052,1697f63355a21ff69ec252cfbab442c17192130f1ddf5b116aa7f685f1372a89,PP_HIGH_STRICT_FREE8_google_gemini31flashlite_BINF_IC-b_R1,V13_SUPPLEMENTAL_SHA256_STREAM,1.0,False
PP_CONTRAST,"{""action_space"":""FREE8"",""analysis_id"":""PP_CONTRAST"",""budget"":""BINF"",""execution_policy"":""STRICT"",""information_condition"":""IC-b"",""lhs"":""C4R"",""model"":""GEMINI"",""oracle"":""beta"",""population"":""PP"",""reasoning_regime"":""HIGH"",""replicate"":""RUN1"",""rhs"":""C4""}",8c2e99b4143af076e6fbc6527ff5a211d0b4ef5b350992e5451d9c4fb0fb505d,10101180012951171190,GEMINI,BETA,HIGH,STRICT,1,PP,FREE8,BINF,IC-b,C4R,C4,575,0.0301911152468026,0.0137546499008074,0.0514807478384605,0,0,10000,0.0001999800019998,b05e1579c42de6581d6c6a3b6108a2e1ed9f67c0c9e67ba0a44c34fca2a01f37,PP_HIGH_STRICT_FREE8_google_gemini31flashlite_BINF_IC-b_R1,V13_SUPPLEMENTAL_SHA256_STREAM,0.0023997600239976,True
PP_CONTRAST,"{""action_space"":""FREE8"",""analysis_id"":""PP_CONTRAST"",""budget"":""BINF"",""execution_policy"":""STRICT"",""information_condition"":""IC-b"",""lhs"":""C6-E"",""model"":""GEMINI"",""oracle"":""beta"",""population"":""PP"",""reasoning_regime"":""HIGH"",""replicate"":""RUN1"",""rhs"":""C4R""}",4346752de6572edb5499b8d0e53245ae7e4afeabde2eb2983317efc32ad552ef,4847690888909369051,GEMINI,BETA,HIGH,STRICT,1,PP,FREE8,BINF,IC-b,C6-E,C4R,575,0.0120003347734194,-0.0158131864645673,0.039360516274477,1967,0,8033,0.3935606439356064,f5e05950a2a8b89f9aadc471f80116d6466cd93f770715c5310b1ca8d4afe643,PP_HIGH_STRICT_FREE8_google_gemini31flashlite_BINF_IC-b_R1,V13_SUPPLEMENTAL_SHA256_STREAM,1.0,False
PP_CONTRAST,"{""action_space"":""FREE8"",""analysis_id"":""PP_CONTRAST"",""budget"":""BINF"",""execution_policy"":""STRICT"",""information_condition"":""IC-b"",""lhs"":""C6-E"",""model"":""GEMINI"",""oracle"":""beta"",""population"":""PP"",""reasoning_regime"":""HIGH"",""replicate"":""RUN1"",""rhs"":""C6-EX""}",6e505c6e63a118b205bfd0f9e6e3c1367954955bfed089b2cca34a2f2ccad2dd,7948954971496585394,GEMINI,BETA,HIGH,STRICT,1,PP,FREE8,BINF,IC-b,C6-E,C6-EX,575,-0.0002395902546702,-0.0194145701367173,0.0150875729886482,4822,0,5178,0.9645035496450356,13fa3d4aeb37d46698b8952561cda53f2e7b06c88560aecfeecfc4b3609fe283,PP_HIGH_STRICT_FREE8_google_gemini31flashlite_BINF_IC-b_R1,V13_SUPPLEMENTAL_SHA256_STREAM,1.0,False
PP_CONTRAST,"{""action_space"":""FREE8"",""analysis_id"":""PP_CONTRAST"",""budget"":""BINF"",""execution_policy"":""STRICT"",""information_condition"":""IC-b"",""lhs"":""C5"",""model"":""GEMINI"",""oracle"":""gamma"",""population"":""PP"",""reasoning_regime"":""HIGH"",""replicate"":""RUN1"",""rhs"":""C4""}",dcc1053dbcf9f0ed3da0a87dbccf80464020ddde8e839e36604b76dab07fe032,15907001121570943213,GEMINI,GAMMA,HIGH,STRICT,1,PP,FREE8,BINF,IC-b,C5,C4,575,-0.0185250162845019,-0.0550862571420384,0.018013223656838,8426,0,1574,0.314968503149685,5644594410e22755df6ddf2df90d0ebcb6cce8d1b7759855fa8941e0bae8b6e9,PP_HIGH_STRICT_FREE8_google_gemini31flashlite_BINF_IC-b_R1,V13_SUPPLEMENTAL_SHA256_STREAM,1.0,False
PP_CONTRAST,"{""action_space"":""FREE8"",""analysis_id"":""PP_CONTRAST"",""budget"":""BINF"",""execution_policy"":""STRICT"",""information_condition"":""IC-b"",""lhs"":""C4R"",""model"":""GEMINI"",""oracle"":""gamma"",""population"":""PP"",""reasoning_regime"":""HIGH"",""replicate"":""RUN1"",""rhs"":""C4""}",ca6be1f578f4932b7e3267c9076fc4b87492fab28c778000d92dea8307f0e708,14586000262582014763,GEMINI,GAMMA,HIGH,STRICT,1,PP,FREE8,BINF,IC-b,C4R,C4,575,0.0122270227924374,-0.0018859766196359,0.0270592202289126,427,0,9573,0.0855914408559144,536360c0f392308ec895fc5f495a38cc279c68e42fbfd13f3b2544f40fe4f8fe,PP_HIGH_STRICT_FREE8_google_gemini31flashlite_BINF_IC-b_R1,V13_SUPPLEMENTAL_SHA256_STREAM,0.6847315268473152,False
PP_CONTRAST,"{""action_space"":""FREE8"",""analysis_id"":""PP_CONTRAST"",""budget"":""BINF"",""execution_policy"":""STRICT"",""information_condition"":""IC-b"",""lhs"":""C6-E"",""model"":""GEMINI"",""oracle"":""gamma"",""population"":""PP"",""reasoning_regime"":""HIGH"",""replicate"":""RUN1"",""rhs"":""C4R""}",7121fbcadeceae8eb1abd8c39c25d41172d44aa5763fe092ce80588d44d5f0a7,8152073649257361038,GEMINI,GAMMA,HIGH,STRICT,1,PP,FREE8,BINF,IC-b,C6-E,C4R,575,0.0427412929181628,0.0225456099970275,0.0643938148867415,0,0,10000,0.0001999800019998,aa9ef49b43da5fced3c4fcb13e7fff94d6b39911a3dca12ac9460df7d6ef9f78,PP_HIGH_STRICT_FREE8_google_gemini31flashlite_BINF_IC-b_R1,V13_SUPPLEMENTAL_SHA256_STREAM,0.0023997600239976,True
PP_CONTRAST,"{""action_space"":""FREE8"",""analysis_id"":""PP_CONTRAST"",""budget"":""BINF"",""execution_policy"":""STRICT"",""information_condition"":""IC-b"",""lhs"":""C6-E"",""model"":""GEMINI"",""oracle"":""gamma"",""population"":""PP"",""reasoning_regime"":""HIGH"",""replicate"":""RUN1"",""rhs"":""C6-EX""}",a3a6da34791f96b5a9ae86b23dba8791f3bb1377be9bee36d3af140d5b010919,11792352593221490357,GEMINI,GAMMA,HIGH,STRICT,1,PP,FREE8,BINF,IC-b,C6-E,C6-EX,575,0.0227744302086518,0.0016031815717502,0.0446250174362269,161,0,9839,0.0323967603239676,f7bd03c7acb1a14d1bd4e4f633378955000e611f11772816ba3eb8de641cc26d,PP_HIGH_STRICT_FREE8_google_gemini31flashlite_BINF_IC-b_R1,V13_SUPPLEMENTAL_SHA256_STREAM,0.2915708429157084,False
PP_CONTRAST,"{""action_space"":""FREE8"",""analysis_id"":""PP_CONTRAST"",""budget"":""BINF"",""execution_policy"":""STRICT"",""information_condition"":""IC-b"",""lhs"":""C4R"",""model"":""GEMINI"",""oracle"":""alpha"",""population"":""PP"",""reasoning_regime"":""HIGH"",""replicate"":""RUN2"",""rhs"":""C4""}",c6ba3d80304d86a51275a6c8a61f0b20286e7cbe4a98d299d77440ebf4290f1f,14319825585953408677,GEMINI,ALPHA,HIGH,STRICT,2,PP,FREE8,BINF,IC-b,C4R,C4,575,0.1434374494292223,0.0959023767248489,0.1966715965479348,0,0,10000,0.0001999800019998,bdd54e946aa41f8227bb971449207fca35dc3fbc1aa793d6ffce12d78a274ff3,PP_HIGH_STRICT_FREE8_google_gemini31flashlite_BINF_IC-b_R2,V13_SUPPLEMENTAL_SHA256_STREAM,0.0011998800119988,True
PP_CONTRAST,"{""action_space"":""FREE8"",""analysis_id"":""PP_CONTRAST"",""budget"":""BINF"",""execution_policy"":""STRICT"",""information_condition"":""IC-b"",""lhs"":""C6-E"",""model"":""GEMINI"",""oracle"":""alpha"",""population"":""PP"",""reasoning_regime"":""HIGH"",""replicate"":""RUN2"",""rhs"":""C4R""}",44b54f49c839b78bc811562d091a09ae820b3d4dd366a50cdfe904e849b2fefc,4950950543674161035,GEMINI,ALPHA,HIGH,STRICT,2,PP,FREE8,BINF,IC-b,C6-E,C4R,575,-0.0022336536789492,-0.0660218486230571,0.0619026222271363,5264,0,4736,0.9473052694730528,858f9d8c1c8dab23a3247d210abe374251d1c45af573a04669720ba9c923780e,PP_HIGH_STRICT_FREE8_google_gemini31flashlite_BINF_IC-b_R2,V13_SUPPLEMENTAL_SHA256_STREAM,1.0,False
PP_CONTRAST,"{""action_space"":""FREE8"",""analysis_id"":""PP_CONTRAST"",""budget"":""BINF"",""execution_policy"":""STRICT"",""information_condition"":""IC-b"",""lhs"":""C4R"",""model"":""GEMINI"",""oracle"":""beta"",""population"":""PP"",""reasoning_regime"":""HIGH"",""replicate"":""RUN2"",""rhs"":""C4""}",76e2d2034d4472ab4d1ace4e3d974d19fe75c2a71cb825fd20fe449903ae86ae,8566640352835170987,GEMINI,BETA,HIGH,STRICT,2,PP,FREE8,BINF,IC-b,C4R,C4,575,0.019917651301469,0.0080261822246473,0.0340577998643317,10,0,9990,0.0021997800219978,0339e3e3a5d301b8a99395440e7f13281b9fd97f21589496013d2c938364bfc8,PP_HIGH_STRICT_FREE8_google_gemini31flashlite_BINF_IC-b_R2,V13_SUPPLEMENTAL_SHA256_STREAM,0.010998900109989,True
PP_CONTRAST,"{""action_space"":""FREE8"",""analysis_id"":""PP_CONTRAST"",""budget"":""BINF"",""execution_policy"":""STRICT"",""information_condition"":""IC-b"",""lhs"":""C6-E"",""model"":""GEMINI"",""oracle"":""beta"",""population"":""PP"",""reasoning_regime"":""HIGH"",""replicate"":""RUN2"",""rhs"":""C4R""}",b268bba13b3c913861906514192aa56214648062317f0ef52e76850cf02ea3f1,12855731437487034680,GEMINI,BETA,HIGH,STRICT,2,PP,FREE8,BINF,IC-b,C6-E,C4R,575,0.0221277570549341,0.0017472790333367,0.0425629223046162,165,0,9835,0.0331966803319668,b477d2684862ee7441bd52f4f44c549f251d9a0d334dc4133f64e5b2746d0162,PP_HIGH_STRICT_FREE8_google_gemini31flashlite_BINF_IC-b_R2,V13_SUPPLEMENTAL_SHA256_STREAM,0.1327867213278672,False
PP_CONTRAST,"{""action_space"":""FREE8"",""analysis_id"":""PP_CONTRAST"",""budget"":""BINF"",""execution_policy"":""STRICT"",""information_condition"":""IC-b"",""lhs"":""C4R"",""model"":""GEMINI"",""oracle"":""gamma"",""population"":""PP"",""reasoning_regime"":""HIGH"",""replicate"":""RUN2"",""rhs"":""C4""}",1e26df743fe3e3d8ae8170f460d5c2bb1603cfa097ef6d69a546e5c0cb07cdd4,2172669560633943000,GEMINI,GAMMA,HIGH,STRICT,2,PP,FREE8,BINF,IC-b,C4R,C4,575,0.0145741505369609,-0.0043290338647033,0.0336034341184104,652,0,9348,0.1305869413058694,69412c0c69c64b26a462c66179d9bdd78aa23675f9120adf5a98167d176c5b8d,PP_HIGH_STRICT_FREE8_google_gemini31flashlite_BINF_IC-b_R2,V13_SUPPLEMENTAL_SHA256_STREAM,0.3917608239176082,False
PP_CONTRAST,"{""action_space"":""FREE8"",""analysis_id"":""PP_CONTRAST"",""budget"":""BINF"",""execution_policy"":""STRICT"",""information_condition"":""IC-b"",""lhs"":""C6-E"",""model"":""GEMINI"",""oracle"":""gamma"",""population"":""PP"",""reasoning_regime"":""HIGH"",""replicate"":""RUN2"",""rhs"":""C4R""}",ca22a7632885d20b1b11cae3efe1e43c016ddb605c08139fdd2a72dbb555e7ee,14565388189193064971,GEMINI,GAMMA,HIGH,STRICT,2,PP,FREE8,BINF,IC-b,C6-E,C4R,575,0.0020470376236996,-0.0236679623523714,0.0268658212037045,4271,0,5729,0.8543145685431457,a82614588f60b71b07bf6e07ab2c084bdbffca4059517ed4dc86b37fffbff60c,PP_HIGH_STRICT_FREE8_google_gemini31flashlite_BINF_IC-b_R2,V13_SUPPLEMENTAL_SHA256_STREAM,1.0,False
PP_CONTRAST,"{""action_space"":""CANDIDATE9"",""analysis_id"":""PP_CONTRAST"",""budget"":""B1"",""execution_policy"":""STRICT"",""information_condition"":""IC-b"",""lhs"":""C4R"",""model"":""GEMINI"",""oracle"":""alpha"",""population"":""PP"",""reasoning_regime"":""HIGH"",""replicate"":""RUN1"",""rhs"":""C4""}",0c236dd399fcac81b63b2e6d8fe1b34bd0794b3f44e6be9c5c1d30075d4f054d,874663508229008513,GEMINI,ALPHA,HIGH,STRICT,1,PP,CANDIDATE9,B1,IC-b,C4R,C4,575,-0.0203331720559225,-0.0521046484882428,0.0088479060267952,9104,0,896,0.1793820617938206,259a6ae3ad56697df3da72c5e8eeecae4ffc28fde737ee8514135b1143cf1183,PP_HIGH_STRICT_CANDIDATE9_google_gemini31flashlite_B1_IC-b_R1,V13_SUPPLEMENTAL_SHA256_STREAM,0.5381461853814618,False
PP_CONTRAST,"{""action_space"":""CANDIDATE9"",""analysis_id"":""PP_CONTRAST"",""budget"":""B1"",""execution_policy"":""STRICT"",""information_condition"":""IC-b"",""lhs"":""C6-E"",""model"":""GEMINI"",""oracle"":""alpha"",""population"":""PP"",""reasoning_regime"":""HIGH"",""replicate"":""RUN1"",""rhs"":""C4R""}",0371cbac7da62348452b3e6a885683a4e23636723345647e995a2a32b45aa374,248203396184941384,GEMINI,ALPHA,HIGH,STRICT,1,PP,CANDIDATE9,B1,IC-b,C6-E,C4R,575,0.0370327081794462,-0.0099644611541514,0.0864806341953157,602,0,9398,0.1205879412058794,e927faa762804c582b232c9e1d87dfebed0925ac7107bc8f62dafea33900fc17,PP_HIGH_STRICT_CANDIDATE9_google_gemini31flashlite_B1_IC-b_R1,V13_SUPPLEMENTAL_SHA256_STREAM,0.4823517648235176,False
PP_CONTRAST,"{""action_space"":""CANDIDATE9"",""analysis_id"":""PP_CONTRAST"",""budget"":""B1"",""execution_policy"":""STRICT"",""information_condition"":""IC-b"",""lhs"":""C4R"",""model"":""GEMINI"",""oracle"":""beta"",""population"":""PP"",""reasoning_regime"":""HIGH"",""replicate"":""RUN1"",""rhs"":""C4""}",4e82dd835750b979e44a9d8c3dc461348535382fd83faedb4fddb24477df3cb9,5657327638106126713,GEMINI,BETA,HIGH,STRICT,1,PP,CANDIDATE9,B1,IC-b,C4R,C4,575,-0.0039390710537549,-0.0081275488338229,-0.0007933841961855,9979,0,21,0.0043995600439956,c25e50fbfd6005f34516f497945b70d2ed83f38d799584fa0a984c6bca111c62,PP_HIGH_STRICT_CANDIDATE9_google_gemini31flashlite_B1_IC-b_R1,V13_SUPPLEMENTAL_SHA256_STREAM,0.0263973602639736,True
PP_CONTRAST,"{""action_space"":""CANDIDATE9"",""analysis_id"":""PP_CONTRAST"",""budget"":""B1"",""execution_policy"":""STRICT"",""information_condition"":""IC-b"",""lhs"":""C6-E"",""model"":""GEMINI"",""oracle"":""beta"",""population"":""PP"",""reasoning_regime"":""HIGH"",""replicate"":""RUN1"",""rhs"":""C4R""}",ef93adead44bfa80163f59c0e9b6a39287a14ee9239bccb5782ba8b30aac94d9,17263333020736944768,GEMINI,BETA,HIGH,STRICT,1,PP,CANDIDATE9,B1,IC-b,C6-E,C4R,575,0.0086610773664386,1.0481929178638188e-05,0.020203704723245,245,0,9755,0.0491950804919508,f0e1248899356e2ee3dd24dbf82d0b37f48fb961582b8bfd30ed474ff06c6253,PP_HIGH_STRICT_CANDIDATE9_google_gemini31flashlite_B1_IC-b_R1,V13_SUPPLEMENTAL_SHA256_STREAM,0.24597540245975402,False
PP_CONTRAST,"{""action_space"":""CANDIDATE9"",""analysis_id"":""PP_CONTRAST"",""budget"":""B1"",""execution_policy"":""STRICT"",""information_condition"":""IC-b"",""lhs"":""C4R"",""model"":""GEMINI"",""oracle"":""gamma"",""population"":""PP"",""reasoning_regime"":""HIGH"",""replicate"":""RUN1"",""rhs"":""C4""}",e3857cb313b088d10930d94f67edd97902b2b80c0724d15478b8674abced60ca,16394647127083485393,GEMINI,GAMMA,HIGH,STRICT,1,PP,CANDIDATE9,B1,IC-b,C4R,C4,575,-0.0051610701653675,-0.0202026011327141,0.0101187905984363,7565,0,2435,0.4871512848715128,7d301866d7bc81ce76bf8ea62b3ee3cc106b404e78c597bd8d9ec731620d7066,PP_HIGH_STRICT_CANDIDATE9_google_gemini31flashlite_B1_IC-b_R1,V13_SUPPLEMENTAL_SHA256_STREAM,0.9115088491150884,False
PP_CONTRAST,"{""action_space"":""CANDIDATE9"",""analysis_id"":""PP_CONTRAST"",""budget"":""B1"",""execution_policy"":""STRICT"",""information_condition"":""IC-b"",""lhs"":""C6-E"",""model"":""GEMINI"",""oracle"":""gamma"",""population"":""PP"",""reasoning_regime"":""HIGH"",""replicate"":""RUN1"",""rhs"":""C4R""}",369abd2082739777281b51e7aa2ccf52f575e708e1076ecffc1412fdd1c1c339,3934665171786766199,GEMINI,GAMMA,HIGH,STRICT,1,PP,CANDIDATE9,B1,IC-b,C6-E,C4R,575,0.0078455967302778,-0.0134254993980943,0.0281063787967447,2278,0,7722,0.4557544245575442,caef7bf6c5f72d6aa3ec9ce7d458d0380c442c61ef70d7fd96cb7a432ac3af7b,PP_HIGH_STRICT_CANDIDATE9_google_gemini31flashlite_B1_IC-b_R1,V13_SUPPLEMENTAL_SHA256_STREAM,0.9115088491150884,False
PP_CONTRAST,"{""action_space"":""FREE8"",""analysis_id"":""PP_CONTRAST"",""budget"":""B1"",""execution_policy"":""STRICT"",""information_condition"":""IC-b"",""lhs"":""C4R"",""model"":""GEMINI"",""oracle"":""alpha"",""population"":""PP"",""reasoning_regime"":""HIGH"",""replicate"":""RUN2"",""rhs"":""C4""}",7f9d1b07042bf8b24ce94f83cfb1f7410c25ab57b25ff27cd439f383d2da3775,9195535731109132466,GEMINI,ALPHA,HIGH,STRICT,2,PP,FREE8,B1,IC-b,C4R,C4,563,-0.0137002821406071,-0.0497702793799566,0.0174117154924612,7778,0,2222,0.4445555444455554,eb9f262d2e108156939e6742d6ae17880c676695f1f12f4cbe292c53d2e076a9,PP_HIGH_STRICT_FREE8_google_gemini31flashlite_B1_IC-b_R2,V13_SUPPLEMENTAL_SHA256_STREAM,1.0,False
PP_CONTRAST,"{""action_space"":""FREE8"",""analysis_id"":""PP_CONTRAST"",""budget"":""B1"",""execution_policy"":""STRICT"",""information_condition"":""IC-b"",""lhs"":""C6-E"",""model"":""GEMINI"",""oracle"":""alpha"",""population"":""PP"",""reasoning_regime"":""HIGH"",""replicate"":""RUN2"",""rhs"":""C4R""}",2174704904201b1ad8c986d87532dd6a9c6132bda40b340d49beb263bfce7403,2410675159454194458,GEMINI,ALPHA,HIGH,STRICT,2,PP,FREE8,B1,IC-b,C6-E,C4R,559,0.0762490214675272,0.0292565671429749,0.126157564178076,6,0,9994,0.0013998600139986,2c4ffb6cb9f2b3b3e0f9a24e47b5793d9074fd3b40127a747a9ae8b3c73a2fea,PP_HIGH_STRICT_FREE8_google_gemini31flashlite_B1_IC-b_R2,V13_SUPPLEMENTAL_SHA256_STREAM,0.0083991600839916,True
PP_CONTRAST,"{""action_space"":""FREE8"",""analysis_id"":""PP_CONTRAST"",""budget"":""B1"",""execution_policy"":""STRICT"",""information_condition"":""IC-b"",""lhs"":""C4R"",""model"":""GEMINI"",""oracle"":""beta"",""population"":""PP"",""reasoning_regime"":""HIGH"",""replicate"":""RUN2"",""rhs"":""C4""}",9b4a6fc205f69b12ccdd8749602aaeeed144048c9c4a1e52634017303f7b07c0,11189879103269804818,GEMINI,BETA,HIGH,STRICT,2,PP,FREE8,B1,IC-b,C4R,C4,563,-0.001714064825477,-0.0168222250498303,0.01311015424194,5889,0,4111,0.8223177682231777,382a35984f0e3db321ee0f9c905ddff3380b0b60ff5063c0b83bc44cc7a502fd,PP_HIGH_STRICT_FREE8_google_gemini31flashlite_B1_IC-b_R2,V13_SUPPLEMENTAL_SHA256_STREAM,1.0,False
PP_CONTRAST,"{""action_space"":""FREE8"",""analysis_id"":""PP_CONTRAST"",""budget"":""B1"",""execution_policy"":""STRICT"",""information_condition"":""IC-b"",""lhs"":""C6-E"",""model"":""GEMINI"",""oracle"":""beta"",""population"":""PP"",""reasoning_regime"":""HIGH"",""replicate"":""RUN2"",""rhs"":""C4R""}",7e64cfda88e7e45bb98c3595b6c1ca73fdf46385bfefb4f5314413cba66b9746,9107632883956704347,GEMINI,BETA,HIGH,STRICT,2,PP,FREE8,B1,IC-b,C6-E,C4R,559,0.0200020074320156,0.0020140494612158,0.0393923922780027,149,0,9851,0.02999700029997,153b6467bc7e41ea847e3e4f33571ebc360fda19478d2c623e2d14fbaf894a96,PP_HIGH_STRICT_FREE8_google_gemini31flashlite_B1_IC-b_R2,V13_SUPPLEMENTAL_SHA256_STREAM,0.11998800119988,False
PP_CONTRAST,"{""action_space"":""FREE8"",""analysis_id"":""PP_CONTRAST"",""budget"":""B1"",""execution_policy"":""STRICT"",""information_condition"":""IC-b"",""lhs"":""C4R"",""model"":""GEMINI"",""oracle"":""gamma"",""population"":""PP"",""reasoning_regime"":""HIGH"",""replicate"":""RUN2"",""rhs"":""C4""}",e1ea7d2cdf3fcac8e1c206465cc04168154558931cedb79497b5f2364e9c3d27,16278961434761611976,GEMINI,GAMMA,HIGH,STRICT,2,PP,FREE8,B1,IC-b,C4R,C4,563,-0.0020226269145952,-0.0143355643155523,0.0097513763163643,6274,0,3726,0.7453254674532547,a7d522dbdc6ee2139f9ab688a3909ba696158b626e35fa1e2f70bd084052989b,PP_HIGH_STRICT_FREE8_google_gemini31flashlite_B1_IC-b_R2,V13_SUPPLEMENTAL_SHA256_STREAM,1.0,False
PP_CONTRAST,"{""action_space"":""FREE8"",""analysis_id"":""PP_CONTRAST"",""budget"":""B1"",""execution_policy"":""STRICT"",""information_condition"":""IC-b"",""lhs"":""C6-E"",""model"":""GEMINI"",""oracle"":""gamma"",""population"":""PP"",""reasoning_regime"":""HIGH"",""replicate"":""RUN2"",""rhs"":""C4R""}",09db8e375d56705e13f5bd737103498de7b1c4963f6e13943453f73ba8e8a794,710317734681276510,GEMINI,GAMMA,HIGH,STRICT,2,PP,FREE8,B1,IC-b,C6-E,C4R,559,0.019253086268932,0.0037250244773222,0.0357691778011108,82,0,9918,0.0165983401659834,33d5ef82610f9b92d5e08662380db5852990d24795124b98a9ab78b41029bc92,PP_HIGH_STRICT_FREE8_google_gemini31flashlite_B1_IC-b_R2,V13_SUPPLEMENTAL_SHA256_STREAM,0.082991700829917,False
PP_CONTRAST,"{""action_space"":""FREE8"",""analysis_id"":""PP_CONTRAST"",""budget"":""B1"",""execution_policy"":""STRICT"",""information_condition"":""IC-b"",""lhs"":""C4R"",""model"":""GPT"",""oracle"":""alpha"",""population"":""PP"",""reasoning_regime"":""HIGH"",""replicate"":""RUN2"",""rhs"":""C4""}",6632a5e4274fd251744f95ef8af0de944b9d76298159bd6a63119e6045e38ed8,7364130740034851409,GPT,ALPHA,HIGH,STRICT,2,PP,FREE8,B1,IC-b,C4R,C4,552,0.0253683899218115,0.0036578664377552,0.0534670312984585,72,10,9918,0.0165983401659834,cb9c4d265e8956f066cfc58e07070eaf9819631e779b12af98354cf383619e03,PP_HIGH_STRICT_FREE8_openai_gpt54mini_B1_IC-b_R2,V13_SUPPLEMENTAL_SHA256_STREAM,0.049795020497950204,True
PP_CONTRAST,"{""action_space"":""FREE8"",""analysis_id"":""PP_CONTRAST"",""budget"":""B1"",""execution_policy"":""STRICT"",""information_condition"":""IC-b"",""lhs"":""C6-E"",""model"":""GPT"",""oracle"":""alpha"",""population"":""PP"",""reasoning_regime"":""HIGH"",""replicate"":""RUN2"",""rhs"":""C4R""}",a957f53e2616afdfc533da311a9effaa3bec70a9d4afc09bea6fb67a0f955227,12202491362659446751,GPT,ALPHA,HIGH,STRICT,2,PP,FREE8,B1,IC-b,C6-E,C4R,558,0.078380832414119,0.0365731529932458,0.1222149823842834,0,0,10000,0.0001999800019998,7d865ad9383a9804ff7a84c4f2e3e4164091700c5614a6e59333f10d571a4cd4,PP_HIGH_STRICT_FREE8_openai_gpt54mini_B1_IC-b_R2,V13_SUPPLEMENTAL_SHA256_STREAM,0.0011998800119988,True
PP_CONTRAST,"{""action_space"":""FREE8"",""analysis_id"":""PP_CONTRAST"",""budget"":""B1"",""execution_policy"":""STRICT"",""information_condition"":""IC-b"",""lhs"":""C4R"",""model"":""GPT"",""oracle"":""beta"",""population"":""PP"",""reasoning_regime"":""HIGH"",""replicate"":""RUN2"",""rhs"":""C4""}",f5c3bd45aba0f8d514d974be6e3f4e5b97eb32280e737bc363a9d5487f4241b7,17709206266680768725,GPT,BETA,HIGH,STRICT,2,PP,FREE8,B1,IC-b,C4R,C4,552,0.0061936974047854,0.0004253706228327,0.0167865732302524,84,0,9916,0.016998300169983,1a612312d760761e746b6c84a99c570ea5d0ebffc39e822c639e150dc0557155,PP_HIGH_STRICT_FREE8_openai_gpt54mini_B1_IC-b_R2,V13_SUPPLEMENTAL_SHA256_STREAM,0.049795020497950204,True
PP_CONTRAST,"{""action_space"":""FREE8"",""analysis_id"":""PP_CONTRAST"",""budget"":""B1"",""execution_policy"":""STRICT"",""information_condition"":""IC-b"",""lhs"":""C6-E"",""model"":""GPT"",""oracle"":""beta"",""population"":""PP"",""reasoning_regime"":""HIGH"",""replicate"":""RUN2"",""rhs"":""C4R""}",3a9f2e26df5ce42c38aec2ff48b3a0a2da055afe36a033469097bd37192ac7a7,4224145719987856428,GPT,BETA,HIGH,STRICT,2,PP,FREE8,B1,IC-b,C6-E,C4R,558,0.0297893198008741,0.0107887950536104,0.0523007143350974,6,0,9994,0.0013998600139986,ca68a61ec22c8c972818d3efa5a85185952d899e8ef646a4f1851bb1b4b024e8,PP_HIGH_STRICT_FREE8_openai_gpt54mini_B1_IC-b_R2,V13_SUPPLEMENTAL_SHA256_STREAM,0.0055994400559944,True
PP_CONTRAST,"{""action_space"":""FREE8"",""analysis_id"":""PP_CONTRAST"",""budget"":""B1"",""execution_policy"":""STRICT"",""information_condition"":""IC-b"",""lhs"":""C4R"",""model"":""GPT"",""oracle"":""gamma"",""population"":""PP"",""reasoning_regime"":""HIGH"",""replicate"":""RUN2"",""rhs"":""C4""}",3e64af6b426cb5cf0d6c03c476e2f86ff4de62f87a2ed19afa8b9e81293a7b77,4495911203233379791,GPT,GAMMA,HIGH,STRICT,2,PP,FREE8,B1,IC-b,C4R,C4,552,0.0036938572122802,-0.0019607381251364,0.0109105173165586,1264,0,8736,0.252974702529747,6b14278fce8a8c2b96ee927752b4a603fbef304107c529e249b9dfb2a75a5908,PP_HIGH_STRICT_FREE8_openai_gpt54mini_B1_IC-b_R2,V13_SUPPLEMENTAL_SHA256_STREAM,0.252974702529747,False
PP_CONTRAST,"{""action_space"":""FREE8"",""analysis_id"":""PP_CONTRAST"",""budget"":""B1"",""execution_policy"":""STRICT"",""information_condition"":""IC-b"",""lhs"":""C6-E"",""model"":""GPT"",""oracle"":""gamma"",""population"":""PP"",""reasoning_regime"":""HIGH"",""replicate"":""RUN2"",""rhs"":""C4R""}",35d3e780fb0552ccb7d6bf1d28600196316b7757d07807add19988716a53b344,3878698245249389260,GPT,GAMMA,HIGH,STRICT,2,PP,FREE8,B1,IC-b,C6-E,C4R,558,0.0376471067945168,0.0177433906271381,0.0586120005787931,3,0,9997,0.0007999200079992,d8bd58e767839cc716e40b0fd42645e09aea87dec5fb4c5b0ff4df39b63ebc3f,PP_HIGH_STRICT_FREE8_openai_gpt54mini_B1_IC-b_R2,V13_SUPPLEMENTAL_SHA256_STREAM,0.003999600039996,True
PP_CONTRAST,"{""action_space"":""FREE8"",""analysis_id"":""PP_CONTRAST"",""budget"":""B1"",""execution_policy"":""STRICT"",""information_condition"":""IC-b"",""lhs"":""C5"",""model"":""GPT"",""oracle"":""alpha"",""population"":""PP"",""reasoning_regime"":""HIGH"",""replicate"":""RUN1"",""rhs"":""C4""}",dd7d1797b4434ba25f7689f039dcd97584774062a9bb269ed63340645228a151,15959938594802715554,GPT,ALPHA,HIGH,STRICT,1,PP,FREE8,B1,IC-b,C5,C4,557,0.0055946645265029,-0.0522146881899832,0.0650286944557853,4176,0,5824,0.8353164683531646,f07769e8f6efda7aa166a13e78a1ae60eb63089774ac2fb049fd02bdb8562939,PP_HIGH_STRICT_FREE8_openai_gpt54mini_B1_IC-b_R1,V13_SUPPLEMENTAL_SHA256_STREAM,1.0,False
PP_CONTRAST,"{""action_space"":""FREE8"",""analysis_id"":""PP_CONTRAST"",""budget"":""B1"",""execution_policy"":""STRICT"",""information_condition"":""IC-b"",""lhs"":""C4R"",""model"":""GPT"",""oracle"":""alpha"",""population"":""PP"",""reasoning_regime"":""HIGH"",""replicate"":""RUN1"",""rhs"":""C4""}",0ec65f7872ae343d45cc8a608a96bfebccfabf568c6eacf2744f264c51b8dfbe,1064643332844434493,GPT,ALPHA,HIGH,STRICT,1,PP,FREE8,B1,IC-b,C4R,C4,552,0.0109579751940614,-0.0005688227310619,0.0296045168657961,374,35,9591,0.081991800819918,54c76cd9b122db2d5ad0bed740431c24d8e599e08fd05253bf834ea85278e4cb,PP_HIGH_STRICT_FREE8_openai_gpt54mini_B1_IC-b_R1,V13_SUPPLEMENTAL_SHA256_STREAM,0.573942605739426,False
PP_CONTRAST,"{""action_space"":""FREE8"",""analysis_id"":""PP_CONTRAST"",""budget"":""B1"",""execution_policy"":""STRICT"",""information_condition"":""IC-b"",""lhs"":""C6-E"",""model"":""GPT"",""oracle"":""alpha"",""population"":""PP"",""reasoning_regime"":""HIGH"",""replicate"":""RUN1"",""rhs"":""C4R""}",3dab4f93a9c70956f963434888c185a7170d9d9c03c43975337edc0d3bc5ffc8,4443732952958306646,GPT,ALPHA,HIGH,STRICT,1,PP,FREE8,B1,IC-b,C6-E,C4R,558,0.1226091202194142,0.0721327527963726,0.1776044714137768,0,0,10000,0.0001999800019998,1772be1a79acec71f384b9cc8fd826717000611c20549278b087957d3681bcb8,PP_HIGH_STRICT_FREE8_openai_gpt54mini_B1_IC-b_R1,V13_SUPPLEMENTAL_SHA256_STREAM,0.0023997600239976,True
PP_CONTRAST,"{""action_space"":""FREE8"",""analysis_id"":""PP_CONTRAST"",""budget"":""B1"",""execution_policy"":""STRICT"",""information_condition"":""IC-b"",""lhs"":""C6-E"",""model"":""GPT"",""oracle"":""alpha"",""population"":""PP"",""reasoning_regime"":""HIGH"",""replicate"":""RUN1"",""rhs"":""C6-EX""}",4c1eceba5b7c6c5ef19b509c5b610d7f802d2648d7b84325a6714765a6214c84,5485048695977962590,GPT,ALPHA,HIGH,STRICT,1,PP,FREE8,B1,IC-b,C6-E,C6-EX,557,0.1291152767224391,0.0697318036536541,0.1910539631308018,0,0,10000,0.0001999800019998,8dc7d803e6dfa874cdef05a8644694576382d6f06ccd8abfd26c1cf827182a60,PP_HIGH_STRICT_FREE8_openai_gpt54mini_B1_IC-b_R1,V13_SUPPLEMENTAL_SHA256_STREAM,0.0023997600239976,True
PP_CONTRAST,"{""action_space"":""FREE8"",""analysis_id"":""PP_CONTRAST"",""budget"":""B1"",""execution_policy"":""STRICT"",""information_condition"":""IC-b"",""lhs"":""C5"",""model"":""GPT"",""oracle"":""beta"",""population"":""PP"",""reasoning_regime"":""HIGH"",""replicate"":""RUN1"",""rhs"":""C4""}",43a45087226e2da1684ce2f7fac515b2d130f5b45f3eb947894efeb7d1aa12dd,4874109238050172321,GPT,BETA,HIGH,STRICT,1,PP,FREE8,B1,IC-b,C5,C4,557,0.0031751334005667,-0.0158475709972824,0.01917301313179,3302,0,6698,0.6605339466053395,5295f7b3ade1eda002828e33ffdd4403abf0c8850c75e8903304124b066ea308,PP_HIGH_STRICT_FREE8_openai_gpt54mini_B1_IC-b_R1,V13_SUPPLEMENTAL_SHA256_STREAM,1.0,False
PP_CONTRAST,"{""action_space"":""FREE8"",""analysis_id"":""PP_CONTRAST"",""budget"":""B1"",""execution_policy"":""STRICT"",""information_condition"":""IC-b"",""lhs"":""C4R"",""model"":""GPT"",""oracle"":""beta"",""population"":""PP"",""reasoning_regime"":""HIGH"",""replicate"":""RUN1"",""rhs"":""C4""}",9d38123d43acba41916e1d7e38471e82c47549b9b33a897f37be04506e89dc8f,11328824916988181057,GPT,BETA,HIGH,STRICT,1,PP,FREE8,B1,IC-b,C4R,C4,552,0.000581687808158,-0.0012152017730199,0.0021603118021975,2386,0,7614,0.4773522647735226,9d7fa18c19cf0d4901b97cef9b0d9091fa90762263fabb48fba2c3e492c87760,PP_HIGH_STRICT_FREE8_openai_gpt54mini_B1_IC-b_R1,V13_SUPPLEMENTAL_SHA256_STREAM,1.0,False
PP_CONTRAST,"{""action_space"":""FREE8"",""analysis_id"":""PP_CONTRAST"",""budget"":""B1"",""execution_policy"":""STRICT"",""information_condition"":""IC-b"",""lhs"":""C6-E"",""model"":""GPT"",""oracle"":""beta"",""population"":""PP"",""reasoning_regime"":""HIGH"",""replicate"":""RUN1"",""rhs"":""C4R""}",b0bbe721c982a79bedf2f69adba6d314d193f4cd4ccc51bdc7ab6ffc276382ee,12735026503620929435,GPT,BETA,HIGH,STRICT,1,PP,FREE8,B1,IC-b,C6-E,C4R,558,0.0242438475234387,0.0071388729584362,0.045093016164139,17,0,9983,0.0035996400359964,22d47251037d9ac97128793f88739073d2cc2c3ab99c824b5957bbf057dabfe6,PP_HIGH_STRICT_FREE8_openai_gpt54mini_B1_IC-b_R1,V13_SUPPLEMENTAL_SHA256_STREAM,0.035996400359964,True
PP_CONTRAST,"{""action_space"":""FREE8"",""analysis_id"":""PP_CONTRAST"",""budget"":""B1"",""execution_policy"":""STRICT"",""information_condition"":""IC-b"",""lhs"":""C6-E"",""model"":""GPT"",""oracle"":""beta"",""population"":""PP"",""reasoning_regime"":""HIGH"",""replicate"":""RUN1"",""rhs"":""C6-EX""}",9ac3f66960d5dafb7370ca5f687b50f457a4a530d339e58ce7f151adfbcf92f4,11152028034756107003,GPT,BETA,HIGH,STRICT,1,PP,FREE8,B1,IC-b,C6-E,C6-EX,557,0.014619185939813,-0.0067708762953453,0.0363933299676089,891,0,9109,0.1783821617838216,791f698d9ee14152d9cdeb9fc38a8e9818730de4be0fd8292c868239fff86c7d,PP_HIGH_STRICT_FREE8_openai_gpt54mini_B1_IC-b_R1,V13_SUPPLEMENTAL_SHA256_STREAM,1.0,False
PP_CONTRAST,"{""action_space"":""FREE8"",""analysis_id"":""PP_CONTRAST"",""budget"":""B1"",""execution_policy"":""STRICT"",""information_condition"":""IC-b"",""lhs"":""C5"",""model"":""GPT"",""oracle"":""gamma"",""population"":""PP"",""reasoning_regime"":""HIGH"",""replicate"":""RUN1"",""rhs"":""C4""}",88bc21b0ad97f0a32c97c8ea5f53870542bcfad04e865bdb4b2deaa302ceabf1,9852787127490179235,GPT,GAMMA,HIGH,STRICT,1,PP,FREE8,B1,IC-b,C5,C4,557,0.0042025178993226,-0.0200452198997251,0.0305851703381996,3777,0,6223,0.7555244475552445,2b49e30a9c42d44c98d58167b7e519d5dd8794f089b7c3f0c3f2d5a3fc354a8b,PP_HIGH_STRICT_FREE8_openai_gpt54mini_B1_IC-b_R1,V13_SUPPLEMENTAL_SHA256_STREAM,1.0,False
PP_CONTRAST,"{""action_space"":""FREE8"",""analysis_id"":""PP_CONTRAST"",""budget"":""B1"",""execution_policy"":""STRICT"",""information_condition"":""IC-b"",""lhs"":""C4R"",""model"":""GPT"",""oracle"":""gamma"",""population"":""PP"",""reasoning_regime"":""HIGH"",""replicate"":""RUN1"",""rhs"":""C4""}",5bf24668cffeb5a91f18d29edeea3341f39589c8f7063274623d4be304e950e3,6625435417795540393,GPT,GAMMA,HIGH,STRICT,1,PP,FREE8,B1,IC-b,C4R,C4,552,0.0015754339321178,-0.0029611096003597,0.0082396884021141,3196,2,6802,0.6397360263973603,bd91718ac5252403edb4849264435f2d7fcbf6102b3a80ec4b9ba62a06820223,PP_HIGH_STRICT_FREE8_openai_gpt54mini_B1_IC-b_R1,V13_SUPPLEMENTAL_SHA256_STREAM,1.0,False
PP_CONTRAST,"{""action_space"":""FREE8"",""analysis_id"":""PP_CONTRAST"",""budget"":""B1"",""execution_policy"":""STRICT"",""information_condition"":""IC-b"",""lhs"":""C6-E"",""model"":""GPT"",""oracle"":""gamma"",""population"":""PP"",""reasoning_regime"":""HIGH"",""replicate"":""RUN1"",""rhs"":""C4R""}",9375dcbefc87240614b85a5879408b50dc4a990f0c2b27dc05d335aece751167,10625641608689165318,GPT,GAMMA,HIGH,STRICT,1,PP,FREE8,B1,IC-b,C6-E,C4R,558,0.027186325341152,0.0045979391965535,0.0496820842464964,103,0,9897,0.0207979202079792,b53663d2c3dc9547869591df9b64278676c06cf7e568646b1fbf5219d3238a33,PP_HIGH_STRICT_FREE8_openai_gpt54mini_B1_IC-b_R1,V13_SUPPLEMENTAL_SHA256_STREAM,0.1663833616638336,False
PP_CONTRAST,"{""action_space"":""FREE8"",""analysis_id"":""PP_CONTRAST"",""budget"":""B1"",""execution_policy"":""STRICT"",""information_condition"":""IC-b"",""lhs"":""C6-E"",""model"":""GPT"",""oracle"":""gamma"",""population"":""PP"",""reasoning_regime"":""HIGH"",""replicate"":""RUN1"",""rhs"":""C6-EX""}",eab5f3c2c06f81653cd25d2a55b9913196cc3894a42cecb416633c4a04507f61,16912691993437503845,GPT,GAMMA,HIGH,STRICT,1,PP,FREE8,B1,IC-b,C6-E,C6-EX,557,0.0278024243492918,0.0053035942604893,0.0525810010300666,77,0,9923,0.0155984401559844,ec3d66a14c3e8089d7ecd44d7503e474c763b88b91dbdce4d7ed4a8763513884,PP_HIGH_STRICT_FREE8_openai_gpt54mini_B1_IC-b_R1,V13_SUPPLEMENTAL_SHA256_STREAM,0.14038596140385962,False
PP_CONTRAST,"{""action_space"":""CANDIDATE9"",""analysis_id"":""PP_CONTRAST"",""budget"":""B1"",""execution_policy"":""STRICT"",""information_condition"":""IC-b"",""lhs"":""C4R"",""model"":""GPT"",""oracle"":""alpha"",""population"":""PP"",""reasoning_regime"":""HIGH"",""replicate"":""RUN1"",""rhs"":""C4""}",5d738efb8c12e5600228a6bd69917938a7bbc2761e12683249936ee035a8aa4f,6733883078887007584,GPT,ALPHA,HIGH,STRICT,1,PP,CANDIDATE9,B1,IC-b,C4R,C4,553,0.0158861571797472,-0.0023965105661638,0.0393703445747061,498,28,9474,0.1053894610538946,1f298112d1cdac72eedf4eecf5e8f0904d77f1c51c73054fcea2c77ebd04c142,PP_HIGH_STRICT_CANDIDATE9_openai_gpt54mini_B1_IC-b_R1,V13_SUPPLEMENTAL_SHA256_STREAM,0.442955704429557,False
PP_CONTRAST,"{""action_space"":""CANDIDATE9"",""analysis_id"":""PP_CONTRAST"",""budget"":""B1"",""execution_policy"":""STRICT"",""information_condition"":""IC-b"",""lhs"":""C6-E"",""model"":""GPT"",""oracle"":""alpha"",""population"":""PP"",""reasoning_regime"":""HIGH"",""replicate"":""RUN1"",""rhs"":""C4R""}",73364fb8b179e2b3cd5af05a2e8c46f54cc6558959f6e9bf6004b39e93a318c1,8301910617774219955,GPT,ALPHA,HIGH,STRICT,1,PP,CANDIDATE9,B1,IC-b,C6-E,C4R,564,0.0320294836686725,-0.0045339238781679,0.0691810169457663,442,0,9558,0.0885911408859114,2e2d1da1bf270e948ad2534a5eb0b7f6c490891f52d35d8c58244697a9841c34,PP_HIGH_STRICT_CANDIDATE9_openai_gpt54mini_B1_IC-b_R1,V13_SUPPLEMENTAL_SHA256_STREAM,0.442955704429557,False
PP_CONTRAST,"{""action_space"":""CANDIDATE9"",""analysis_id"":""PP_CONTRAST"",""budget"":""B1"",""execution_policy"":""STRICT"",""information_condition"":""IC-b"",""lhs"":""C4R"",""model"":""GPT"",""oracle"":""beta"",""population"":""PP"",""reasoning_regime"":""HIGH"",""replicate"":""RUN1"",""rhs"":""C4""}",34109dfe005a7c1cf4ac3f9e5ba32758c025ee6ad47e54597af8c3f95916f57d,3751672203852807196,GPT,BETA,HIGH,STRICT,1,PP,CANDIDATE9,B1,IC-b,C4R,C4,553,0.0013311334995102,-0.0042925886621992,0.0067046766237656,3010,0,6990,0.6021397860213978,17f9a443a67bec2b5d5cf6f363ae151c49bdb17077000fd967f49818f69cc6c4,PP_HIGH_STRICT_CANDIDATE9_openai_gpt54mini_B1_IC-b_R1,V13_SUPPLEMENTAL_SHA256_STREAM,1.0,False
PP_CONTRAST,"{""action_space"":""CANDIDATE9"",""analysis_id"":""PP_CONTRAST"",""budget"":""B1"",""execution_policy"":""STRICT"",""information_condition"":""IC-b"",""lhs"":""C6-E"",""model"":""GPT"",""oracle"":""beta"",""population"":""PP"",""reasoning_regime"":""HIGH"",""replicate"":""RUN1"",""rhs"":""C4R""}",06807fe7385003b58c8c866d179666545efc6ca18f922e970b65f842b3b1262f,468514992305472437,GPT,BETA,HIGH,STRICT,1,PP,CANDIDATE9,B1,IC-b,C6-E,C4R,564,0.0036421043064396,-0.0095690372737661,0.0139791312153273,2501,0,7499,0.5003499650034996,8a42cf5ed45c919d5cb0efb4798f0208dcba41e23b2dcc01861280dfd02a4d6d,PP_HIGH_STRICT_CANDIDATE9_openai_gpt54mini_B1_IC-b_R1,V13_SUPPLEMENTAL_SHA256_STREAM,1.0,False
PP_CONTRAST,"{""action_space"":""CANDIDATE9"",""analysis_id"":""PP_CONTRAST"",""budget"":""B1"",""execution_policy"":""STRICT"",""information_condition"":""IC-b"",""lhs"":""C4R"",""model"":""GPT"",""oracle"":""gamma"",""population"":""PP"",""reasoning_regime"":""HIGH"",""replicate"":""RUN1"",""rhs"":""C4""}",461ebd68ee0aa4a48626dd5daee9cf4c99ab6f7147132ff3bf59e54e30f1f056,5052684090324198564,GPT,GAMMA,HIGH,STRICT,1,PP,CANDIDATE9,B1,IC-b,C4R,C4,553,0.0032962983732766,-0.0083065467695141,0.0157961550618322,2887,0,7113,0.5775422457754225,ca71906d1957b213c02fb38e2203fe2b47036a4b9e6ac7ba4f2ce8351197ecaa,PP_HIGH_STRICT_CANDIDATE9_openai_gpt54mini_B1_IC-b_R1,V13_SUPPLEMENTAL_SHA256_STREAM,1.0,False
PP_CONTRAST,"{""action_space"":""CANDIDATE9"",""analysis_id"":""PP_CONTRAST"",""budget"":""B1"",""execution_policy"":""STRICT"",""information_condition"":""IC-b"",""lhs"":""C6-E"",""model"":""GPT"",""oracle"":""gamma"",""population"":""PP"",""reasoning_regime"":""HIGH"",""replicate"":""RUN1"",""rhs"":""C4R""}",030721ef6d9046dbf2df08b1c66f62a2375f379266ea75201cea4317334e386a,218180419169830619,GPT,GAMMA,HIGH,STRICT,1,PP,CANDIDATE9,B1,IC-b,C6-E,C4R,564,0.0256011863452493,0.0040151774486233,0.0490336037382583,96,0,9904,0.0193980601939806,7c5fce9f1ef8f5a5da361b3016379f32567fc1e335f7fd7f80e3dfcd5fa29a96,PP_HIGH_STRICT_CANDIDATE9_openai_gpt54mini_B1_IC-b_R1,V13_SUPPLEMENTAL_SHA256_STREAM,0.1163883611638836,False
PP_CONTRAST,"{""action_space"":""FREE8"",""analysis_id"":""PP_CONTRAST"",""budget"":""BINF"",""execution_policy"":""STRICT"",""information_condition"":""IC-b"",""lhs"":""C5"",""model"":""GPT"",""oracle"":""alpha"",""population"":""PP"",""reasoning_regime"":""HIGH"",""replicate"":""RUN1"",""rhs"":""C4""}",e074364c023701f597b704d2ad89e9c9d25ed1266546db13ff7e653f22ff4d72,16173611861876867573,GPT,ALPHA,HIGH,STRICT,1,PP,FREE8,BINF,IC-b,C5,C4,566,-0.0839673968997822,-0.1523879463444146,-0.0173377527007469,9929,0,71,0.0143985601439856,1c7da79e1a5eaaa0f0b045042bc20d1f2188c019bebfd5ee8e800b903a4596f1,PP_HIGH_STRICT_FREE8_openai_gpt54mini_BINF_IC-b_R1,V13_SUPPLEMENTAL_SHA256_STREAM,0.0791920807919208,False
PP_CONTRAST,"{""action_space"":""FREE8"",""analysis_id"":""PP_CONTRAST"",""budget"":""BINF"",""execution_policy"":""STRICT"",""information_condition"":""IC-b"",""lhs"":""C4R"",""model"":""GPT"",""oracle"":""alpha"",""population"":""PP"",""reasoning_regime"":""HIGH"",""replicate"":""RUN1"",""rhs"":""C4""}",c6b9d2f96b7862899219fd64542f2c62cd67ce6b6481c018ac7d2ddc5773eaef,14319708458892944009,GPT,ALPHA,HIGH,STRICT,1,PP,FREE8,BINF,IC-b,C4R,C4,567,0.0593825755130106,0.0207830958215348,0.1008674441342547,11,0,9989,0.0023997600239976,9be3b0d4e6b65006a29d126d90cbb169369928c55ae2309b5d727bc8c2e68ef9,PP_HIGH_STRICT_FREE8_openai_gpt54mini_BINF_IC-b_R1,V13_SUPPLEMENTAL_SHA256_STREAM,0.0197980201979802,True
PP_CONTRAST,"{""action_space"":""FREE8"",""analysis_id"":""PP_CONTRAST"",""budget"":""BINF"",""execution_policy"":""STRICT"",""information_condition"":""IC-b"",""lhs"":""C6-E"",""model"":""GPT"",""oracle"":""alpha"",""population"":""PP"",""reasoning_regime"":""HIGH"",""replicate"":""RUN1"",""rhs"":""C4R""}",0d5e24287cf149b26e9ea2e4093a5f92bbd716598f759ed7c7a9806134bc1580,963247126617344434,GPT,ALPHA,HIGH,STRICT,1,PP,FREE8,BINF,IC-b,C6-E,C4R,567,0.2243043463838956,0.1541221105151577,0.2982877394239565,0,0,10000,0.0001999800019998,f1935de8373df2a6b14fd74eec9c307d1eb5e55e79c324ec2ac17e53ce56ccd7,PP_HIGH_STRICT_FREE8_openai_gpt54mini_BINF_IC-b_R1,V13_SUPPLEMENTAL_SHA256_STREAM,0.0023997600239976,True
PP_CONTRAST,"{""action_space"":""FREE8"",""analysis_id"":""PP_CONTRAST"",""budget"":""BINF"",""execution_policy"":""STRICT"",""information_condition"":""IC-b"",""lhs"":""C6-E"",""model"":""GPT"",""oracle"":""alpha"",""population"":""PP"",""reasoning_regime"":""HIGH"",""replicate"":""RUN1"",""rhs"":""C6-EX""}",93e74c3664b8e25c45cc1fe54ff5017d99fc24343ade374884691d871256b0d9,10657570839697351260,GPT,ALPHA,HIGH,STRICT,1,PP,FREE8,BINF,IC-b,C6-E,C6-EX,565,0.0934556553849253,0.0192124134048489,0.1699314142425972,65,0,9935,0.0131986801319868,a5bc05cddbba45a4831ef18025326203ef8cfe2f51081b536947ec7b172a5662,PP_HIGH_STRICT_FREE8_openai_gpt54mini_BINF_IC-b_R1,V13_SUPPLEMENTAL_SHA256_STREAM,0.0791920807919208,False
PP_CONTRAST,"{""action_space"":""FREE8"",""analysis_id"":""PP_CONTRAST"",""budget"":""BINF"",""execution_policy"":""STRICT"",""information_condition"":""IC-b"",""lhs"":""C5"",""model"":""GPT"",""oracle"":""beta"",""population"":""PP"",""reasoning_regime"":""HIGH"",""replicate"":""RUN1"",""rhs"":""C4""}",e59d6f7d3e4467d1f1da1f6eac2676816d5120ce27cca0bc281b92dc5679d857,16545503189735335889,GPT,BETA,HIGH,STRICT,1,PP,FREE8,BINF,IC-b,C5,C4,566,0.0037043477776551,-0.0178335262454325,0.0237618029179129,3524,0,6476,0.704929507049295,05e22397974533386eba7f4c1a88b24eff797ef9ecab6e5decb898fd3b7b6df2,PP_HIGH_STRICT_FREE8_openai_gpt54mini_BINF_IC-b_R1,V13_SUPPLEMENTAL_SHA256_STREAM,1.0,False
PP_CONTRAST,"{""action_space"":""FREE8"",""analysis_id"":""PP_CONTRAST"",""budget"":""BINF"",""execution_policy"":""STRICT"",""information_condition"":""IC-b"",""lhs"":""C4R"",""model"":""GPT"",""oracle"":""beta"",""population"":""PP"",""reasoning_regime"":""HIGH"",""replicate"":""RUN1"",""rhs"":""C4""}",41908bf0bf3c7d35b184e892d449954abcabc34cf90763a57b533841c7916c08,4724429875228474677,GPT,BETA,HIGH,STRICT,1,PP,FREE8,BINF,IC-b,C4R,C4,567,0.009644714043744,-0.0066106468932598,0.0258941298494723,1138,0,8862,0.2277772222777722,9ec5f7588548d57c2afc3609fc4a7d2cddb0af7b10d634b82f5cc313ab4f69d4,PP_HIGH_STRICT_FREE8_openai_gpt54mini_BINF_IC-b_R1,V13_SUPPLEMENTAL_SHA256_STREAM,0.6833316668333166,False
PP_CONTRAST,"{""action_space"":""FREE8"",""analysis_id"":""PP_CONTRAST"",""budget"":""BINF"",""execution_policy"":""STRICT"",""information_condition"":""IC-b"",""lhs"":""C6-E"",""model"":""GPT"",""oracle"":""beta"",""population"":""PP"",""reasoning_regime"":""HIGH"",""replicate"":""RUN1"",""rhs"":""C4R""}",7b942e68cbd3a9bfba2ad42791222cb14cd5f9ce2519b6ca5957f190a421a8e7,8904793390849436095,GPT,BETA,HIGH,STRICT,1,PP,FREE8,BINF,IC-b,C6-E,C4R,567,0.0446957664210784,0.0279047892932782,0.0640126534772602,0,0,10000,0.0001999800019998,9661b7f898eee9cf2933f25fae9e3e630379f6c9f8ac57b0d30cded2ea5c6a08,PP_HIGH_STRICT_FREE8_openai_gpt54mini_BINF_IC-b_R1,V13_SUPPLEMENTAL_SHA256_STREAM,0.0023997600239976,True
PP_CONTRAST,"{""action_space"":""FREE8"",""analysis_id"":""PP_CONTRAST"",""budget"":""BINF"",""execution_policy"":""STRICT"",""information_condition"":""IC-b"",""lhs"":""C6-E"",""model"":""GPT"",""oracle"":""beta"",""population"":""PP"",""reasoning_regime"":""HIGH"",""replicate"":""RUN1"",""rhs"":""C6-EX""}",683bb916b0c1ce0973b506121bf304b2943b666f7f59e00667c2868250f35375,7510800310676344329,GPT,BETA,HIGH,STRICT,1,PP,FREE8,BINF,IC-b,C6-E,C6-EX,565,0.0128967944872709,-0.0017920771565957,0.0277597994768936,429,0,9571,0.085991400859914,ef0a2f6a3de263b09cb8a73247d5fb37df46c0c5215862469b3e0a418e58e874,PP_HIGH_STRICT_FREE8_openai_gpt54mini_BINF_IC-b_R1,V13_SUPPLEMENTAL_SHA256_STREAM,0.343965603439656,False
PP_CONTRAST,"{""action_space"":""FREE8"",""analysis_id"":""PP_CONTRAST"",""budget"":""BINF"",""execution_policy"":""STRICT"",""information_condition"":""IC-b"",""lhs"":""C5"",""model"":""GPT"",""oracle"":""gamma"",""population"":""PP"",""reasoning_regime"":""HIGH"",""replicate"":""RUN1"",""rhs"":""C4""}",488fc0cd707ae09364566091652a48d072fc960db3c09350e78d66a0a7c7c630,5228609680988364947,GPT,GAMMA,HIGH,STRICT,1,PP,FREE8,BINF,IC-b,C5,C4,566,-0.009733794652091,-0.0399534929453562,0.0200529251441518,7349,0,2651,0.5303469653034697,873e92e4cadc00145d7018daff1fef3c53cff70503a8cd1e0afd0717103cf31d,PP_HIGH_STRICT_FREE8_openai_gpt54mini_BINF_IC-b_R1,V13_SUPPLEMENTAL_SHA256_STREAM,1.0,False
PP_CONTRAST,"{""action_space"":""FREE8"",""analysis_id"":""PP_CONTRAST"",""budget"":""BINF"",""execution_policy"":""STRICT"",""information_condition"":""IC-b"",""lhs"":""C4R"",""model"":""GPT"",""oracle"":""gamma"",""population"":""PP"",""reasoning_regime"":""HIGH"",""replicate"":""RUN1"",""rhs"":""C4""}",00c9520883b53292bfeed3eaf03a48ee3887a066aea124374e11140ea1b93b58,56666666841748114,GPT,GAMMA,HIGH,STRICT,1,PP,FREE8,BINF,IC-b,C4R,C4,567,0.0144781842322044,0.0051038457117734,0.0255600119302459,10,0,9990,0.0021997800219978,592dcffb9090e1dbff6831123056fbd99be54e09c5c45c83f6d5fdca01b9842c,PP_HIGH_STRICT_FREE8_openai_gpt54mini_BINF_IC-b_R1,V13_SUPPLEMENTAL_SHA256_STREAM,0.0197980201979802,True
PP_CONTRAST,"{""action_space"":""FREE8"",""analysis_id"":""PP_CONTRAST"",""budget"":""BINF"",""execution_policy"":""STRICT"",""information_condition"":""IC-b"",""lhs"":""C6-E"",""model"":""GPT"",""oracle"":""gamma"",""population"":""PP"",""reasoning_regime"":""HIGH"",""replicate"":""RUN1"",""rhs"":""C4R""}",ee582e230d32ee57d9e286df836de785e85f7191d2251c44461edd0492ba1c3a,17174527907057561175,GPT,GAMMA,HIGH,STRICT,1,PP,FREE8,BINF,IC-b,C6-E,C4R,567,0.0740703523162604,0.0427134849407898,0.1080727982172838,0,0,10000,0.0001999800019998,18a26279be6a7f9560a17a2178ffa97c75217f8c23ae8d7b5fb21f16fd8094c6,PP_HIGH_STRICT_FREE8_openai_gpt54mini_BINF_IC-b_R1,V13_SUPPLEMENTAL_SHA256_STREAM,0.0023997600239976,True
PP_CONTRAST,"{""action_space"":""FREE8"",""analysis_id"":""PP_CONTRAST"",""budget"":""BINF"",""execution_policy"":""STRICT"",""information_condition"":""IC-b"",""lhs"":""C6-E"",""model"":""GPT"",""oracle"":""gamma"",""population"":""PP"",""reasoning_regime"":""HIGH"",""replicate"":""RUN1"",""rhs"":""C6-EX""}",c7de4259ef67f9b6b4bc81e679ebfffae51c13117223454c8b6d909869636e1b,14402021612413516214,GPT,GAMMA,HIGH,STRICT,1,PP,FREE8,BINF,IC-b,C6-E,C6-EX,565,0.0440805494573947,0.0115629400570676,0.0782463945647695,49,0,9951,0.00999900009999,4315b0e9ebed2982237ed46462db19584bebee4d3d109df8183df863f70e76f6,PP_HIGH_STRICT_FREE8_openai_gpt54mini_BINF_IC-b_R1,V13_SUPPLEMENTAL_SHA256_STREAM,0.06999300069993,False
PP_CONTRAST,"{""action_space"":""FREE8"",""analysis_id"":""PP_CONTRAST"",""budget"":""BINF"",""execution_policy"":""STRICT"",""information_condition"":""IC-b"",""lhs"":""C4R"",""model"":""GPT"",""oracle"":""alpha"",""population"":""PP"",""reasoning_regime"":""HIGH"",""replicate"":""RUN2"",""rhs"":""C4""}",a4a804ef196e902ac39f527594a23b4476a20e103534f2813eb62ea1c50b9d56,11864738643277942826,GPT,ALPHA,HIGH,STRICT,2,PP,FREE8,BINF,IC-b,C4R,C4,572,0.0553095383746368,0.021708816260627,0.0936024291341806,3,0,9997,0.0007999200079992,f860cb4e4523902737c570ff7f1e4a02461a7bec9593741fcef08dcceb6407e2,PP_HIGH_STRICT_FREE8_openai_gpt54mini_BINF_IC-b_R2,V13_SUPPLEMENTAL_SHA256_STREAM,0.0023997600239976,True
PP_CONTRAST,"{""action_space"":""FREE8"",""analysis_id"":""PP_CONTRAST"",""budget"":""BINF"",""execution_policy"":""STRICT"",""information_condition"":""IC-b"",""lhs"":""C6-E"",""model"":""GPT"",""oracle"":""alpha"",""population"":""PP"",""reasoning_regime"":""HIGH"",""replicate"":""RUN2"",""rhs"":""C4R""}",59483e6c79a1e6ea85364512ec3c5613de6549350f57449f76c577f0ee06e156,6433460703316797162,GPT,ALPHA,HIGH,STRICT,2,PP,FREE8,BINF,IC-b,C6-E,C4R,568,0.2040707621288961,0.143550173722585,0.2677537255143847,0,0,10000,0.0001999800019998,9daa165ae061c1cd89ac6c60262a6b4134193184f0f3c197edd059a727c0ad9f,PP_HIGH_STRICT_FREE8_openai_gpt54mini_BINF_IC-b_R2,V13_SUPPLEMENTAL_SHA256_STREAM,0.0011998800119988,True
PP_CONTRAST,"{""action_space"":""FREE8"",""analysis_id"":""PP_CONTRAST"",""budget"":""BINF"",""execution_policy"":""STRICT"",""information_condition"":""IC-b"",""lhs"":""C4R"",""model"":""GPT"",""oracle"":""beta"",""population"":""PP"",""reasoning_regime"":""HIGH"",""replicate"":""RUN2"",""rhs"":""C4""}",386c0357eeb91706c614051a2b23ca9119036be2fd2f0fbab79b896a75f6a571,4065628239810860806,GPT,BETA,HIGH,STRICT,2,PP,FREE8,BINF,IC-b,C4R,C4,572,0.0083215276748218,-0.0030051348304127,0.0215881712750542,782,0,9218,0.1565843415658434,a57d2f1462aa7a1127b45d97b7fa276aa05fd3bdc7887f901f5c4c26c5cce788,PP_HIGH_STRICT_FREE8_openai_gpt54mini_BINF_IC-b_R2,V13_SUPPLEMENTAL_SHA256_STREAM,0.1565843415658434,False
PP_CONTRAST,"{""action_space"":""FREE8"",""analysis_id"":""PP_CONTRAST"",""budget"":""BINF"",""execution_policy"":""STRICT"",""information_condition"":""IC-b"",""lhs"":""C6-E"",""model"":""GPT"",""oracle"":""beta"",""population"":""PP"",""reasoning_regime"":""HIGH"",""replicate"":""RUN2"",""rhs"":""C4R""}",8521622a4d9ee6111ad26b138b0d3741d1dbd27fb5681df790d3bdf83454df41,9593056615106274833,GPT,BETA,HIGH,STRICT,2,PP,FREE8,BINF,IC-b,C6-E,C4R,568,0.0492915840427456,0.0293237477228834,0.0711169067129065,0,0,10000,0.0001999800019998,575e31210f6b5dc88a80f887444d0db2e12a5ee522c95e21bd9f2ef5160a886d,PP_HIGH_STRICT_FREE8_openai_gpt54mini_BINF_IC-b_R2,V13_SUPPLEMENTAL_SHA256_STREAM,0.0011998800119988,True
PP_CONTRAST,"{""action_space"":""FREE8"",""analysis_id"":""PP_CONTRAST"",""budget"":""BINF"",""execution_policy"":""STRICT"",""information_condition"":""IC-b"",""lhs"":""C4R"",""model"":""GPT"",""oracle"":""gamma"",""population"":""PP"",""reasoning_regime"":""HIGH"",""replicate"":""RUN2"",""rhs"":""C4""}",f0c1537272450adfdd12f0f89cf84a2f7df23941e1c94740bcb0fb3761a47866,17348238990616365791,GPT,GAMMA,HIGH,STRICT,2,PP,FREE8,BINF,IC-b,C4R,C4,572,0.0160672067404454,0.0048155806536726,0.0304619415666504,6,0,9994,0.0013998600139986,38e39dcfe6328e1409504d56f602fd13edaf05e65ec16bf28a2b5585aa7f340f,PP_HIGH_STRICT_FREE8_openai_gpt54mini_BINF_IC-b_R2,V13_SUPPLEMENTAL_SHA256_STREAM,0.0027997200279972,True
PP_CONTRAST,"{""action_space"":""FREE8"",""analysis_id"":""PP_CONTRAST"",""budget"":""BINF"",""execution_policy"":""STRICT"",""information_condition"":""IC-b"",""lhs"":""C6-E"",""model"":""GPT"",""oracle"":""gamma"",""population"":""PP"",""reasoning_regime"":""HIGH"",""replicate"":""RUN2"",""rhs"":""C4R""}",f36e24597df7b24ad9be30b605b234d54b5ccee9d9ffd65e9daa81dbc0bce63b,17540997565438734922,GPT,GAMMA,HIGH,STRICT,2,PP,FREE8,BINF,IC-b,C6-E,C4R,568,0.0579054452945172,0.0329989720001785,0.0840927988950879,0,0,10000,0.0001999800019998,661348f81f8b771a0f3b3c413d6d18b0ab7f95e3a19dabbcf3e0442bc6e327cc,PP_HIGH_STRICT_FREE8_openai_gpt54mini_BINF_IC-b_R2,V13_SUPPLEMENTAL_SHA256_STREAM,0.0011998800119988,True
PP_CONTRAST,"{""action_space"":""FREE8"",""analysis_id"":""PP_CONTRAST"",""budget"":""B1"",""execution_policy"":""REPAIRED"",""information_condition"":""IC-b"",""lhs"":""C5"",""model"":""GEMINI"",""oracle"":""alpha"",""population"":""PP"",""reasoning_regime"":""HIGH"",""replicate"":""RUN1"",""rhs"":""C4""}",a1061b76dbce63c350e069dff611e09ea960adc9c4a1b88b3ffeae445fbd2855,11602991687274488771,GEMINI,ALPHA,HIGH,REPAIRED,1,PP,FREE8,B1,IC-b,C5,C4,562,0.0652959426058349,0.0061872912927069,0.124211378580112,149,0,9851,0.02999700029997,fe2be16db67756aa3b7f3559d91262946113789dcedb904d3a10df5d6dd6c7a3,PP_HIGH_REPAIRED_FREE8_google_gemini31flashlite_B1_IC-b_R1,V13_SUPPLEMENTAL_SHA256_STREAM,0.2999700029997,False
PP_CONTRAST,"{""action_space"":""FREE8"",""analysis_id"":""PP_CONTRAST"",""budget"":""B1"",""execution_policy"":""REPAIRED"",""information_condition"":""IC-b"",""lhs"":""C4R"",""model"":""GEMINI"",""oracle"":""alpha"",""population"":""PP"",""reasoning_regime"":""HIGH"",""replicate"":""RUN1"",""rhs"":""C4""}",d14c15fe6c529bc42cdafacf1ef121fa9bd87b3d582f175839e04619231a2b96,15081453434640178116,GEMINI,ALPHA,HIGH,REPAIRED,1,PP,FREE8,B1,IC-b,C4R,C4,567,0.0011963583767204,-0.0266226804127375,0.0288749673751635,4726,0,5274,0.9453054694530548,501a1ae850db2611ef77edaaa8b770f61aded8955eedbf3630517396c024c179,PP_HIGH_REPAIRED_FREE8_google_gemini31flashlite_B1_IC-b_R1,V13_SUPPLEMENTAL_SHA256_STREAM,1.0,False
PP_CONTRAST,"{""action_space"":""FREE8"",""analysis_id"":""PP_CONTRAST"",""budget"":""B1"",""execution_policy"":""REPAIRED"",""information_condition"":""IC-b"",""lhs"":""C6-E"",""model"":""GEMINI"",""oracle"":""alpha"",""population"":""PP"",""reasoning_regime"":""HIGH"",""replicate"":""RUN1"",""rhs"":""C4R""}",3fb44d9521e3714c876365a5142aab46d76482f3e754df33f9c362dfe67887ec,4590379223111397708,GEMINI,ALPHA,HIGH,REPAIRED,1,PP,FREE8,B1,IC-b,C6-E,C4R,561,0.0781101345498098,0.0354795224724341,0.1233670131593196,1,0,9999,0.0003999600039996,1071743b83f2420b69b39ee6e757a6ae090d1cba01d8faf4b2eccf90ab4e9774,PP_HIGH_REPAIRED_FREE8_google_gemini31flashlite_B1_IC-b_R1,V13_SUPPLEMENTAL_SHA256_STREAM,0.0047995200479952,True
PP_CONTRAST,"{""action_space"":""FREE8"",""analysis_id"":""PP_CONTRAST"",""budget"":""B1"",""execution_policy"":""REPAIRED"",""information_condition"":""IC-b"",""lhs"":""C6-E"",""model"":""GEMINI"",""oracle"":""alpha"",""population"":""PP"",""reasoning_regime"":""HIGH"",""replicate"":""RUN1"",""rhs"":""C6-EX""}",9362cd048178fc87a302a69ac30f07c4685eac03da5f75eb7e2412b1a21105f9,10620276290528803975,GEMINI,ALPHA,HIGH,REPAIRED,1,PP,FREE8,B1,IC-b,C6-E,C6-EX,559,0.0541315517217173,0.002493789061008,0.1071317646716694,201,0,9799,0.0403959604039596,71f3c6999869da0c9a59fb3f2818c1e9778d5c53cd3c8f8692a086aabde6ea2c,PP_HIGH_REPAIRED_FREE8_google_gemini31flashlite_B1_IC-b_R1,V13_SUPPLEMENTAL_SHA256_STREAM,0.3635636436356364,False
PP_CONTRAST,"{""action_space"":""FREE8"",""analysis_id"":""PP_CONTRAST"",""budget"":""B1"",""execution_policy"":""REPAIRED"",""information_condition"":""IC-b"",""lhs"":""C5"",""model"":""GEMINI"",""oracle"":""beta"",""population"":""PP"",""reasoning_regime"":""HIGH"",""replicate"":""RUN1"",""rhs"":""C4""}",8f5a1e1af7c01d4ba5e1c7b94ec1b33acbd0c14fc91f6fb5dc3c23aa67454a0b,10329601796502199627,GEMINI,BETA,HIGH,REPAIRED,1,PP,FREE8,B1,IC-b,C5,C4,562,0.0149051342847577,-0.0045001956699513,0.0364086338969916,672,0,9328,0.1345865413458654,9a37d19eae17c1923f7906c268428b47bc8535ad1fe649912e423b2462d6b7a4,PP_HIGH_REPAIRED_FREE8_google_gemini31flashlite_B1_IC-b_R1,V13_SUPPLEMENTAL_SHA256_STREAM,0.8527147285271472,False
PP_CONTRAST,"{""action_space"":""FREE8"",""analysis_id"":""PP_CONTRAST"",""budget"":""B1"",""execution_policy"":""REPAIRED"",""information_condition"":""IC-b"",""lhs"":""C4R"",""model"":""GEMINI"",""oracle"":""beta"",""population"":""PP"",""reasoning_regime"":""HIGH"",""replicate"":""RUN1"",""rhs"":""C4""}",fae68b6b77c1d317dc5e610b5ce06802b63aec8889ae5bb631314aded9dd18ee,18079291047812387607,GEMINI,BETA,HIGH,REPAIRED,1,PP,FREE8,B1,IC-b,C4R,C4,567,-0.0004428606428493,-0.0029064024754475,0.0019191673910672,6411,0,3589,0.7179282071792821,3e4b79d154a02cf9eca0257dfef01e989b9a204216fd263d407af6aa5ccfb72a,PP_HIGH_REPAIRED_FREE8_google_gemini31flashlite_B1_IC-b_R1,V13_SUPPLEMENTAL_SHA256_STREAM,1.0,False
PP_CONTRAST,"{""action_space"":""FREE8"",""analysis_id"":""PP_CONTRAST"",""budget"":""B1"",""execution_policy"":""REPAIRED"",""information_condition"":""IC-b"",""lhs"":""C6-E"",""model"":""GEMINI"",""oracle"":""beta"",""population"":""PP"",""reasoning_regime"":""HIGH"",""replicate"":""RUN1"",""rhs"":""C4R""}",6897a41fd50dec159c256f517f234e9c5afe3072094e6ce64516c5d5cc1c060f,7536672958053215253,GEMINI,BETA,HIGH,REPAIRED,1,PP,FREE8,B1,IC-b,C6-E,C4R,561,0.0156822751933197,0.0061287789409352,0.0286832731009943,2,0,9998,0.0005999400059994,40e27e600c75de720cab1a1207f816008d8fc5e29c03b5bb78564ebce564ab73,PP_HIGH_REPAIRED_FREE8_google_gemini31flashlite_B1_IC-b_R1,V13_SUPPLEMENTAL_SHA256_STREAM,0.0065993400659933995,True
PP_CONTRAST,"{""action_space"":""FREE8"",""analysis_id"":""PP_CONTRAST"",""budget"":""B1"",""execution_policy"":""REPAIRED"",""information_condition"":""IC-b"",""lhs"":""C6-E"",""model"":""GEMINI"",""oracle"":""beta"",""population"":""PP"",""reasoning_regime"":""HIGH"",""replicate"":""RUN1"",""rhs"":""C6-EX""}",70c21891c602779696d992bfa85c11b74672d86afb8d42f4e5bdc1af622bc24c,8125083692101171094,GEMINI,BETA,HIGH,REPAIRED,1,PP,FREE8,B1,IC-b,C6-E,C6-EX,559,0.0050957214586995,-0.0013109006866289,0.011002568965461,589,0,9411,0.117988201179882,594042d138915f900b0fecca5f1a40169db7e574c916955d38d26cf6e565f6e4,PP_HIGH_REPAIRED_FREE8_google_gemini31flashlite_B1_IC-b_R1,V13_SUPPLEMENTAL_SHA256_STREAM,0.8527147285271472,False
PP_CONTRAST,"{""action_space"":""FREE8"",""analysis_id"":""PP_CONTRAST"",""budget"":""B1"",""execution_policy"":""REPAIRED"",""information_condition"":""IC-b"",""lhs"":""C5"",""model"":""GEMINI"",""oracle"":""gamma"",""population"":""PP"",""reasoning_regime"":""HIGH"",""replicate"":""RUN1"",""rhs"":""C4""}",6cbcf48503f04f05d802ac4dfe3dd112599cb9d3566e50ac234eca0178ffb0b5,7835406303851728645,GEMINI,GAMMA,HIGH,REPAIRED,1,PP,FREE8,B1,IC-b,C5,C4,562,0.0128557357135145,-0.0172645488376853,0.0433990989303005,2061,0,7939,0.4123587641235876,8463bc567735a2bdd290eeb17ca24bab27bb9b54b8b9dc658286520374eaaabc,PP_HIGH_REPAIRED_FREE8_google_gemini31flashlite_B1_IC-b_R1,V13_SUPPLEMENTAL_SHA256_STREAM,1.0,False
PP_CONTRAST,"{""action_space"":""FREE8"",""analysis_id"":""PP_CONTRAST"",""budget"":""B1"",""execution_policy"":""REPAIRED"",""information_condition"":""IC-b"",""lhs"":""C4R"",""model"":""GEMINI"",""oracle"":""gamma"",""population"":""PP"",""reasoning_regime"":""HIGH"",""replicate"":""RUN1"",""rhs"":""C4""}",4018cabba02b45318e831ae727bb54706f9c164d2742922340a69d84aa3eef33,4618664325063329073,GEMINI,GAMMA,HIGH,REPAIRED,1,PP,FREE8,B1,IC-b,C4R,C4,567,0.0056858565144171,-0.0060619683564207,0.0180393910244233,1737,0,8263,0.3475652434756524,5cb6716bc40d3407cf41e2eaeb5d65f41dc21b3fed75dc2b9539b9b6fc5413c1,PP_HIGH_REPAIRED_FREE8_google_gemini31flashlite_B1_IC-b_R1,V13_SUPPLEMENTAL_SHA256_STREAM,1.0,False
PP_CONTRAST,"{""action_space"":""FREE8"",""analysis_id"":""PP_CONTRAST"",""budget"":""B1"",""execution_policy"":""REPAIRED"",""information_condition"":""IC-b"",""lhs"":""C6-E"",""model"":""GEMINI"",""oracle"":""gamma"",""population"":""PP"",""reasoning_regime"":""HIGH"",""replicate"":""RUN1"",""rhs"":""C4R""}",753647ae069218fcbf7800f1d78e4fcc45b7aaa4174527f13cc95b034a3485f6,8446016963940063484,GEMINI,GAMMA,HIGH,REPAIRED,1,PP,FREE8,B1,IC-b,C6-E,C4R,561,0.0170732315171026,-0.0031526356666633,0.0385138158496347,532,0,9468,0.1065893410658934,70766ecabf5681bbf2c062a8bfc3228057bac43c894b5a8020fee5baaaf1964b,PP_HIGH_REPAIRED_FREE8_google_gemini31flashlite_B1_IC-b_R1,V13_SUPPLEMENTAL_SHA256_STREAM,0.8527147285271472,False
PP_CONTRAST,"{""action_space"":""FREE8"",""analysis_id"":""PP_CONTRAST"",""budget"":""B1"",""execution_policy"":""REPAIRED"",""information_condition"":""IC-b"",""lhs"":""C6-E"",""model"":""GEMINI"",""oracle"":""gamma"",""population"":""PP"",""reasoning_regime"":""HIGH"",""replicate"":""RUN1"",""rhs"":""C6-EX""}",7739965362385bc5edf8819e485e1a48ef2f3ccec53f9b677fe0c53a23656a86,8591063049060244421,GEMINI,GAMMA,HIGH,REPAIRED,1,PP,FREE8,B1,IC-b,C6-E,C6-EX,559,0.0145449454620961,-0.007302516578798,0.0368019690083306,1025,0,8975,0.2051794820517948,ee057bd9e01ad48bda7788cef9b633b9810b160dd51fb6c9050cf1eb9535a7cb,PP_HIGH_REPAIRED_FREE8_google_gemini31flashlite_B1_IC-b_R1,V13_SUPPLEMENTAL_SHA256_STREAM,1.0,False
PP_CONTRAST,"{""action_space"":""FREE8"",""analysis_id"":""PP_CONTRAST"",""budget"":""BINF"",""execution_policy"":""REPAIRED"",""information_condition"":""IC-b"",""lhs"":""C5"",""model"":""GEMINI"",""oracle"":""alpha"",""population"":""PP"",""reasoning_regime"":""HIGH"",""replicate"":""RUN1"",""rhs"":""C4""}",8fab723790ae1ab60631679d6352fa1ee20a84fa25f0ff6e6a8857fa8dd97a70,10352493751417313974,GEMINI,ALPHA,HIGH,REPAIRED,1,PP,FREE8,BINF,IC-b,C5,C4,575,-0.0652430602825521,-0.1535449213488453,0.020354161619551,9318,0,682,0.1365863413658634,3ea32219925ae089bf47a22bc05c1c64ce797744472107e8c809ec117037a80c,PP_HIGH_REPAIRED_FREE8_google_gemini31flashlite_BINF_IC-b_R1,V13_SUPPLEMENTAL_SHA256_STREAM,0.9561043895610437,False
PP_CONTRAST,"{""action_space"":""FREE8"",""analysis_id"":""PP_CONTRAST"",""budget"":""BINF"",""execution_policy"":""REPAIRED"",""information_condition"":""IC-b"",""lhs"":""C4R"",""model"":""GEMINI"",""oracle"":""alpha"",""population"":""PP"",""reasoning_regime"":""HIGH"",""replicate"":""RUN1"",""rhs"":""C4""}",ab3dc9600971a11b6b673fec5073e7780012ef26ec0f8b17246a0940caff847d,12339239968377512219,GEMINI,ALPHA,HIGH,REPAIRED,1,PP,FREE8,BINF,IC-b,C4R,C4,575,0.1448879457482113,0.0929206722708863,0.2018302362771247,0,0,10000,0.0001999800019998,1d8cfdb04ba8ece4c83c6b26365f1257c54988237b331ef23fe2a3597ca43a35,PP_HIGH_REPAIRED_FREE8_google_gemini31flashlite_BINF_IC-b_R1,V13_SUPPLEMENTAL_SHA256_STREAM,0.0023997600239976,True
PP_CONTRAST,"{""action_space"":""FREE8"",""analysis_id"":""PP_CONTRAST"",""budget"":""BINF"",""execution_policy"":""REPAIRED"",""information_condition"":""IC-b"",""lhs"":""C6-E"",""model"":""GEMINI"",""oracle"":""alpha"",""population"":""PP"",""reasoning_regime"":""HIGH"",""replicate"":""RUN1"",""rhs"":""C4R""}",44d2a21e6396caf410a7cded070b0e79642a7a95901bbb54d402fdd47ae4cd58,4959204391091882740,GEMINI,ALPHA,HIGH,REPAIRED,1,PP,FREE8,BINF,IC-b,C6-E,C4R,575,0.0430853162824828,-0.0200453924078335,0.1059661073564258,864,0,9136,0.172982701729827,582fd5571775545e02cd8f36737791aa63e259503d1f98a7eec7f3b385e8dc51,PP_HIGH_REPAIRED_FREE8_google_gemini31flashlite_BINF_IC-b_R1,V13_SUPPLEMENTAL_SHA256_STREAM,1.0,False
PP_CONTRAST,"{""action_space"":""FREE8"",""analysis_id"":""PP_CONTRAST"",""budget"":""BINF"",""execution_policy"":""REPAIRED"",""information_condition"":""IC-b"",""lhs"":""C6-E"",""model"":""GEMINI"",""oracle"":""alpha"",""population"":""PP"",""reasoning_regime"":""HIGH"",""replicate"":""RUN1"",""rhs"":""C6-EX""}",6a66f79859f570972633c4b87b16cf08f71c6c92d735a4cc75fcf3fedb336125,7667087649361195159,GEMINI,ALPHA,HIGH,REPAIRED,1,PP,FREE8,BINF,IC-b,C6-E,C6-EX,575,0.0153244899294307,-0.0406604768994384,0.0711839328028701,2969,0,7031,0.593940605939406,70a25d7a1e0b3ef534e1041a3d190eb92b78b837f1f37e941ed8254aaa3dcc34,PP_HIGH_REPAIRED_FREE8_google_gemini31flashlite_BINF_IC-b_R1,V13_SUPPLEMENTAL_SHA256_STREAM,1.0,False
PP_CONTRAST,"{""action_space"":""FREE8"",""analysis_id"":""PP_CONTRAST"",""budget"":""BINF"",""execution_policy"":""REPAIRED"",""information_condition"":""IC-b"",""lhs"":""C5"",""model"":""GEMINI"",""oracle"":""beta"",""population"":""PP"",""reasoning_regime"":""HIGH"",""replicate"":""RUN1"",""rhs"":""C4""}",0e362274baf3b3288543ecd83d0762ea808a592589c4f2c5537414c0b1d2157e,1024043850021450536,GEMINI,BETA,HIGH,REPAIRED,1,PP,FREE8,BINF,IC-b,C5,C4,575,-0.0007981189027952,-0.0339135941134161,0.0324094154446615,5260,0,4740,0.948105189481052,86cb537cb76c338a6cc06ad6aecb36d6bf3ffb30d08221d358c721b45ba77af7,PP_HIGH_REPAIRED_FREE8_google_gemini31flashlite_BINF_IC-b_R1,V13_SUPPLEMENTAL_SHA256_STREAM,1.0,False
PP_CONTRAST,"{""action_space"":""FREE8"",""analysis_id"":""PP_CONTRAST"",""budget"":""BINF"",""execution_policy"":""REPAIRED"",""information_condition"":""IC-b"",""lhs"":""C4R"",""model"":""GEMINI"",""oracle"":""beta"",""population"":""PP"",""reasoning_regime"":""HIGH"",""replicate"":""RUN1"",""rhs"":""C4""}",4efca272e1dd677d22fb616137f2586a7f38c5c233f50163a49d089f823bf749,5691602643388819325,GEMINI,BETA,HIGH,REPAIRED,1,PP,FREE8,BINF,IC-b,C4R,C4,575,0.0301911152468026,0.0138909370279862,0.051168264977166,0,0,10000,0.0001999800019998,5a495d6cc668990aa9066abe97e63a7361eb6699692830b59f92682e9dd55d66,PP_HIGH_REPAIRED_FREE8_google_gemini31flashlite_BINF_IC-b_R1,V13_SUPPLEMENTAL_SHA256_STREAM,0.0023997600239976,True
PP_CONTRAST,"{""action_space"":""FREE8"",""analysis_id"":""PP_CONTRAST"",""budget"":""BINF"",""execution_policy"":""REPAIRED"",""information_condition"":""IC-b"",""lhs"":""C6-E"",""model"":""GEMINI"",""oracle"":""beta"",""population"":""PP"",""reasoning_regime"":""HIGH"",""replicate"":""RUN1"",""rhs"":""C4R""}",8daf214f5711730450c2383a59044374898fa992668233b93101666211d3cb98,10209415504919098116,GEMINI,BETA,HIGH,REPAIRED,1,PP,FREE8,BINF,IC-b,C6-E,C4R,575,0.0120003347734194,-0.0156601093604274,0.0398167886443857,1916,0,8084,0.3833616638336166,32ac55847e01e951d44b60c2196967db276480650971be70c55fbc83a5391b69,PP_HIGH_REPAIRED_FREE8_google_gemini31flashlite_BINF_IC-b_R1,V13_SUPPLEMENTAL_SHA256_STREAM,1.0,False
PP_CONTRAST,"{""action_space"":""FREE8"",""analysis_id"":""PP_CONTRAST"",""budget"":""BINF"",""execution_policy"":""REPAIRED"",""information_condition"":""IC-b"",""lhs"":""C6-E"",""model"":""GEMINI"",""oracle"":""beta"",""population"":""PP"",""reasoning_regime"":""HIGH"",""replicate"":""RUN1"",""rhs"":""C6-EX""}",ae0698ce956ca06a5ff721ca2f0bbef88b64638ef44fb6a1b3f6044cb98dd280,12539878225497333866,GEMINI,BETA,HIGH,REPAIRED,1,PP,FREE8,BINF,IC-b,C6-E,C6-EX,575,-0.0002395902546702,-0.0191286160520449,0.0152099202277556,4791,0,5209,0.9583041695830417,fd22898512543de57276d18226f65422c784c45a95dd93fbf49466a56ec8c541,PP_HIGH_REPAIRED_FREE8_google_gemini31flashlite_BINF_IC-b_R1,V13_SUPPLEMENTAL_SHA256_STREAM,1.0,False
PP_CONTRAST,"{""action_space"":""FREE8"",""analysis_id"":""PP_CONTRAST"",""budget"":""BINF"",""execution_policy"":""REPAIRED"",""information_condition"":""IC-b"",""lhs"":""C5"",""model"":""GEMINI"",""oracle"":""gamma"",""population"":""PP"",""reasoning_regime"":""HIGH"",""replicate"":""RUN1"",""rhs"":""C4""}",4d393618107ef7a5957c0c223e2c744b4e4d1545b677b05092e3f6efc6bd2fcc,5564538291576829861,GEMINI,GAMMA,HIGH,REPAIRED,1,PP,FREE8,BINF,IC-b,C5,C4,575,-0.0185250162845019,-0.0560474811079492,0.0175152714045826,8430,0,1570,0.3141685831416858,94ba580178968100f4cbe2983636868464d78e55e62b5361b0c518d71e6f60d1,PP_HIGH_REPAIRED_FREE8_google_gemini31flashlite_BINF_IC-b_R1,V13_SUPPLEMENTAL_SHA256_STREAM,1.0,False
PP_CONTRAST,"{""action_space"":""FREE8"",""analysis_id"":""PP_CONTRAST"",""budget"":""BINF"",""execution_policy"":""REPAIRED"",""information_condition"":""IC-b"",""lhs"":""C4R"",""model"":""GEMINI"",""oracle"":""gamma"",""population"":""PP"",""reasoning_regime"":""HIGH"",""replicate"":""RUN1"",""rhs"":""C4""}",318619a7465bbb52558400d3174532f52d01e7a545addbd865e027f7fee920ef,3568567960968346450,GEMINI,GAMMA,HIGH,REPAIRED,1,PP,FREE8,BINF,IC-b,C4R,C4,575,0.0122270227924374,-0.002002124759766,0.0270410578184807,456,0,9544,0.0913908609139086,9ee03e91f3863830631b3e1b5be85b16051658ee72dda262d75b336312fdd32f,PP_HIGH_REPAIRED_FREE8_google_gemini31flashlite_BINF_IC-b_R1,V13_SUPPLEMENTAL_SHA256_STREAM,0.7311268873112688,False
PP_CONTRAST,"{""action_space"":""FREE8"",""analysis_id"":""PP_CONTRAST"",""budget"":""BINF"",""execution_policy"":""REPAIRED"",""information_condition"":""IC-b"",""lhs"":""C6-E"",""model"":""GEMINI"",""oracle"":""gamma"",""population"":""PP"",""reasoning_regime"":""HIGH"",""replicate"":""RUN1"",""rhs"":""C4R""}",4abb33309eff5a85019b5996ea076f8599b85268322812a831880a5ec800badf,5384954063370541701,GEMINI,GAMMA,HIGH,REPAIRED,1,PP,FREE8,BINF,IC-b,C6-E,C4R,575,0.0427412929181628,0.0219896810795513,0.064176688910311,0,0,10000,0.0001999800019998,23f7bf65029a3c89f89248e9beed5bcc472208fdf2cc6932fd91bab73e042e39,PP_HIGH_REPAIRED_FREE8_google_gemini31flashlite_BINF_IC-b_R1,V13_SUPPLEMENTAL_SHA256_STREAM,0.0023997600239976,True
PP_CONTRAST,"{""action_space"":""FREE8"",""analysis_id"":""PP_CONTRAST"",""budget"":""BINF"",""execution_policy"":""REPAIRED"",""information_condition"":""IC-b"",""lhs"":""C6-E"",""model"":""GEMINI"",""oracle"":""gamma"",""population"":""PP"",""reasoning_regime"":""HIGH"",""replicate"":""RUN1"",""rhs"":""C6-EX""}",e8a270ab516cea134cca4ba914147d5f5aac3d5130c741fbdccc41f539458aa1,16763084644134218259,GEMINI,GAMMA,HIGH,REPAIRED,1,PP,FREE8,BINF,IC-b,C6-E,C6-EX,575,0.0227744302086518,0.0015729306978368,0.0448360194399721,175,0,9825,0.0351964803519648,da0ff648c949f0975a03658ce1f16028c07de285403b63dd633515271e3c5555,PP_HIGH_REPAIRED_FREE8_google_gemini31flashlite_BINF_IC-b_R1,V13_SUPPLEMENTAL_SHA256_STREAM,0.3167683231676832,False
PP_CONTRAST,"{""action_space"":""FREE8"",""analysis_id"":""PP_CONTRAST"",""budget"":""BINF"",""execution_policy"":""REPAIRED"",""information_condition"":""IC-b"",""lhs"":""C4R"",""model"":""GEMINI"",""oracle"":""alpha"",""population"":""PP"",""reasoning_regime"":""HIGH"",""replicate"":""RUN2"",""rhs"":""C4""}",908de0b2223dda6bfccf5a05954055d14b97266154285246714c1b94b6cdc54b,10416228568861104747,GEMINI,ALPHA,HIGH,REPAIRED,2,PP,FREE8,BINF,IC-b,C4R,C4,575,0.1434374494292223,0.0967679308867545,0.1968788791483586,0,0,10000,0.0001999800019998,25b6a5fc2dcd0113bdcadd7b2cd72ff94be99b41f5ec5478f9a3fa93a92541ad,PP_HIGH_REPAIRED_FREE8_google_gemini31flashlite_BINF_IC-b_R2,V13_SUPPLEMENTAL_SHA256_STREAM,0.0011998800119988,True
PP_CONTRAST,"{""action_space"":""FREE8"",""analysis_id"":""PP_CONTRAST"",""budget"":""BINF"",""execution_policy"":""REPAIRED"",""information_condition"":""IC-b"",""lhs"":""C6-E"",""model"":""GEMINI"",""oracle"":""alpha"",""population"":""PP"",""reasoning_regime"":""HIGH"",""replicate"":""RUN2"",""rhs"":""C4R""}",eb7116424e90ad703e209c3ab4b1e49df7f07abb367e4ca028ed2bf37a8131e1,16965365745323126128,GEMINI,ALPHA,HIGH,REPAIRED,2,PP,FREE8,BINF,IC-b,C6-E,C4R,575,-0.0022336536789492,-0.0669977707185327,0.0603505726967254,5271,0,4729,0.945905409459054,5459ab2c47b4f791a09cd41c19040e7422a5773066a486e0a668c102bc19452d,PP_HIGH_REPAIRED_FREE8_google_gemini31flashlite_BINF_IC-b_R2,V13_SUPPLEMENTAL_SHA256_STREAM,1.0,False
PP_CONTRAST,"{""action_space"":""FREE8"",""analysis_id"":""PP_CONTRAST"",""budget"":""BINF"",""execution_policy"":""REPAIRED"",""information_condition"":""IC-b"",""lhs"":""C4R"",""model"":""GEMINI"",""oracle"":""beta"",""population"":""PP"",""reasoning_regime"":""HIGH"",""replicate"":""RUN2"",""rhs"":""C4""}",8bd913a5d6a0d62838a04ae92cdeff891a173c94262e33d4f2be9095046d9d53,10077107244209591848,GEMINI,BETA,HIGH,REPAIRED,2,PP,FREE8,BINF,IC-b,C4R,C4,575,0.019917651301469,0.0080326532911484,0.0340632188961048,6,0,9994,0.0013998600139986,2c61bfb436366e9756dd512d525e86ff908485b663a7c1eab9dee56100ca593c,PP_HIGH_REPAIRED_FREE8_google_gemini31flashlite_BINF_IC-b_R2,V13_SUPPLEMENTAL_SHA256_STREAM,0.006999300069993,True
PP_CONTRAST,"{""action_space"":""FREE8"",""analysis_id"":""PP_CONTRAST"",""budget"":""BINF"",""execution_policy"":""REPAIRED"",""information_condition"":""IC-b"",""lhs"":""C6-E"",""model"":""GEMINI"",""oracle"":""beta"",""population"":""PP"",""reasoning_regime"":""HIGH"",""replicate"":""RUN2"",""rhs"":""C4R""}",34f0c544f6e36f0ff06c66558414a14e90dcd89bd0357a80dcd957c1fdabaabe,3814765784373358351,GEMINI,BETA,HIGH,REPAIRED,2,PP,FREE8,BINF,IC-b,C6-E,C4R,575,0.0221277570549341,0.0022682225641168,0.0422678463083338,154,0,9846,0.030996900309969,ead5aee453932ac4fe994a37659d3e58a6bf71f3380f877c2f370cfcc22ce49d,PP_HIGH_REPAIRED_FREE8_google_gemini31flashlite_BINF_IC-b_R2,V13_SUPPLEMENTAL_SHA256_STREAM,0.123987601239876,False
PP_CONTRAST,"{""action_space"":""FREE8"",""analysis_id"":""PP_CONTRAST"",""budget"":""BINF"",""execution_policy"":""REPAIRED"",""information_condition"":""IC-b"",""lhs"":""C4R"",""model"":""GEMINI"",""oracle"":""gamma"",""population"":""PP"",""reasoning_regime"":""HIGH"",""replicate"":""RUN2"",""rhs"":""C4""}",0bd9a27bb7bed9410f0c5428b82f339bd7c98d1993d802730547880589a44382,853892256610834753,GEMINI,GAMMA,HIGH,REPAIRED,2,PP,FREE8,BINF,IC-b,C4R,C4,575,0.0145741505369609,-0.0043418043231839,0.0345311991715695,643,0,9357,0.1287871212878712,d12b1826aba9a6624263a56c0cb04fb9bcb2ea074a740578ddcd9357a59aa9d6,PP_HIGH_REPAIRED_FREE8_google_gemini31flashlite_BINF_IC-b_R2,V13_SUPPLEMENTAL_SHA256_STREAM,0.38636136386361364,False
PP_CONTRAST,"{""action_space"":""FREE8"",""analysis_id"":""PP_CONTRAST"",""budget"":""BINF"",""execution_policy"":""REPAIRED"",""information_condition"":""IC-b"",""lhs"":""C6-E"",""model"":""GEMINI"",""oracle"":""gamma"",""population"":""PP"",""reasoning_regime"":""HIGH"",""replicate"":""RUN2"",""rhs"":""C4R""}",ae5b1f3c1b71af2ad7adb80ef5a572b47ba027847f373f0d07b145cfbf86432e,12563669928499064618,GEMINI,GAMMA,HIGH,REPAIRED,2,PP,FREE8,BINF,IC-b,C6-E,C4R,575,0.0020470376236996,-0.0243925240726087,0.02654748346621,4305,0,5695,0.8611138886111389,79853b81643fd0647b8694152d6af94b51c5139910efafc23c4cf9cc102b819e,PP_HIGH_REPAIRED_FREE8_google_gemini31flashlite_BINF_IC-b_R2,V13_SUPPLEMENTAL_SHA256_STREAM,1.0,False
PP_CONTRAST,"{""action_space"":""CANDIDATE9"",""analysis_id"":""PP_CONTRAST"",""budget"":""B1"",""execution_policy"":""REPAIRED"",""information_condition"":""IC-b"",""lhs"":""C4R"",""model"":""GEMINI"",""oracle"":""alpha"",""population"":""PP"",""reasoning_regime"":""HIGH"",""replicate"":""RUN1"",""rhs"":""C4""}",d4ba3bfb338504fb9356cee9bf1278b4b0380c2ac242c3617093cfb6898250e4,15328630231796090107,GEMINI,ALPHA,HIGH,REPAIRED,1,PP,CANDIDATE9,B1,IC-b,C4R,C4,575,-0.0203331720559225,-0.0521275299036931,0.0103155006171881,9027,0,973,0.1947805219478052,36a83af3f0d7582270beb7cc0f37501edbf38b951afaa23acd4b2eaa9fb772f4,PP_HIGH_REPAIRED_CANDIDATE9_google_gemini31flashlite_B1_IC-b_R1,V13_SUPPLEMENTAL_SHA256_STREAM,0.5843415658434157,False
PP_CONTRAST,"{""action_space"":""CANDIDATE9"",""analysis_id"":""PP_CONTRAST"",""budget"":""B1"",""execution_policy"":""REPAIRED"",""information_condition"":""IC-b"",""lhs"":""C6-E"",""model"":""GEMINI"",""oracle"":""alpha"",""population"":""PP"",""reasoning_regime"":""HIGH"",""replicate"":""RUN1"",""rhs"":""C4R""}",4fb2c9fbab553e51cb81e06fa9e72ac4801d6edffd5bb6d53b1a0bd8d9fec9a4,5742874557599268433,GEMINI,ALPHA,HIGH,REPAIRED,1,PP,CANDIDATE9,B1,IC-b,C6-E,C4R,575,0.0370327081794462,-0.0094945930332409,0.0861426617922259,581,0,9419,0.1163883611638836,cf58c568f22d1336d35026bf09f5187a0e722ea75300a9bb3f7921e20afd9357,PP_HIGH_REPAIRED_CANDIDATE9_google_gemini31flashlite_B1_IC-b_R1,V13_SUPPLEMENTAL_SHA256_STREAM,0.4655534446555344,False
PP_CONTRAST,"{""action_space"":""CANDIDATE9"",""analysis_id"":""PP_CONTRAST"",""budget"":""B1"",""execution_policy"":""REPAIRED"",""information_condition"":""IC-b"",""lhs"":""C4R"",""model"":""GEMINI"",""oracle"":""beta"",""population"":""PP"",""reasoning_regime"":""HIGH"",""replicate"":""RUN1"",""rhs"":""C4""}",8909d27fa953abde149c24da28bb5b2f65be26f47346d0f059349798b73d8923,9874655103730035678,GEMINI,BETA,HIGH,REPAIRED,1,PP,CANDIDATE9,B1,IC-b,C4R,C4,575,-0.0039390710537549,-0.0081086756907287,-0.0007889022765148,9983,0,17,0.0035996400359964,af50420356ab40ca182c422e9dfe70d917f760b2f411f7a049d0130535eb8a22,PP_HIGH_REPAIRED_CANDIDATE9_google_gemini31flashlite_B1_IC-b_R1,V13_SUPPLEMENTAL_SHA256_STREAM,0.021597840215978402,True
PP_CONTRAST,"{""action_space"":""CANDIDATE9"",""analysis_id"":""PP_CONTRAST"",""budget"":""B1"",""execution_policy"":""REPAIRED"",""information_condition"":""IC-b"",""lhs"":""C6-E"",""model"":""GEMINI"",""oracle"":""beta"",""population"":""PP"",""reasoning_regime"":""HIGH"",""replicate"":""RUN1"",""rhs"":""C4R""}",2488fad21db65577449c47de0308c508c9ec98d11dfe2cf284fa5443e5753c88,2632629762546619767,GEMINI,BETA,HIGH,REPAIRED,1,PP,CANDIDATE9,B1,IC-b,C6-E,C4R,575,0.0086610773664386,-0.0001917805850894,0.0203767315161173,284,0,9716,0.056994300569943,ebdd0b445c51b9dd037165e472d90c6e61d82c721ba7afd40c4340fe6bd3101d,PP_HIGH_REPAIRED_CANDIDATE9_google_gemini31flashlite_B1_IC-b_R1,V13_SUPPLEMENTAL_SHA256_STREAM,0.284971502849715,False
PP_CONTRAST,"{""action_space"":""CANDIDATE9"",""analysis_id"":""PP_CONTRAST"",""budget"":""B1"",""execution_policy"":""REPAIRED"",""information_condition"":""IC-b"",""lhs"":""C4R"",""model"":""GEMINI"",""oracle"":""gamma"",""population"":""PP"",""reasoning_regime"":""HIGH"",""replicate"":""RUN1"",""rhs"":""C4""}",e5c29d3de9ecaf423cb650638408ade2ec9dd6913188c50fd8e7bae6175cf145,16555968069410533186,GEMINI,GAMMA,HIGH,REPAIRED,1,PP,CANDIDATE9,B1,IC-b,C4R,C4,575,-0.0051610701653675,-0.0204701430820974,0.010393991941168,7536,0,2464,0.492950704929507,a2c35e968a95b4edf707da3e426b2649f387a52e8f05a3e1a378c3ce1a1eb074,PP_HIGH_REPAIRED_CANDIDATE9_google_gemini31flashlite_B1_IC-b_R1,V13_SUPPLEMENTAL_SHA256_STREAM,0.8727127287271272,False
PP_CONTRAST,"{""action_space"":""CANDIDATE9"",""analysis_id"":""PP_CONTRAST"",""budget"":""B1"",""execution_policy"":""REPAIRED"",""information_condition"":""IC-b"",""lhs"":""C6-E"",""model"":""GEMINI"",""oracle"":""gamma"",""population"":""PP"",""reasoning_regime"":""HIGH"",""replicate"":""RUN1"",""rhs"":""C4R""}",de4c259756255f9df6f47d6457ab670dca1c892d18fe2ac1633cf9d3dfdfafb1,16018219306565590941,GEMINI,GAMMA,HIGH,REPAIRED,1,PP,CANDIDATE9,B1,IC-b,C6-E,C4R,575,0.0078455967302778,-0.0128242436414818,0.0280925961390091,2181,0,7819,0.4363563643635636,07fd00349b32f1939870956857ced323c295b15e53e8e4a01d3cc74d503ab866,PP_HIGH_REPAIRED_CANDIDATE9_google_gemini31flashlite_B1_IC-b_R1,V13_SUPPLEMENTAL_SHA256_STREAM,0.8727127287271272,False
PP_CONTRAST,"{""action_space"":""FREE8"",""analysis_id"":""PP_CONTRAST"",""budget"":""B1"",""execution_policy"":""REPAIRED"",""information_condition"":""IC-b"",""lhs"":""C4R"",""model"":""GEMINI"",""oracle"":""alpha"",""population"":""PP"",""reasoning_regime"":""HIGH"",""replicate"":""RUN2"",""rhs"":""C4""}",9e6dbf5c9b0da61b0d8c62c238cad504ec1b0885c7d93b2f415486c4c21c26cd,11415991034913334811,GEMINI,ALPHA,HIGH,REPAIRED,2,PP,FREE8,B1,IC-b,C4R,C4,563,-0.0137002821406071,-0.0506289877763823,0.0180454453031909,7747,0,2253,0.4507549245075492,275f29aa9c31600d188e7da2e13366f66dd085c7b4a28c5381d69f22b9e450b2,PP_HIGH_REPAIRED_FREE8_google_gemini31flashlite_B1_IC-b_R2,V13_SUPPLEMENTAL_SHA256_STREAM,1.0,False
PP_CONTRAST,"{""action_space"":""FREE8"",""analysis_id"":""PP_CONTRAST"",""budget"":""B1"",""execution_policy"":""REPAIRED"",""information_condition"":""IC-b"",""lhs"":""C6-E"",""model"":""GEMINI"",""oracle"":""alpha"",""population"":""PP"",""reasoning_regime"":""HIGH"",""replicate"":""RUN2"",""rhs"":""C4R""}",b7315321e3f50cd18db4efa40373ad91fb2e4ec6f54998626c1073bd33fbe6f9,13200423387823148241,GEMINI,ALPHA,HIGH,REPAIRED,2,PP,FREE8,B1,IC-b,C6-E,C4R,559,0.0762490214675272,0.0309926233171933,0.126555996661562,2,0,9998,0.0005999400059994,bfc45c3c78945af914eeab8ad30e14ffcfe3c5327b0f9f54430927d0bcc31940,PP_HIGH_REPAIRED_FREE8_google_gemini31flashlite_B1_IC-b_R2,V13_SUPPLEMENTAL_SHA256_STREAM,0.0035996400359963997,True
PP_CONTRAST,"{""action_space"":""FREE8"",""analysis_id"":""PP_CONTRAST"",""budget"":""B1"",""execution_policy"":""REPAIRED"",""information_condition"":""IC-b"",""lhs"":""C4R"",""model"":""GEMINI"",""oracle"":""beta"",""population"":""PP"",""reasoning_regime"":""HIGH"",""replicate"":""RUN2"",""rhs"":""C4""}",6704e63cd6abd8b69543f969aac25d8454ec968a60c7b0b4bb7d65cc8cccbf99,7423311234787432630,GEMINI,BETA,HIGH,REPAIRED,2,PP,FREE8,B1,IC-b,C4R,C4,563,-0.001714064825477,-0.016773755165707,0.0127711822602756,5991,0,4009,0.801919808019198,4bc9f9a5f0d50ba706f85080d0ccd62b055c144f1fbf617172aad46f8b1f7942,PP_HIGH_REPAIRED_FREE8_google_gemini31flashlite_B1_IC-b_R2,V13_SUPPLEMENTAL_SHA256_STREAM,1.0,False
PP_CONTRAST,"{""action_space"":""FREE8"",""analysis_id"":""PP_CONTRAST"",""budget"":""B1"",""execution_policy"":""REPAIRED"",""information_condition"":""IC-b"",""lhs"":""C6-E"",""model"":""GEMINI"",""oracle"":""beta"",""population"":""PP"",""reasoning_regime"":""HIGH"",""replicate"":""RUN2"",""rhs"":""C4R""}",ca39eecb5347a543df51a8b22548e6349cc42ee70e45f3d0461dcb86fd149c34,14571940626376926531,GEMINI,BETA,HIGH,REPAIRED,2,PP,FREE8,B1,IC-b,C6-E,C4R,559,0.0200020074320156,0.0022456068952995,0.0397398440144643,135,0,9865,0.0271972802719728,9ce8b83337d679a67430cacf0b482665c9b6447c95a1c91dc713cc109854a2f5,PP_HIGH_REPAIRED_FREE8_google_gemini31flashlite_B1_IC-b_R2,V13_SUPPLEMENTAL_SHA256_STREAM,0.1087891210878912,False
PP_CONTRAST,"{""action_space"":""FREE8"",""analysis_id"":""PP_CONTRAST"",""budget"":""B1"",""execution_policy"":""REPAIRED"",""information_condition"":""IC-b"",""lhs"":""C4R"",""model"":""GEMINI"",""oracle"":""gamma"",""population"":""PP"",""reasoning_regime"":""HIGH"",""replicate"":""RUN2"",""rhs"":""C4""}",8e8f999977165541d70b565cb2a2842da61b118347ab176983a40231e3e7f1f9,10272598159462389057,GEMINI,GAMMA,HIGH,REPAIRED,2,PP,FREE8,B1,IC-b,C4R,C4,563,-0.0020226269145952,-0.0140680187527014,0.009417989871365,6300,0,3700,0.7401259874012599,d28f90abaf07d1fb8da28579475d4eef90dac8b62af1dc14ee3f10f8d62b3147,PP_HIGH_REPAIRED_FREE8_google_gemini31flashlite_B1_IC-b_R2,V13_SUPPLEMENTAL_SHA256_STREAM,1.0,False
PP_CONTRAST,"{""action_space"":""FREE8"",""analysis_id"":""PP_CONTRAST"",""budget"":""B1"",""execution_policy"":""REPAIRED"",""information_condition"":""IC-b"",""lhs"":""C6-E"",""model"":""GEMINI"",""oracle"":""gamma"",""population"":""PP"",""reasoning_regime"":""HIGH"",""replicate"":""RUN2"",""rhs"":""C4R""}",baf7b13eb547b003d15b030664f2b98f168e6ecc1b67b6c7c250e883911f6838,13472431693189591043,GEMINI,GAMMA,HIGH,REPAIRED,2,PP,FREE8,B1,IC-b,C6-E,C4R,559,0.019253086268932,0.0038878860863861,0.0358486749274781,70,0,9930,0.0141985801419858,18ee14aae27afb170dfc687895a4dabb99450c60221e4b9d23d0bfb4809e66aa,PP_HIGH_REPAIRED_FREE8_google_gemini31flashlite_B1_IC-b_R2,V13_SUPPLEMENTAL_SHA256_STREAM,0.070992900709929,False
PP_CONTRAST,"{""action_space"":""FREE8"",""analysis_id"":""PP_CONTRAST"",""budget"":""B1"",""execution_policy"":""REPAIRED"",""information_condition"":""IC-b"",""lhs"":""C4R"",""model"":""GPT"",""oracle"":""alpha"",""population"":""PP"",""reasoning_regime"":""HIGH"",""replicate"":""RUN2"",""rhs"":""C4""}",08d702e73ea63648d89f16736f798143208e0c0509f71c199b08f5ee51472e06,636981064507995720,GPT,ALPHA,HIGH,REPAIRED,2,PP,FREE8,B1,IC-b,C4R,C4,552,0.0253683899218115,0.003660379246957,0.0528531689137516,81,15,9904,0.0193980601939806,9b355db6cc60b592fa8478d9a95bb6ba886bd0e2181200fb8637b3af376464b0,PP_HIGH_REPAIRED_FREE8_openai_gpt54mini_B1_IC-b_R2,V13_SUPPLEMENTAL_SHA256_STREAM,0.046795320467953205,True
PP_CONTRAST,"{""action_space"":""FREE8"",""analysis_id"":""PP_CONTRAST"",""budget"":""B1"",""execution_policy"":""REPAIRED"",""information_condition"":""IC-b"",""lhs"":""C6-E"",""model"":""GPT"",""oracle"":""alpha"",""population"":""PP"",""reasoning_regime"":""HIGH"",""replicate"":""RUN2"",""rhs"":""C4R""}",a7a969e472b668fe3438d9555ac0606ec35e12c3460f4e9e7a80701ab00dfc34,12081303905296083198,GPT,ALPHA,HIGH,REPAIRED,2,PP,FREE8,B1,IC-b,C6-E,C4R,558,0.078380832414119,0.0373610638944818,0.1216862897200945,1,0,9999,0.0003999600039996,1de3125927214b46a0e2d6c00d5abb55bd323e4002173ca94fb1624a240716b8,PP_HIGH_REPAIRED_FREE8_openai_gpt54mini_B1_IC-b_R2,V13_SUPPLEMENTAL_SHA256_STREAM,0.0023997600239976,True
PP_CONTRAST,"{""action_space"":""FREE8"",""analysis_id"":""PP_CONTRAST"",""budget"":""B1"",""execution_policy"":""REPAIRED"",""information_condition"":""IC-b"",""lhs"":""C4R"",""model"":""GPT"",""oracle"":""beta"",""population"":""PP"",""reasoning_regime"":""HIGH"",""replicate"":""RUN2"",""rhs"":""C4""}",4ba062411e721e8a37dcbd0efbceb81c876b0d84de558a1b40f80643e3bf52d5,5449463580941491850,GPT,BETA,HIGH,REPAIRED,2,PP,FREE8,B1,IC-b,C4R,C4,552,0.0061936974047854,0.0004198912435199,0.0163978035140454,77,0,9923,0.0155984401559844,cf53d0bb526654a2f28f2dfb9e22ef79d66cc117a97a9d82d4da7a3cf4d079c3,PP_HIGH_REPAIRED_FREE8_openai_gpt54mini_B1_IC-b_R2,V13_SUPPLEMENTAL_SHA256_STREAM,0.046795320467953205,True
PP_CONTRAST,"{""action_space"":""FREE8"",""analysis_id"":""PP_CONTRAST"",""budget"":""B1"",""execution_policy"":""REPAIRED"",""information_condition"":""IC-b"",""lhs"":""C6-E"",""model"":""GPT"",""oracle"":""beta"",""population"":""PP"",""reasoning_regime"":""HIGH"",""replicate"":""RUN2"",""rhs"":""C4R""}",de463fe1515bd1c3d3d4d11ee1f103932b88c97a0a44f5b3bb2fc167ca02dd38,16016559361754911171,GPT,BETA,HIGH,REPAIRED,2,PP,FREE8,B1,IC-b,C6-E,C4R,558,0.0297893198008741,0.0109018629874102,0.0524675940821955,7,0,9993,0.0015998400159984,9df112445381efb2ed11d42feb548f1f4658bad7b6c4f9d3d738217dac7e0675,PP_HIGH_REPAIRED_FREE8_openai_gpt54mini_B1_IC-b_R2,V13_SUPPLEMENTAL_SHA256_STREAM,0.0063993600639936,True
PP_CONTRAST,"{""action_space"":""FREE8"",""analysis_id"":""PP_CONTRAST"",""budget"":""B1"",""execution_policy"":""REPAIRED"",""information_condition"":""IC-b"",""lhs"":""C4R"",""model"":""GPT"",""oracle"":""gamma"",""population"":""PP"",""reasoning_regime"":""HIGH"",""replicate"":""RUN2"",""rhs"":""C4""}",4e309702c2bc63d88296a1d062a5d8257984d556326e462118976f9ae4ea9149,5634169171953345496,GPT,GAMMA,HIGH,REPAIRED,2,PP,FREE8,B1,IC-b,C4R,C4,552,0.0036938572122802,-0.0019234904236213,0.0109293649037925,1211,0,8789,0.2423757624237576,cf190d78b63d53df42447156609bcbb6602db04fc54a45d668b395a93b209515,PP_HIGH_REPAIRED_FREE8_openai_gpt54mini_B1_IC-b_R2,V13_SUPPLEMENTAL_SHA256_STREAM,0.2423757624237576,False
PP_CONTRAST,"{""action_space"":""FREE8"",""analysis_id"":""PP_CONTRAST"",""budget"":""B1"",""execution_policy"":""REPAIRED"",""information_condition"":""IC-b"",""lhs"":""C6-E"",""model"":""GPT"",""oracle"":""gamma"",""population"":""PP"",""reasoning_regime"":""HIGH"",""replicate"":""RUN2"",""rhs"":""C4R""}",2148d4b3000878a674dfaded6cec879a84c95e31b9c87c209d3796c0b65cf697,2398400666839578790,GPT,GAMMA,HIGH,REPAIRED,2,PP,FREE8,B1,IC-b,C6-E,C4R,558,0.0376471067945168,0.0175348357464114,0.058562774123339,4,0,9996,0.000999900009999,cfd7e20464a22b2242faea7f3bb4e8fff72a369aa24570f8d62307cdfc9351fd,PP_HIGH_REPAIRED_FREE8_openai_gpt54mini_B1_IC-b_R2,V13_SUPPLEMENTAL_SHA256_STREAM,0.004999500049995,True
PP_CONTRAST,"{""action_space"":""FREE8"",""analysis_id"":""PP_CONTRAST"",""budget"":""B1"",""execution_policy"":""REPAIRED"",""information_condition"":""IC-b"",""lhs"":""C5"",""model"":""GPT"",""oracle"":""alpha"",""population"":""PP"",""reasoning_regime"":""HIGH"",""replicate"":""RUN1"",""rhs"":""C4""}",eb485155f1bea98a2432930b4d43f21d220dc0abe02509ac889520c239abcef7,16953890226806106506,GPT,ALPHA,HIGH,REPAIRED,1,PP,FREE8,B1,IC-b,C5,C4,557,0.0055946645265029,-0.0532389837844885,0.0663724605898959,4362,0,5638,0.8725127487251275,3dcad8619d7de27715bd2267049670dc8f816d240de7ad4f9abb28fb51db9c67,PP_HIGH_REPAIRED_FREE8_openai_gpt54mini_B1_IC-b_R1,V13_SUPPLEMENTAL_SHA256_STREAM,1.0,False
PP_CONTRAST,"{""action_space"":""FREE8"",""analysis_id"":""PP_CONTRAST"",""budget"":""B1"",""execution_policy"":""REPAIRED"",""information_condition"":""IC-b"",""lhs"":""C4R"",""model"":""GPT"",""oracle"":""alpha"",""population"":""PP"",""reasoning_regime"":""HIGH"",""replicate"":""RUN1"",""rhs"":""C4""}",6c12e63fda5dfa5fc66882fe2dbd8aee0c89b9c52594d75b7bab8de4c388e294,7787539867597929055,GPT,ALPHA,HIGH,REPAIRED,1,PP,FREE8,B1,IC-b,C4R,C4,552,0.0109579751940614,-0.0007900983192659,0.0296301435560186,417,28,9555,0.0891910808919108,da4cb71e8d44c62e708903c88ecfad8c7b36d3c296ecfb8c3b35763a74429044,PP_HIGH_REPAIRED_FREE8_openai_gpt54mini_B1_IC-b_R1,V13_SUPPLEMENTAL_SHA256_STREAM,0.6243375662433757,False
PP_CONTRAST,"{""action_space"":""FREE8"",""analysis_id"":""PP_CONTRAST"",""budget"":""B1"",""execution_policy"":""REPAIRED"",""information_condition"":""IC-b"",""lhs"":""C6-E"",""model"":""GPT"",""oracle"":""alpha"",""population"":""PP"",""reasoning_regime"":""HIGH"",""replicate"":""RUN1"",""rhs"":""C4R""}",d2cb91b5242483578492455e2560701c7148d0381849bbfef1a04320a83ec37b,15189394375418610519,GPT,ALPHA,HIGH,REPAIRED,1,PP,FREE8,B1,IC-b,C6-E,C4R,558,0.1226091202194142,0.0702525136968608,0.1776009338926606,0,0,10000,0.0001999800019998,fc2b2af65aa1dec62091caa6cd43dcd706a5f9ea526392ae8c068c38b1cc4649,PP_HIGH_REPAIRED_FREE8_openai_gpt54mini_B1_IC-b_R1,V13_SUPPLEMENTAL_SHA256_STREAM,0.0023997600239976,True
PP_CONTRAST,"{""action_space"":""FREE8"",""analysis_id"":""PP_CONTRAST"",""budget"":""B1"",""execution_policy"":""REPAIRED"",""information_condition"":""IC-b"",""lhs"":""C6-E"",""model"":""GPT"",""oracle"":""alpha"",""population"":""PP"",""reasoning_regime"":""HIGH"",""replicate"":""RUN1"",""rhs"":""C6-EX""}",a882f2c317412281fb02238e21af97cc5b68b3c85db58fd0cc6f8f77771949cd,12142534465066967681,GPT,ALPHA,HIGH,REPAIRED,1,PP,FREE8,B1,IC-b,C6-E,C6-EX,557,0.1291152767224391,0.0680285880303078,0.1915664926790177,0,0,10000,0.0001999800019998,e1665bdd56ec825a57758ff2730282fb0c73dbb6a568d53205b01cb81903e8d4,PP_HIGH_REPAIRED_FREE8_openai_gpt54mini_B1_IC-b_R1,V13_SUPPLEMENTAL_SHA256_STREAM,0.0023997600239976,True
PP_CONTRAST,"{""action_space"":""FREE8"",""analysis_id"":""PP_CONTRAST"",""budget"":""B1"",""execution_policy"":""REPAIRED"",""information_condition"":""IC-b"",""lhs"":""C5"",""model"":""GPT"",""oracle"":""beta"",""population"":""PP"",""reasoning_regime"":""HIGH"",""replicate"":""RUN1"",""rhs"":""C4""}",6bc0f6b25226426009f11e064c92dd274b62b7310fd531fb2160be72bc6bcac8,7764477003329585760,GPT,BETA,HIGH,REPAIRED,1,PP,FREE8,B1,IC-b,C5,C4,557,0.0031751334005667,-0.0153948809425119,0.0189811232773183,3270,0,6730,0.6541345865413458,27f37548b534c0590fee95a39ace7f781588319e112abc4b724129b3b76265cb,PP_HIGH_REPAIRED_FREE8_openai_gpt54mini_B1_IC-b_R1,V13_SUPPLEMENTAL_SHA256_STREAM,1.0,False
PP_CONTRAST,"{""action_space"":""FREE8"",""analysis_id"":""PP_CONTRAST"",""budget"":""B1"",""execution_policy"":""REPAIRED"",""information_condition"":""IC-b"",""lhs"":""C4R"",""model"":""GPT"",""oracle"":""beta"",""population"":""PP"",""reasoning_regime"":""HIGH"",""replicate"":""RUN1"",""rhs"":""C4""}",4c58f3cde9bcb8451b2f7fa2d691567b02573611066825f0a4901214118cf0ad,5501415010548365381,GPT,BETA,HIGH,REPAIRED,1,PP,FREE8,B1,IC-b,C4R,C4,552,0.000581687808158,-0.0012360831462161,0.0021329107932686,2383,0,7617,0.4767523247675233,f0e8eb8228c887645d99e8f97d8fce8e554600f02f66787f0c643bf32bf7d395,PP_HIGH_REPAIRED_FREE8_openai_gpt54mini_B1_IC-b_R1,V13_SUPPLEMENTAL_SHA256_STREAM,1.0,False
PP_CONTRAST,"{""action_space"":""FREE8"",""analysis_id"":""PP_CONTRAST"",""budget"":""B1"",""execution_policy"":""REPAIRED"",""information_condition"":""IC-b"",""lhs"":""C6-E"",""model"":""GPT"",""oracle"":""beta"",""population"":""PP"",""reasoning_regime"":""HIGH"",""replicate"":""RUN1"",""rhs"":""C4R""}",a5095bdb21bf9ee5255baa8a0d47309c58eb096251e37f247bca4bdc66292f43,11892137287770676965,GPT,BETA,HIGH,REPAIRED,1,PP,FREE8,B1,IC-b,C6-E,C4R,558,0.0242438475234387,0.0069406550732937,0.0453449187560074,17,0,9983,0.0035996400359964,a43e3e9e8bceb840f9b2b6099c18bd3316afae5ff32bcbf9ef7c6ce187efd7bb,PP_HIGH_REPAIRED_FREE8_openai_gpt54mini_B1_IC-b_R1,V13_SUPPLEMENTAL_SHA256_STREAM,0.035996400359964,True
PP_CONTRAST,"{""action_space"":""FREE8"",""analysis_id"":""PP_CONTRAST"",""budget"":""B1"",""execution_policy"":""REPAIRED"",""information_condition"":""IC-b"",""lhs"":""C6-E"",""model"":""GPT"",""oracle"":""beta"",""population"":""PP"",""reasoning_regime"":""HIGH"",""replicate"":""RUN1"",""rhs"":""C6-EX""}",6ffb5c242b6225b5ae35062f3f17d002aa7b2515fdfcc19f6fe5f621a15e1d97,8069144467780806069,GPT,BETA,HIGH,REPAIRED,1,PP,FREE8,B1,IC-b,C6-E,C6-EX,557,0.014619185939813,-0.0066415719014509,0.0362792407247831,914,0,9086,0.182981701829817,aab8da1b43dad280ecb0583e6ce7989edaf0345380835eb73e2387048221d905,PP_HIGH_REPAIRED_FREE8_openai_gpt54mini_B1_IC-b_R1,V13_SUPPLEMENTAL_SHA256_STREAM,1.0,False
PP_CONTRAST,"{""action_space"":""FREE8"",""analysis_id"":""PP_CONTRAST"",""budget"":""B1"",""execution_policy"":""REPAIRED"",""information_condition"":""IC-b"",""lhs"":""C5"",""model"":""GPT"",""oracle"":""gamma"",""population"":""PP"",""reasoning_regime"":""HIGH"",""replicate"":""RUN1"",""rhs"":""C4""}",7d3bfdbb210ba9ef2d28177e893d322034c79c036ab535e509f3e605adc2ec24,9024085258522044911,GPT,GAMMA,HIGH,REPAIRED,1,PP,FREE8,B1,IC-b,C5,C4,557,0.0042025178993226,-0.0198297876953357,0.0305408323933851,3850,0,6150,0.7701229877012299,0f4cee82251ed1ea62d66dc13f0b076fa4df898717acdb2c12a85394f075d3a2,PP_HIGH_REPAIRED_FREE8_openai_gpt54mini_B1_IC-b_R1,V13_SUPPLEMENTAL_SHA256_STREAM,1.0,False
PP_CONTRAST,"{""action_space"":""FREE8"",""analysis_id"":""PP_CONTRAST"",""budget"":""B1"",""execution_policy"":""REPAIRED"",""information_condition"":""IC-b"",""lhs"":""C4R"",""model"":""GPT"",""oracle"":""gamma"",""population"":""PP"",""reasoning_regime"":""HIGH"",""replicate"":""RUN1"",""rhs"":""C4""}",efc1579ae8e28fb7356684f43ba2faeee3af8cb43f679d40ecbda22dbe259324,17276185968413675447,GPT,GAMMA,HIGH,REPAIRED,1,PP,FREE8,B1,IC-b,C4R,C4,552,0.0015754339321178,-0.0030330281998144,0.0078887330488981,3143,0,6857,0.6287371262873712,76b958d41e2e0130e96aea488e5898488f7fa9213dc939643f749b032242327f,PP_HIGH_REPAIRED_FREE8_openai_gpt54mini_B1_IC-b_R1,V13_SUPPLEMENTAL_SHA256_STREAM,1.0,False
PP_CONTRAST,"{""action_space"":""FREE8"",""analysis_id"":""PP_CONTRAST"",""budget"":""B1"",""execution_policy"":""REPAIRED"",""information_condition"":""IC-b"",""lhs"":""C6-E"",""model"":""GPT"",""oracle"":""gamma"",""population"":""PP"",""reasoning_regime"":""HIGH"",""replicate"":""RUN1"",""rhs"":""C4R""}",007d89e4581d400e5f76d4d13fb44a9612754dbb22a3401f09f2974588ce1310,35335985912692750,GPT,GAMMA,HIGH,REPAIRED,1,PP,FREE8,B1,IC-b,C6-E,C4R,558,0.027186325341152,0.0049073012008648,0.0493471791751039,85,0,9915,0.0171982801719828,b306f067a6774502ecd499de2185a6cfed2c7a9f39dce73ff943a75d2e811eb3,PP_HIGH_REPAIRED_FREE8_openai_gpt54mini_B1_IC-b_R1,V13_SUPPLEMENTAL_SHA256_STREAM,0.1547845215478452,False
PP_CONTRAST,"{""action_space"":""FREE8"",""analysis_id"":""PP_CONTRAST"",""budget"":""B1"",""execution_policy"":""REPAIRED"",""information_condition"":""IC-b"",""lhs"":""C6-E"",""model"":""GPT"",""oracle"":""gamma"",""population"":""PP"",""reasoning_regime"":""HIGH"",""replicate"":""RUN1"",""rhs"":""C6-EX""}",febe07fa5b209093ac219bfa59bd2c848196912249d515a899800e181c63e326,18356117903060799635,GPT,GAMMA,HIGH,REPAIRED,1,PP,FREE8,B1,IC-b,C6-E,C6-EX,557,0.0278024243492918,0.0043948165506485,0.0517112645552534,108,0,9892,0.0217978202179782,0f841fac2882b8f7c19efdda254aff292e7b93686bf80397f2584ce9b82989ff,PP_HIGH_REPAIRED_FREE8_openai_gpt54mini_B1_IC-b_R1,V13_SUPPLEMENTAL_SHA256_STREAM,0.1743825617438256,False
PP_CONTRAST,"{""action_space"":""CANDIDATE9"",""analysis_id"":""PP_CONTRAST"",""budget"":""B1"",""execution_policy"":""REPAIRED"",""information_condition"":""IC-b"",""lhs"":""C4R"",""model"":""GPT"",""oracle"":""alpha"",""population"":""PP"",""reasoning_regime"":""HIGH"",""replicate"":""RUN1"",""rhs"":""C4""}",21dbc280edf773415085ba4618f804567daf3d4f6ffc7107d8d379364206cdd6,2439757482155275073,GPT,ALPHA,HIGH,REPAIRED,1,PP,CANDIDATE9,B1,IC-b,C4R,C4,553,0.0158861571797472,-0.002226460211954,0.0385824031439667,502,17,9481,0.103989601039896,60b384585ee4217b6f834e1dc74011e785ebbfa7606306b87eab9959548c9006,PP_HIGH_REPAIRED_CANDIDATE9_openai_gpt54mini_B1_IC-b_R1,V13_SUPPLEMENTAL_SHA256_STREAM,0.456954304569543,False
PP_CONTRAST,"{""action_space"":""CANDIDATE9"",""analysis_id"":""PP_CONTRAST"",""budget"":""B1"",""execution_policy"":""REPAIRED"",""information_condition"":""IC-b"",""lhs"":""C6-E"",""model"":""GPT"",""oracle"":""alpha"",""population"":""PP"",""reasoning_regime"":""HIGH"",""replicate"":""RUN1"",""rhs"":""C4R""}",4e4f6d17312efd9f8adad4eb41d18d072647f86743202fe16329b1a2cc2e1797,5642848804495359391,GPT,ALPHA,HIGH,REPAIRED,1,PP,CANDIDATE9,B1,IC-b,C6-E,C4R,564,0.0320294836686725,-0.0053116412217416,0.0694586504100552,456,0,9544,0.0913908609139086,d9231d8e4a3fcca17c7cfa2f8d6027caaa8344c12a86049e64446d9e160d26d1,PP_HIGH_REPAIRED_CANDIDATE9_openai_gpt54mini_B1_IC-b_R1,V13_SUPPLEMENTAL_SHA256_STREAM,0.456954304569543,False
PP_CONTRAST,"{""action_space"":""CANDIDATE9"",""analysis_id"":""PP_CONTRAST"",""budget"":""B1"",""execution_policy"":""REPAIRED"",""information_condition"":""IC-b"",""lhs"":""C4R"",""model"":""GPT"",""oracle"":""beta"",""population"":""PP"",""reasoning_regime"":""HIGH"",""replicate"":""RUN1"",""rhs"":""C4""}",9ac8e408e4f2ec108e156c03102319c8b9bb2b1012180de0a9613a6880f7675f,11153415204035030032,GPT,BETA,HIGH,REPAIRED,1,PP,CANDIDATE9,B1,IC-b,C4R,C4,553,0.0013311334995102,-0.0044457672221522,0.0066295920409653,3008,0,6992,0.6017398260173983,679998e8261b2f8c6ed04d9f706c530530d35b8faa1355bbec9593f77a66ac95,PP_HIGH_REPAIRED_CANDIDATE9_openai_gpt54mini_B1_IC-b_R1,V13_SUPPLEMENTAL_SHA256_STREAM,1.0,False
PP_CONTRAST,"{""action_space"":""CANDIDATE9"",""analysis_id"":""PP_CONTRAST"",""budget"":""B1"",""execution_policy"":""REPAIRED"",""information_condition"":""IC-b"",""lhs"":""C6-E"",""model"":""GPT"",""oracle"":""beta"",""population"":""PP"",""reasoning_regime"":""HIGH"",""replicate"":""RUN1"",""rhs"":""C4R""}",d59f46dab7dc6fe21d7eddf3cbe072bad454c3bad6e99c665440be1f1493f6ee,15393099956577136610,GPT,BETA,HIGH,REPAIRED,1,PP,CANDIDATE9,B1,IC-b,C6-E,C4R,564,0.0036421043064396,-0.010169879681575,0.0140222444400318,2540,0,7460,0.5081491850814919,07b3408a9b2b344e54276643b2a3c6c7645fd1b462fb215c14a35e1b63308117,PP_HIGH_REPAIRED_CANDIDATE9_openai_gpt54mini_B1_IC-b_R1,V13_SUPPLEMENTAL_SHA256_STREAM,1.0,False
PP_CONTRAST,"{""action_space"":""CANDIDATE9"",""analysis_id"":""PP_CONTRAST"",""budget"":""B1"",""execution_policy"":""REPAIRED"",""information_condition"":""IC-b"",""lhs"":""C4R"",""model"":""GPT"",""oracle"":""gamma"",""population"":""PP"",""reasoning_regime"":""HIGH"",""replicate"":""RUN1"",""rhs"":""C4""}",09b8959cc2dd41c424899503d170f2d1d1fbbc9332030a1e2eb17ae0ae0d90a6,700474242572829124,GPT,GAMMA,HIGH,REPAIRED,1,PP,CANDIDATE9,B1,IC-b,C4R,C4,553,0.0032962983732766,-0.0082744006074363,0.0160709882522326,2823,1,7176,0.5649435056494351,803f92cf4af716b51c29f511286f7b8fc58423a1bc17a0f658f768ee363a7d27,PP_HIGH_REPAIRED_CANDIDATE9_openai_gpt54mini_B1_IC-b_R1,V13_SUPPLEMENTAL_SHA256_STREAM,1.0,False
PP_CONTRAST,"{""action_space"":""CANDIDATE9"",""analysis_id"":""PP_CONTRAST"",""budget"":""B1"",""execution_policy"":""REPAIRED"",""information_condition"":""IC-b"",""lhs"":""C6-E"",""model"":""GPT"",""oracle"":""gamma"",""population"":""PP"",""reasoning_regime"":""HIGH"",""replicate"":""RUN1"",""rhs"":""C4R""}",5c0c227b715ac6bdf975e99959b85d35f19e4fff37c6988721e1282bf92474f5,6632714264787994301,GPT,GAMMA,HIGH,REPAIRED,1,PP,CANDIDATE9,B1,IC-b,C6-E,C4R,564,0.0256011863452493,0.0037427873465642,0.0492247198905114,107,0,9893,0.0215978402159784,eacd55e82be40776c67d128d6ccd897cb54c63e7d06cbf792b94fec8d6d89a0c,PP_HIGH_REPAIRED_CANDIDATE9_openai_gpt54mini_B1_IC-b_R1,V13_SUPPLEMENTAL_SHA256_STREAM,0.1295870412958704,False
PP_CONTRAST,"{""action_space"":""FREE8"",""analysis_id"":""PP_CONTRAST"",""budget"":""BINF"",""execution_policy"":""REPAIRED"",""information_condition"":""IC-b"",""lhs"":""C5"",""model"":""GPT"",""oracle"":""alpha"",""population"":""PP"",""reasoning_regime"":""HIGH"",""replicate"":""RUN1"",""rhs"":""C4""}",a26faade5a649a7be45d3fbadfcba6e73eeb052411687d9233e2f61bc20fed0e,11704761828535212667,GPT,ALPHA,HIGH,REPAIRED,1,PP,FREE8,BINF,IC-b,C5,C4,566,-0.0839673968997822,-0.1526126986135662,-0.0186263638778415,9951,0,49,0.00999900009999,a212008449d0784bef06c2c24b2819f448b88a972ee8bd595799540e85c44b32,PP_HIGH_REPAIRED_FREE8_openai_gpt54mini_BINF_IC-b_R1,V13_SUPPLEMENTAL_SHA256_STREAM,0.05999400059994,False
PP_CONTRAST,"{""action_space"":""FREE8"",""analysis_id"":""PP_CONTRAST"",""budget"":""BINF"",""execution_policy"":""REPAIRED"",""information_condition"":""IC-b"",""lhs"":""C4R"",""model"":""GPT"",""oracle"":""alpha"",""population"":""PP"",""reasoning_regime"":""HIGH"",""replicate"":""RUN1"",""rhs"":""C4""}",7dacbe139e005e427a51612ccf6957a5fa2666a9e47ead68ca09620756c2d51f,9055821942199705154,GPT,ALPHA,HIGH,REPAIRED,1,PP,FREE8,BINF,IC-b,C4R,C4,567,0.0593825755130106,0.0215544753357112,0.1014949124142113,7,0,9993,0.0015998400159984,87661c04151bf8ec5d3d21a71bc78370bce199d92e431398f2c79662f669f20c,PP_HIGH_REPAIRED_FREE8_openai_gpt54mini_BINF_IC-b_R1,V13_SUPPLEMENTAL_SHA256_STREAM,0.0127987201279872,True
PP_CONTRAST,"{""action_space"":""FREE8"",""analysis_id"":""PP_CONTRAST"",""budget"":""BINF"",""execution_policy"":""REPAIRED"",""information_condition"":""IC-b"",""lhs"":""C6-E"",""model"":""GPT"",""oracle"":""alpha"",""population"":""PP"",""reasoning_regime"":""HIGH"",""replicate"":""RUN1"",""rhs"":""C4R""}",69686a66fcf277da43f7c5b242e9e6ace30c6181c55c579429a40f48f2ffcc03,7595437762123298778,GPT,ALPHA,HIGH,REPAIRED,1,PP,FREE8,BINF,IC-b,C6-E,C4R,567,0.2243043463838956,0.1541496575746385,0.2978800559400381,0,0,10000,0.0001999800019998,5f3676826c8d35bac6f7ee930c3d6e7c349b6a2dbb2826dec8120ba3074c0083,PP_HIGH_REPAIRED_FREE8_openai_gpt54mini_BINF_IC-b_R1,V13_SUPPLEMENTAL_SHA256_STREAM,0.0023997600239976,True
PP_CONTRAST,"{""action_space"":""FREE8"",""analysis_id"":""PP_CONTRAST"",""budget"":""BINF"",""execution_policy"":""REPAIRED"",""information_condition"":""IC-b"",""lhs"":""C6-E"",""model"":""GPT"",""oracle"":""alpha"",""population"":""PP"",""reasoning_regime"":""HIGH"",""replicate"":""RUN1"",""rhs"":""C6-EX""}",3b828c2a5e93240332c905771751c2dee74b511890a09ce9dd1b20a7b3d98a39,4288143908813349891,GPT,ALPHA,HIGH,REPAIRED,1,PP,FREE8,BINF,IC-b,C6-E,C6-EX,565,0.0934556553849253,0.0175861444802025,0.1667122455035135,82,0,9918,0.0165983401659834,b994a8d232ec31bb83d90a8427b0c79e711cf453f16813284703fbd3ecb8cdf4,PP_HIGH_REPAIRED_FREE8_openai_gpt54mini_BINF_IC-b_R1,V13_SUPPLEMENTAL_SHA256_STREAM,0.082991700829917,False
PP_CONTRAST,"{""action_space"":""FREE8"",""analysis_id"":""PP_CONTRAST"",""budget"":""BINF"",""execution_policy"":""REPAIRED"",""information_condition"":""IC-b"",""lhs"":""C5"",""model"":""GPT"",""oracle"":""beta"",""population"":""PP"",""reasoning_regime"":""HIGH"",""replicate"":""RUN1"",""rhs"":""C4""}",b8a8f6f045bcc3240519fd6bb9a0fc31fd80c0f9fb6e56c8cb6a777f91dff3bd,13306156610888712996,GPT,BETA,HIGH,REPAIRED,1,PP,FREE8,BINF,IC-b,C5,C4,566,0.0037043477776551,-0.0174478056436113,0.0249670914923858,3525,0,6475,0.7051294870512949,fb16764dba0dc982647cec7259730325bdc8b210fbad4d268c4e6de7b6c23640,PP_HIGH_REPAIRED_FREE8_openai_gpt54mini_BINF_IC-b_R1,V13_SUPPLEMENTAL_SHA256_STREAM,1.0,False
PP_CONTRAST,"{""action_space"":""FREE8"",""analysis_id"":""PP_CONTRAST"",""budget"":""BINF"",""execution_policy"":""REPAIRED"",""information_condition"":""IC-b"",""lhs"":""C4R"",""model"":""GPT"",""oracle"":""beta"",""population"":""PP"",""reasoning_regime"":""HIGH"",""replicate"":""RUN1"",""rhs"":""C4""}",7c6a2cb0bd86d31ff48721f17dbe045c34dc652b577910b54e1dc0f2c46836f9,8965027145839989535,GPT,BETA,HIGH,REPAIRED,1,PP,FREE8,BINF,IC-b,C4R,C4,567,0.009644714043744,-0.0066495328784388,0.0258129056954818,1127,0,8873,0.2255774422557744,ff47523710392d4dbbc5e55bb36216ae5efbf954a68f7f4a4c6b023713b2eddb,PP_HIGH_REPAIRED_FREE8_openai_gpt54mini_BINF_IC-b_R1,V13_SUPPLEMENTAL_SHA256_STREAM,0.6767323267673232,False
PP_CONTRAST,"{""action_space"":""FREE8"",""analysis_id"":""PP_CONTRAST"",""budget"":""BINF"",""execution_policy"":""REPAIRED"",""information_condition"":""IC-b"",""lhs"":""C6-E"",""model"":""GPT"",""oracle"":""beta"",""population"":""PP"",""reasoning_regime"":""HIGH"",""replicate"":""RUN1"",""rhs"":""C4R""}",7b69dcfdf5b577a7f5cd96b42d995bfcc77daed7d9f0554aa1736ce201aeb2a6,8892881922526902183,GPT,BETA,HIGH,REPAIRED,1,PP,FREE8,BINF,IC-b,C6-E,C4R,567,0.0446957664210784,0.0277964486891834,0.0638190096592371,0,0,10000,0.0001999800019998,d5710b4403c8c9a61aaffbcdcb720a01ebeba05e2f322fd7fba07d7740712292,PP_HIGH_REPAIRED_FREE8_openai_gpt54mini_BINF_IC-b_R1,V13_SUPPLEMENTAL_SHA256_STREAM,0.0023997600239976,True
PP_CONTRAST,"{""action_space"":""FREE8"",""analysis_id"":""PP_CONTRAST"",""budget"":""BINF"",""execution_policy"":""REPAIRED"",""information_condition"":""IC-b"",""lhs"":""C6-E"",""model"":""GPT"",""oracle"":""beta"",""population"":""PP"",""reasoning_regime"":""HIGH"",""replicate"":""RUN1"",""rhs"":""C6-EX""}",1e0019e51c46249743d08cb228a8b912497e950b0ff217331bf4b4151f3d425b,2161756292950402199,GPT,BETA,HIGH,REPAIRED,1,PP,FREE8,BINF,IC-b,C6-E,C6-EX,565,0.0128967944872709,-0.0016983955354791,0.0277496311540309,434,0,9566,0.086991300869913,ed0b5a150758c539aa61e8d7ced30b240d027f0b9b06918461abfad87ca92459,PP_HIGH_REPAIRED_FREE8_openai_gpt54mini_BINF_IC-b_R1,V13_SUPPLEMENTAL_SHA256_STREAM,0.347965203479652,False
PP_CONTRAST,"{""action_space"":""FREE8"",""analysis_id"":""PP_CONTRAST"",""budget"":""BINF"",""execution_policy"":""REPAIRED"",""information_condition"":""IC-b"",""lhs"":""C5"",""model"":""GPT"",""oracle"":""gamma"",""population"":""PP"",""reasoning_regime"":""HIGH"",""replicate"":""RUN1"",""rhs"":""C4""}",6b8c03c253778c07a050fd763dfac07b87d61cdc6453dd88dde9fd040ae661a5,7749573191956663303,GPT,GAMMA,HIGH,REPAIRED,1,PP,FREE8,BINF,IC-b,C5,C4,566,-0.009733794652091,-0.0398471547160261,0.0196678607469117,7428,0,2572,0.5145485451454854,8a148aa48f3fcc575e26e683d3b7192fea41f13c9ff2e666461e452aacf5a837,PP_HIGH_REPAIRED_FREE8_openai_gpt54mini_BINF_IC-b_R1,V13_SUPPLEMENTAL_SHA256_STREAM,1.0,False
PP_CONTRAST,"{""action_space"":""FREE8"",""analysis_id"":""PP_CONTRAST"",""budget"":""BINF"",""execution_policy"":""REPAIRED"",""information_condition"":""IC-b"",""lhs"":""C4R"",""model"":""GPT"",""oracle"":""gamma"",""population"":""PP"",""reasoning_regime"":""HIGH"",""replicate"":""RUN1"",""rhs"":""C4""}",856071b9f82f4eb81063059c7a4656ba8525f87e2c6f49f404e594a982b1299d,9610806648355376824,GPT,GAMMA,HIGH,REPAIRED,1,PP,FREE8,BINF,IC-b,C4R,C4,567,0.0144781842322044,0.0053044971567393,0.0253252922874993,4,0,9996,0.000999900009999,eb29c8a25c4cd070e067b1a44c62f07ff73f40de531ab45733ef8fc48dcf2f99,PP_HIGH_REPAIRED_FREE8_openai_gpt54mini_BINF_IC-b_R1,V13_SUPPLEMENTAL_SHA256_STREAM,0.008999100089991,True
PP_CONTRAST,"{""action_space"":""FREE8"",""analysis_id"":""PP_CONTRAST"",""budget"":""BINF"",""execution_policy"":""REPAIRED"",""information_condition"":""IC-b"",""lhs"":""C6-E"",""model"":""GPT"",""oracle"":""gamma"",""population"":""PP"",""reasoning_regime"":""HIGH"",""replicate"":""RUN1"",""rhs"":""C4R""}",56b0c4a74807c4bfdda74aca6239fa4cc256711a44fdb6e50a1448fcef7a0358,6246708905909929151,GPT,GAMMA,HIGH,REPAIRED,1,PP,FREE8,BINF,IC-b,C6-E,C4R,567,0.0740703523162604,0.0420669803559996,0.1079703479230629,0,0,10000,0.0001999800019998,26beef70c77ad74c92bb320fe3c2158df806c0248a69633fedb0fec6acce9d6b,PP_HIGH_REPAIRED_FREE8_openai_gpt54mini_BINF_IC-b_R1,V13_SUPPLEMENTAL_SHA256_STREAM,0.0023997600239976,True
PP_CONTRAST,"{""action_space"":""FREE8"",""analysis_id"":""PP_CONTRAST"",""budget"":""BINF"",""execution_policy"":""REPAIRED"",""information_condition"":""IC-b"",""lhs"":""C6-E"",""model"":""GPT"",""oracle"":""gamma"",""population"":""PP"",""reasoning_regime"":""HIGH"",""replicate"":""RUN1"",""rhs"":""C6-EX""}",1c45b810ac02bb6d8ce53dc617f96794ece3bbcb1a7710f33f5957eb70095624,2037236788199865197,GPT,GAMMA,HIGH,REPAIRED,1,PP,FREE8,BINF,IC-b,C6-E,C6-EX,565,0.0440805494573947,0.0113592471658786,0.077363064492234,38,0,9962,0.0077992200779922,4412cba27ac94e57002a032cf8bc951a6572acbb542b3c020f92d20c89ae9da9,PP_HIGH_REPAIRED_FREE8_openai_gpt54mini_BINF_IC-b_R1,V13_SUPPLEMENTAL_SHA256_STREAM,0.054594540545945404,False
PP_CONTRAST,"{""action_space"":""FREE8"",""analysis_id"":""PP_CONTRAST"",""budget"":""BINF"",""execution_policy"":""REPAIRED"",""information_condition"":""IC-b"",""lhs"":""C4R"",""model"":""GPT"",""oracle"":""alpha"",""population"":""PP"",""reasoning_regime"":""HIGH"",""replicate"":""RUN2"",""rhs"":""C4""}",b7afab4f469ef4017dacd251067fd22e477199f71f2747dd3a669aafd7eeb8b6,13235986186840765441,GPT,ALPHA,HIGH,REPAIRED,2,PP,FREE8,BINF,IC-b,C4R,C4,572,0.0553095383746368,0.0211235231630286,0.0949513837278614,1,0,9999,0.0003999600039996,26c7bae5ea0995802fb1fa80c279c29276a3a12ea9431f4139f56ff7779dbec4,PP_HIGH_REPAIRED_FREE8_openai_gpt54mini_BINF_IC-b_R2,V13_SUPPLEMENTAL_SHA256_STREAM,0.0015998400159984,True
PP_CONTRAST,"{""action_space"":""FREE8"",""analysis_id"":""PP_CONTRAST"",""budget"":""BINF"",""execution_policy"":""REPAIRED"",""information_condition"":""IC-b"",""lhs"":""C6-E"",""model"":""GPT"",""oracle"":""alpha"",""population"":""PP"",""reasoning_regime"":""HIGH"",""replicate"":""RUN2"",""rhs"":""C4R""}",324eae165b51870deedf95b900c2380269ab77badf54ee07124c77133188e59a,3625026161124411149,GPT,ALPHA,HIGH,REPAIRED,2,PP,FREE8,BINF,IC-b,C6-E,C4R,568,0.2040707621288961,0.1425772677238279,0.2682479360221949,0,0,10000,0.0001999800019998,78f9e35ece4d0f6d3f4972fa3ece9a51e45a624882c5ec6f749b0554b9571914,PP_HIGH_REPAIRED_FREE8_openai_gpt54mini_BINF_IC-b_R2,V13_SUPPLEMENTAL_SHA256_STREAM,0.0011998800119988,True
PP_CONTRAST,"{""action_space"":""FREE8"",""analysis_id"":""PP_CONTRAST"",""budget"":""BINF"",""execution_policy"":""REPAIRED"",""information_condition"":""IC-b"",""lhs"":""C4R"",""model"":""GPT"",""oracle"":""beta"",""population"":""PP"",""reasoning_regime"":""HIGH"",""replicate"":""RUN2"",""rhs"":""C4""}",a5b5ce0c3ac2095709457ef1debaa99fe8988d89ed2e7d82bcfff84e85bdfa80,11940676538963462487,GPT,BETA,HIGH,REPAIRED,2,PP,FREE8,BINF,IC-b,C4R,C4,572,0.0083215276748218,-0.0029322610301459,0.0214140653013916,744,0,9256,0.148985101489851,77d7aef93c15346ce5a7c27c6373de5320705a2c3d974f5a7296b836410fa966,PP_HIGH_REPAIRED_FREE8_openai_gpt54mini_BINF_IC-b_R2,V13_SUPPLEMENTAL_SHA256_STREAM,0.148985101489851,False
PP_CONTRAST,"{""action_space"":""FREE8"",""analysis_id"":""PP_CONTRAST"",""budget"":""BINF"",""execution_policy"":""REPAIRED"",""information_condition"":""IC-b"",""lhs"":""C6-E"",""model"":""GPT"",""oracle"":""beta"",""population"":""PP"",""reasoning_regime"":""HIGH"",""replicate"":""RUN2"",""rhs"":""C4R""}",fceff19ec62bb1641e8c90ff42ef2d2e7f93e173abe051dedb0fcd380a83779d,18226051881223565668,GPT,BETA,HIGH,REPAIRED,2,PP,FREE8,BINF,IC-b,C6-E,C4R,568,0.0492915840427456,0.029142656568368,0.0716224582744958,0,0,10000,0.0001999800019998,5c6475741774957173552ddea2a40c4b28105a746c535f4e42c4f457042bcb6a,PP_HIGH_REPAIRED_FREE8_openai_gpt54mini_BINF_IC-b_R2,V13_SUPPLEMENTAL_SHA256_STREAM,0.0011998800119988,True
PP_CONTRAST,"{""action_space"":""FREE8"",""analysis_id"":""PP_CONTRAST"",""budget"":""BINF"",""execution_policy"":""REPAIRED"",""information_condition"":""IC-b"",""lhs"":""C4R"",""model"":""GPT"",""oracle"":""gamma"",""population"":""PP"",""reasoning_regime"":""HIGH"",""replicate"":""RUN2"",""rhs"":""C4""}",c453b028465ca4917a40035e93666d889d984f47cb49cae54ff5e8643ffa5c67,14146844541526516881,GPT,GAMMA,HIGH,REPAIRED,2,PP,FREE8,BINF,IC-b,C4R,C4,572,0.0160672067404454,0.0049062025582704,0.0302020428890921,4,0,9996,0.000999900009999,3dece0abc3629440e2a1804b3f63b78a1e195240e5783f798077db967ab12439,PP_HIGH_REPAIRED_FREE8_openai_gpt54mini_BINF_IC-b_R2,V13_SUPPLEMENTAL_SHA256_STREAM,0.001999800019998,True
PP_CONTRAST,"{""action_space"":""FREE8"",""analysis_id"":""PP_CONTRAST"",""budget"":""BINF"",""execution_policy"":""REPAIRED"",""information_condition"":""IC-b"",""lhs"":""C6-E"",""model"":""GPT"",""oracle"":""gamma"",""population"":""PP"",""reasoning_regime"":""HIGH"",""replicate"":""RUN2"",""rhs"":""C4R""}",c77862f8bd9a2f209126948933eeda9826f72f66cd879bc1159e9e81bfd9af06,14373347031225347872,GPT,GAMMA,HIGH,REPAIRED,2,PP,FREE8,BINF,IC-b,C6-E,C4R,568,0.0579054452945172,0.0333616754128418,0.0831303097026043,1,0,9999,0.0003999600039996,fb2789e70baa0874e9bdc3a7cf2dbcd11b3650b686e9f6b28febec21a6ca1f21,PP_HIGH_REPAIRED_FREE8_openai_gpt54mini_BINF_IC-b_R2,V13_SUPPLEMENTAL_SHA256_STREAM,0.0015998400159984,True
RQ4_ACTION_SPACE,"{""action_space"":""FREE8_MINUS_CANDIDATE9"",""analysis_id"":""RQ4_ACTION_SPACE"",""budget"":""B1"",""execution_policy"":""STRICT"",""information_condition"":""IC-b"",""lhs"":""C4"",""model"":""GEMINI"",""oracle"":""alpha"",""population"":""ITT"",""reasoning_regime"":""BASELINE"",""replicate"":""RUN1"",""rhs"":""CANDIDATE9""}",fc494eebd3ed025136c67a48cf2bc4518d61da95601d602e98c54ada37be1be1,18179148145637524049,GEMINI,ALPHA,BASELINE,STRICT,1,ITT,FREE8_MINUS_CANDIDATE9,B1,IC-b,C4,CANDIDATE9,575,-0.7027986065660772,-0.812901464943153,-0.5948518178324336,10000,0,0,0.0001999800019998,1a4f5058d70bc37f349360cdda757e737e86e5c5439f9ac4c68a0a3fcfc3a9e2,RQ4_GEMINI_ALPHA,V13_SUPPLEMENTAL_SHA256_STREAM,0.0005999400059994,True
RQ4_ACTION_SPACE,"{""action_space"":""FREE8_MINUS_CANDIDATE9"",""analysis_id"":""RQ4_ACTION_SPACE"",""budget"":""B1"",""execution_policy"":""STRICT"",""information_condition"":""IC-b"",""lhs"":""C4R"",""model"":""GEMINI"",""oracle"":""alpha"",""population"":""ITT"",""reasoning_regime"":""BASELINE"",""replicate"":""RUN1"",""rhs"":""CANDIDATE9""}",e2d06148f36dbb811d18d40a92067a94ced1f05cc7b271d301ff3461f53a0b22,16343670013677124481,GEMINI,ALPHA,BASELINE,STRICT,1,ITT,FREE8_MINUS_CANDIDATE9,B1,IC-b,C4R,CANDIDATE9,575,-0.6661362097013006,-0.7792477778976983,-0.5554470472104756,10000,0,0,0.0001999800019998,a008bbc8540c09c46716bb5aa08fbd5b86f74580a56104401bf52ad8a35ffc3e,RQ4_GEMINI_ALPHA,V13_SUPPLEMENTAL_SHA256_STREAM,0.0005999400059994,True
RQ4_ACTION_SPACE,"{""action_space"":""FREE8_MINUS_CANDIDATE9"",""analysis_id"":""RQ4_ACTION_SPACE"",""budget"":""B1"",""execution_policy"":""STRICT"",""information_condition"":""IC-b"",""lhs"":""C6-E"",""model"":""GEMINI"",""oracle"":""alpha"",""population"":""ITT"",""reasoning_regime"":""BASELINE"",""replicate"":""RUN1"",""rhs"":""CANDIDATE9""}",903d6ecd758dd4866ee7988fe778405ffe11b5f7e3f8755a58180d52a4fa1178,10393585343760553094,GEMINI,ALPHA,BASELINE,STRICT,1,ITT,FREE8_MINUS_CANDIDATE9,B1,IC-b,C6-E,CANDIDATE9,575,-0.6880851812384393,-0.8041205509995428,-0.5771336695457493,10000,0,0,0.0001999800019998,f4e1a28e6d94becd492b69d345ba71e7bf30aa1ae95e3f077860ed091b5df897,RQ4_GEMINI_ALPHA,V13_SUPPLEMENTAL_SHA256_STREAM,0.0005999400059994,True
RQ4_ACTION_SPACE,"{""action_space"":""FREE8_MINUS_CANDIDATE9"",""analysis_id"":""RQ4_ACTION_SPACE"",""budget"":""B1"",""execution_policy"":""STRICT"",""information_condition"":""IC-b"",""lhs"":""C4"",""model"":""GEMINI"",""oracle"":""beta"",""population"":""ITT"",""reasoning_regime"":""BASELINE"",""replicate"":""RUN1"",""rhs"":""CANDIDATE9""}",674b3eacfeff34a7f394779ee02fb9b3d41672aa51a865e6f7f2ee10aaf4d998,7443111721893311655,GEMINI,BETA,BASELINE,STRICT,1,ITT,FREE8_MINUS_CANDIDATE9,B1,IC-b,C4,CANDIDATE9,575,-0.1790047784756685,-0.2220477900967707,-0.1398074023872848,10000,0,0,0.0001999800019998,90434c8e5b774076974ed3f9295ab61b6ba45e8830bc18d1759ca0f5750594da,RQ4_GEMINI_BETA,V13_SUPPLEMENTAL_SHA256_STREAM,0.0005999400059994,True
RQ4_ACTION_SPACE,"{""action_space"":""FREE8_MINUS_CANDIDATE9"",""analysis_id"":""RQ4_ACTION_SPACE"",""budget"":""B1"",""execution_policy"":""STRICT"",""information_condition"":""IC-b"",""lhs"":""C4R"",""model"":""GEMINI"",""oracle"":""beta"",""population"":""ITT"",""reasoning_regime"":""BASELINE"",""replicate"":""RUN1"",""rhs"":""CANDIDATE9""}",37010cdd976f99fde13b97c57477f1f9406584dbf46709c5c7c99980d1d53d04,3963463292930726397,GEMINI,BETA,BASELINE,STRICT,1,ITT,FREE8_MINUS_CANDIDATE9,B1,IC-b,C4R,CANDIDATE9,575,-0.1593130948897191,-0.2019645761770368,-0.1205352658806317,10000,0,0,0.0001999800019998,4e07409663f9ecbf4ff7827ed620d907ff223b0a7c0c8b966da2950f146e3a4e,RQ4_GEMINI_BETA,V13_SUPPLEMENTAL_SHA256_STREAM,0.0005999400059994,True
RQ4_ACTION_SPACE,"{""action_space"":""FREE8_MINUS_CANDIDATE9"",""analysis_id"":""RQ4_ACTION_SPACE"",""budget"":""B1"",""execution_policy"":""STRICT"",""information_condition"":""IC-b"",""lhs"":""C6-E"",""model"":""GEMINI"",""oracle"":""beta"",""population"":""ITT"",""reasoning_regime"":""BASELINE"",""replicate"":""RUN1"",""rhs"":""CANDIDATE9""}",5aeb13e924137339e3543bd06c81ec8ee777d5eaf9a5414921d2bf160c5367e0,6551351974994080569,GEMINI,BETA,BASELINE,STRICT,1,ITT,FREE8_MINUS_CANDIDATE9,B1,IC-b,C6-E,CANDIDATE9,575,-0.1583505322436689,-0.1981002247260941,-0.1215747805199874,10000,0,0,0.0001999800019998,e92e6c5b54c85df7919294c13f337f0b9a0b50a3dd77230d0ea3bb61451153ee,RQ4_GEMINI_BETA,V13_SUPPLEMENTAL_SHA256_STREAM,0.0005999400059994,True
RQ4_ACTION_SPACE,"{""action_space"":""FREE8_MINUS_CANDIDATE9"",""analysis_id"":""RQ4_ACTION_SPACE"",""budget"":""B1"",""execution_policy"":""STRICT"",""information_condition"":""IC-b"",""lhs"":""C4"",""model"":""GEMINI"",""oracle"":""gamma"",""population"":""ITT"",""reasoning_regime"":""BASELINE"",""replicate"":""RUN1"",""rhs"":""CANDIDATE9""}",58e11967bacd86eb0e18de7613e2ce56653adab3ec3091cea0d270d5a5733ba7,6404428078403913451,GEMINI,GAMMA,BASELINE,STRICT,1,ITT,FREE8_MINUS_CANDIDATE9,B1,IC-b,C4,CANDIDATE9,575,-0.1704844106934379,-0.2170589925447822,-0.1253953009054513,10000,0,0,0.0001999800019998,104e4e2dcd8483bdc7923b661c247f453b465f7fe67af311e409f6b0006fb17d,RQ4_GEMINI_GAMMA,V13_SUPPLEMENTAL_SHA256_STREAM,0.0005999400059994,True
RQ4_ACTION_SPACE,"{""action_space"":""FREE8_MINUS_CANDIDATE9"",""analysis_id"":""RQ4_ACTION_SPACE"",""budget"":""B1"",""execution_policy"":""STRICT"",""information_condition"":""IC-b"",""lhs"":""C4R"",""model"":""GEMINI"",""oracle"":""gamma"",""population"":""ITT"",""reasoning_regime"":""BASELINE"",""replicate"":""RUN1"",""rhs"":""CANDIDATE9""}",5512dedc8458b2aa5be3bfeda7261031f3ce46dc05d828f48a24902d8c85111b,6130207081499243178,GEMINI,GAMMA,BASELINE,STRICT,1,ITT,FREE8_MINUS_CANDIDATE9,B1,IC-b,C4R,CANDIDATE9,575,-0.1649424564708103,-0.2119585319496553,-0.1197708971427275,10000,0,0,0.0001999800019998,f9b93ecff34128b4d11944bed09244e09ceb0f49ae1e6ad80716da9d86cb58c8,RQ4_GEMINI_GAMMA,V13_SUPPLEMENTAL_SHA256_STREAM,0.0005999400059994,True
RQ4_ACTION_SPACE,"{""action_space"":""FREE8_MINUS_CANDIDATE9"",""analysis_id"":""RQ4_ACTION_SPACE"",""budget"":""B1"",""execution_policy"":""STRICT"",""information_condition"":""IC-b"",""lhs"":""C6-E"",""model"":""GEMINI"",""oracle"":""gamma"",""population"":""ITT"",""reasoning_regime"":""BASELINE"",""replicate"":""RUN1"",""rhs"":""CANDIDATE9""}",02c53de5bddbe802e34966ea9afa635182db054d0db119940bd4e4ebbfb0120b,199633815429965826,GEMINI,GAMMA,BASELINE,STRICT,1,ITT,FREE8_MINUS_CANDIDATE9,B1,IC-b,C6-E,CANDIDATE9,575,-0.1870143622998618,-0.2346421031758204,-0.1414863936008542,10000,0,0,0.0001999800019998,c349f8f3ca8c5d3b187046080e80adbf470119b8645c23015da1438ebc51fbe8,RQ4_GEMINI_GAMMA,V13_SUPPLEMENTAL_SHA256_STREAM,0.0005999400059994,True
RQ4_ACTION_SPACE,"{""action_space"":""FREE8_MINUS_CANDIDATE9"",""analysis_id"":""RQ4_ACTION_SPACE"",""budget"":""B1"",""execution_policy"":""STRICT"",""information_condition"":""IC-b"",""lhs"":""C4"",""model"":""GPT"",""oracle"":""alpha"",""population"":""ITT"",""reasoning_regime"":""BASELINE"",""replicate"":""RUN1"",""rhs"":""CANDIDATE9""}",14b4c38d6740b93e4ba68db4629b805318db9e5124760c2cc315946625288418,1492032388656576830,GPT,ALPHA,BASELINE,STRICT,1,ITT,FREE8_MINUS_CANDIDATE9,B1,IC-b,C4,CANDIDATE9,575,-0.3371786142467286,-0.4479314711408747,-0.2299155818642456,10000,0,0,0.0001999800019998,6d28daa1703355ddecbb85003491e7e938d12b05939739a313a5f2d46bfecdd3,RQ4_GPT_ALPHA,V13_SUPPLEMENTAL_SHA256_STREAM,0.0005999400059994,True
RQ4_ACTION_SPACE,"{""action_space"":""FREE8_MINUS_CANDIDATE9"",""analysis_id"":""RQ4_ACTION_SPACE"",""budget"":""B1"",""execution_policy"":""STRICT"",""information_condition"":""IC-b"",""lhs"":""C4R"",""model"":""GPT"",""oracle"":""alpha"",""population"":""ITT"",""reasoning_regime"":""BASELINE"",""replicate"":""RUN1"",""rhs"":""CANDIDATE9""}",4263753d72358f0ed0110728d7d470d14de537622fe10742eb64ad069643d0dd,4783796135967166222,GPT,ALPHA,BASELINE,STRICT,1,ITT,FREE8_MINUS_CANDIDATE9,B1,IC-b,C4R,CANDIDATE9,575,-0.1928357128060414,-0.2956071848739735,-0.0949092394087057,9999,0,1,0.0003999600039996,e0ee030644f3e30d19bcbb1216ebaf8a8f5c1b361f068a22af34f637897fea1e,RQ4_GPT_ALPHA,V13_SUPPLEMENTAL_SHA256_STREAM,0.0005999400059994,True
RQ4_ACTION_SPACE,"{""action_space"":""FREE8_MINUS_CANDIDATE9"",""analysis_id"":""RQ4_ACTION_SPACE"",""budget"":""B1"",""execution_policy"":""STRICT"",""information_condition"":""IC-b"",""lhs"":""C6-E"",""model"":""GPT"",""oracle"":""alpha"",""population"":""ITT"",""reasoning_regime"":""BASELINE"",""replicate"":""RUN1"",""rhs"":""CANDIDATE9""}",f2f1e97d20d91c652ec5404f9e7a424478e20a1766e1136175de1136843494e1,17506029950197111909,GPT,ALPHA,BASELINE,STRICT,1,ITT,FREE8_MINUS_CANDIDATE9,B1,IC-b,C6-E,CANDIDATE9,575,-0.2403624449669615,-0.3446338570329986,-0.1399822414420799,10000,0,0,0.0001999800019998,7ce9a60efe8975e73f566bce8528018fa4637f4a8970e065a379ef25f278332e,RQ4_GPT_ALPHA,V13_SUPPLEMENTAL_SHA256_STREAM,0.0005999400059994,True
RQ4_ACTION_SPACE,"{""action_space"":""FREE8_MINUS_CANDIDATE9"",""analysis_id"":""RQ4_ACTION_SPACE"",""budget"":""B1"",""execution_policy"":""STRICT"",""information_condition"":""IC-b"",""lhs"":""C4"",""model"":""GPT"",""oracle"":""beta"",""population"":""ITT"",""reasoning_regime"":""BASELINE"",""replicate"":""RUN1"",""rhs"":""CANDIDATE9""}",49a856ef9c604203786916fc8a0bc77d5b830a2d7712633db53e42ca41ba9758,5307587747976856067,GPT,BETA,BASELINE,STRICT,1,ITT,FREE8_MINUS_CANDIDATE9,B1,IC-b,C4,CANDIDATE9,575,-0.0955589189690726,-0.133936162120468,-0.0612780316195861,10000,0,0,0.0001999800019998,279463644a001061d2c55b758e4af272367c4257402c4f081b4ddaa3fa704674,RQ4_GPT_BETA,V13_SUPPLEMENTAL_SHA256_STREAM,0.0005999400059994,True
RQ4_ACTION_SPACE,"{""action_space"":""FREE8_MINUS_CANDIDATE9"",""analysis_id"":""RQ4_ACTION_SPACE"",""budget"":""B1"",""execution_policy"":""STRICT"",""information_condition"":""IC-b"",""lhs"":""C4R"",""model"":""GPT"",""oracle"":""beta"",""population"":""ITT"",""reasoning_regime"":""BASELINE"",""replicate"":""RUN1"",""rhs"":""CANDIDATE9""}",e3b02b1cce5cc044c06587259b137c2160e982a1b9e14f28bb2a47b22c7e7958,16406660845231980612,GPT,BETA,BASELINE,STRICT,1,ITT,FREE8_MINUS_CANDIDATE9,B1,IC-b,C4R,CANDIDATE9,575,-0.0816223699509775,-0.1141447534549782,-0.0528605734696172,10000,0,0,0.0001999800019998,e27db2385a7d33d603d7395713a590ebac942a815b1459650b0890b4fedd1ea6,RQ4_GPT_BETA,V13_SUPPLEMENTAL_SHA256_STREAM,0.0005999400059994,True
RQ4_ACTION_SPACE,"{""action_space"":""FREE8_MINUS_CANDIDATE9"",""analysis_id"":""RQ4_ACTION_SPACE"",""budget"":""B1"",""execution_policy"":""STRICT"",""information_condition"":""IC-b"",""lhs"":""C6-E"",""model"":""GPT"",""oracle"":""beta"",""population"":""ITT"",""reasoning_regime"":""BASELINE"",""replicate"":""RUN1"",""rhs"":""CANDIDATE9""}",fa0a83ba3d7a477b519985587ccd816fce36e24ec82ff1807d12e9ac997c2ddb,18017358095167670139,GPT,BETA,BASELINE,STRICT,1,ITT,FREE8_MINUS_CANDIDATE9,B1,IC-b,C6-E,CANDIDATE9,575,-0.0755087241010772,-0.1118674202101417,-0.0399687537584574,10000,0,0,0.0001999800019998,1339f85a0c33343cc51aaa752da4e877d1923d2be4e7ee995ee7f86dd16cc23f,RQ4_GPT_BETA,V13_SUPPLEMENTAL_SHA256_STREAM,0.0005999400059994,True
RQ4_ACTION_SPACE,"{""action_space"":""FREE8_MINUS_CANDIDATE9"",""analysis_id"":""RQ4_ACTION_SPACE"",""budget"":""B1"",""execution_policy"":""STRICT"",""information_condition"":""IC-b"",""lhs"":""C4"",""model"":""GPT"",""oracle"":""gamma"",""population"":""ITT"",""reasoning_regime"":""BASELINE"",""replicate"":""RUN1"",""rhs"":""CANDIDATE9""}",ffb83d55dafdafc92253ba36d164fc19b4b2c750f4317bc88926bc76fbeffc78,18426545314341957577,GPT,GAMMA,BASELINE,STRICT,1,ITT,FREE8_MINUS_CANDIDATE9,B1,IC-b,C4,CANDIDATE9,575,-0.1002002140585914,-0.1412752817990096,-0.0601545645981401,10000,0,0,0.0001999800019998,20fd9814afdf8be992aba5994042052fd2f3739afcf047972caa91bbbd141e3f,RQ4_GPT_GAMMA,V13_SUPPLEMENTAL_SHA256_STREAM,0.0005999400059994,True
RQ4_ACTION_SPACE,"{""action_space"":""FREE8_MINUS_CANDIDATE9"",""analysis_id"":""RQ4_ACTION_SPACE"",""budget"":""B1"",""execution_policy"":""STRICT"",""information_condition"":""IC-b"",""lhs"":""C4R"",""model"":""GPT"",""oracle"":""gamma"",""population"":""ITT"",""reasoning_regime"":""BASELINE"",""replicate"":""RUN1"",""rhs"":""CANDIDATE9""}",37ee644277277bd57de72c050de8dab9427b2f4072897a0c251acb640a6aced4,4030268953172868053,GPT,GAMMA,BASELINE,STRICT,1,ITT,FREE8_MINUS_CANDIDATE9,B1,IC-b,C4R,CANDIDATE9,575,-0.0558956902804742,-0.095192834818058,-0.0155517481777466,9973,0,27,0.0055994400559944,2056c74f56fb400d42c9e50af9e94c107597fc80bb06c40d14670f4c9f08a4c9,RQ4_GPT_GAMMA,V13_SUPPLEMENTAL_SHA256_STREAM,0.0055994400559944,True
RQ4_ACTION_SPACE,"{""action_space"":""FREE8_MINUS_CANDIDATE9"",""analysis_id"":""RQ4_ACTION_SPACE"",""budget"":""B1"",""execution_policy"":""STRICT"",""information_condition"":""IC-b"",""lhs"":""C6-E"",""model"":""GPT"",""oracle"":""gamma"",""population"":""ITT"",""reasoning_regime"":""BASELINE"",""replicate"":""RUN1"",""rhs"":""CANDIDATE9""}",69b783f655ce476514761f9228e69156c29289b77dfe71be2c870df222b164ea,7617702388745258853,GPT,GAMMA,BASELINE,STRICT,1,ITT,FREE8_MINUS_CANDIDATE9,B1,IC-b,C6-E,CANDIDATE9,575,-0.0674981085127982,-0.1097951726969859,-0.0262185199682018,9995,0,5,0.0011998800119988,f3ce7b9e334662f536d193919d0df7cbc0e1f7ecc147e150d3b22239891100f7,RQ4_GPT_GAMMA,V13_SUPPLEMENTAL_SHA256_STREAM,0.0023997600239976,True
RQ5_INFORMATION,"{""action_space"":""FREE8"",""analysis_id"":""RQ5_INFORMATION"",""budget"":""B1"",""execution_policy"":""STRICT"",""information_condition"":""IC-b_MINUS_IC-a"",""lhs"":""IC-b"",""model"":""GEMINI"",""oracle"":""alpha"",""population"":""ITT"",""reasoning_regime"":""BASELINE"",""replicate"":""RUN1"",""rhs"":""IC-a""}",18aa8f9520e2f320fc630dfafb23da6babd0f5dbb9b2e1cae6c36ded4a1a033d,1777390873615725344,GEMINI,ALPHA,BASELINE,STRICT,1,ITT,FREE8,B1,IC-b_MINUS_IC-a,IC-b,IC-a,575,-0.0175398159301706,-0.0792188778812377,0.0413838814980731,7204,0,2796,0.5593440655934406,225cbd1658d435daf5860146398158782d4b8fda19efe493257776a40895ee1a,RQ5_GEMINI_ALPHA,V13_SUPPLEMENTAL_SHA256_STREAM,1.0,False
RQ5_INFORMATION,"{""action_space"":""FREE8"",""analysis_id"":""RQ5_INFORMATION"",""budget"":""B1"",""execution_policy"":""STRICT"",""information_condition"":""IC-c_MINUS_IC-b"",""lhs"":""IC-c"",""model"":""GEMINI"",""oracle"":""alpha"",""population"":""ITT"",""reasoning_regime"":""BASELINE"",""replicate"":""RUN1"",""rhs"":""IC-b""}",e127e438c6b70c2a140e592c2581d9ec5cddf6632999e1b63d126836d0122cbe,16224187115128687658,GEMINI,ALPHA,BASELINE,STRICT,1,ITT,FREE8,B1,IC-c_MINUS_IC-b,IC-c,IC-b,575,0.022761223005645,-0.0561580248527472,0.101581040749309,2779,0,7221,0.555944405559444,2476205279e60e690a0ed52c2f7dcb015f730bfe1d1e83f68940b8ac8d734eec,RQ5_GEMINI_ALPHA,V13_SUPPLEMENTAL_SHA256_STREAM,1.0,False
RQ5_INFORMATION,"{""action_space"":""FREE8"",""analysis_id"":""RQ5_INFORMATION"",""budget"":""B1"",""execution_policy"":""STRICT"",""information_condition"":""IC-b_MINUS_IC-a"",""lhs"":""IC-b"",""model"":""GEMINI"",""oracle"":""beta"",""population"":""ITT"",""reasoning_regime"":""BASELINE"",""replicate"":""RUN1"",""rhs"":""IC-a""}",26c4a041bcd88e79e9a048cfeed430add1520a8b0db2a052b9c72f52af374870,2793533873078177401,GEMINI,BETA,BASELINE,STRICT,1,ITT,FREE8,B1,IC-b_MINUS_IC-a,IC-b,IC-a,575,-0.0030308283911375,-0.0167964238048085,0.0076270086029643,6557,0,3443,0.6887311268873113,8e94ad3941fa0cc407a355a805e180fb6eafb37a5b3041b171bfc43b55fa6428,RQ5_GEMINI_BETA,V13_SUPPLEMENTAL_SHA256_STREAM,0.6887311268873113,False
RQ5_INFORMATION,"{""action_space"":""FREE8"",""analysis_id"":""RQ5_INFORMATION"",""budget"":""B1"",""execution_policy"":""STRICT"",""information_condition"":""IC-c_MINUS_IC-b"",""lhs"":""IC-c"",""model"":""GEMINI"",""oracle"":""beta"",""population"":""ITT"",""reasoning_regime"":""BASELINE"",""replicate"":""RUN1"",""rhs"":""IC-b""}",df4434222ffed501d42aee11b8f488c83e4ed60b4a35e3a7638c2500deeb22e9,16088041090313016577,GEMINI,BETA,BASELINE,STRICT,1,ITT,FREE8,B1,IC-c_MINUS_IC-b,IC-c,IC-b,575,0.0075536631746353,-0.0031479770898022,0.0215008790185966,982,0,9018,0.1965803419658034,94657b49108c7260a54575fa3bf70442710ca4b5c03a6723afb19d90a6a5493c,RQ5_GEMINI_BETA,V13_SUPPLEMENTAL_SHA256_STREAM,0.3931606839316068,False
RQ5_INFORMATION,"{""action_space"":""FREE8"",""analysis_id"":""RQ5_INFORMATION"",""budget"":""B1"",""execution_policy"":""STRICT"",""information_condition"":""IC-b_MINUS_IC-a"",""lhs"":""IC-b"",""model"":""GEMINI"",""oracle"":""gamma"",""population"":""ITT"",""reasoning_regime"":""BASELINE"",""replicate"":""RUN1"",""rhs"":""IC-a""}",7bc9b9e793ee8070efbccc67f4a9da407278f642f2f0fd639e7bc62aeaa364bd,8919864941254443120,GEMINI,GAMMA,BASELINE,STRICT,1,ITT,FREE8,B1,IC-b_MINUS_IC-a,IC-b,IC-a,575,0.0063949159682233,-0.0127468298086142,0.0257090509064013,2605,0,7395,0.5211478852114788,9ca10e21d92b0a1e63ae40932efc44833c386737185e79ab8f3b799d397f8422,RQ5_GEMINI_GAMMA,V13_SUPPLEMENTAL_SHA256_STREAM,0.5211478852114788,False
RQ5_INFORMATION,"{""action_space"":""FREE8"",""analysis_id"":""RQ5_INFORMATION"",""budget"":""B1"",""execution_policy"":""STRICT"",""information_condition"":""IC-c_MINUS_IC-b"",""lhs"":""IC-c"",""model"":""GEMINI"",""oracle"":""gamma"",""population"":""ITT"",""reasoning_regime"":""BASELINE"",""replicate"":""RUN1"",""rhs"":""IC-b""}",86a580f5bf2949d1fff7913cc3ccb096fcb2ee9b05e642cf3702ef20e7198ec8,9702302765202098641,GEMINI,GAMMA,BASELINE,STRICT,1,ITT,FREE8,B1,IC-c_MINUS_IC-b,IC-c,IC-b,575,0.0171832252932453,-0.0106096562732296,0.0460334356180737,1134,0,8866,0.226977302269773,7a3d51d3600506de7fc252d534303c4f480e2cd9792cf8bc42465c3fcbaab161,RQ5_GEMINI_GAMMA,V13_SUPPLEMENTAL_SHA256_STREAM,0.453954604539546,False
RQ5_INFORMATION,"{""action_space"":""FREE8"",""analysis_id"":""RQ5_INFORMATION"",""budget"":""B1"",""execution_policy"":""STRICT"",""information_condition"":""IC-b_MINUS_IC-a"",""lhs"":""IC-b"",""model"":""GPT"",""oracle"":""alpha"",""population"":""ITT"",""reasoning_regime"":""BASELINE"",""replicate"":""RUN1"",""rhs"":""IC-a""}",6f45d5c29958bb830dca1b29112cab7ad86f770d84dcb3526546fdd76cb53342,8018049743376137091,GPT,ALPHA,BASELINE,STRICT,1,ITT,FREE8,B1,IC-b_MINUS_IC-a,IC-b,IC-a,575,-0.0015919763952492,-0.0926904662152564,0.0890498412559418,5098,0,4902,0.9805019498050196,dad2c280b6c3aaa27c1ed2595caa29e18bba385cc1b7c5866cbb931a7912a39b,RQ5_GPT_ALPHA,V13_SUPPLEMENTAL_SHA256_STREAM,0.9805019498050196,False
RQ5_INFORMATION,"{""action_space"":""FREE8"",""analysis_id"":""RQ5_INFORMATION"",""budget"":""B1"",""execution_policy"":""STRICT"",""information_condition"":""IC-c_MINUS_IC-b"",""lhs"":""IC-c"",""model"":""GPT"",""oracle"":""alpha"",""population"":""ITT"",""reasoning_regime"":""BASELINE"",""replicate"":""RUN1"",""rhs"":""IC-b""}",b2f9391f04a8667daaee6ad5322497717bdae8d13b0001890f20d8e8824c1212,12896401813337040509,GPT,ALPHA,BASELINE,STRICT,1,ITT,FREE8,B1,IC-c_MINUS_IC-b,IC-c,IC-b,575,0.0728032457034825,-0.0168415060795816,0.166241845447176,581,0,9419,0.1163883611638836,441699737975a741f3bb42f5ea9dc50819c148f429b73ffd0de3dd637cab9b73,RQ5_GPT_ALPHA,V13_SUPPLEMENTAL_SHA256_STREAM,0.2327767223277672,False
RQ5_INFORMATION,"{""action_space"":""FREE8"",""analysis_id"":""RQ5_INFORMATION"",""budget"":""B1"",""execution_policy"":""STRICT"",""information_condition"":""IC-b_MINUS_IC-a"",""lhs"":""IC-b"",""model"":""GPT"",""oracle"":""beta"",""population"":""ITT"",""reasoning_regime"":""BASELINE"",""replicate"":""RUN1"",""rhs"":""IC-a""}",fdc5b64f87b933b39bbfccf08ac764dff83826eb94196c6c8d5ff4074f7d6f58,18286222314703500211,GPT,BETA,BASELINE,STRICT,1,ITT,FREE8,B1,IC-b_MINUS_IC-a,IC-b,IC-a,575,-0.0058619449213023,-0.0240877395490921,0.0108731934154547,7422,0,2578,0.5157484251574842,888761de7d6183b352177d5a85558d3c18fee9a3eb1cc200251143e407dbb119,RQ5_GPT_BETA,V13_SUPPLEMENTAL_SHA256_STREAM,0.5157484251574842,False
RQ5_INFORMATION,"{""action_space"":""FREE8"",""analysis_id"":""RQ5_INFORMATION"",""budget"":""B1"",""execution_policy"":""STRICT"",""information_condition"":""IC-c_MINUS_IC-b"",""lhs"":""IC-c"",""model"":""GPT"",""oracle"":""beta"",""population"":""ITT"",""reasoning_regime"":""BASELINE"",""replicate"":""RUN1"",""rhs"":""IC-b""}",c98fc4a2613845cb191ceb55d2b159301cfd72038581f2b331e51f367272c1a7,14524043524987962827,GPT,BETA,BASELINE,STRICT,1,ITT,FREE8,B1,IC-c_MINUS_IC-b,IC-c,IC-b,575,0.018272320898044,-0.0069226399474898,0.0447045890213724,774,0,9226,0.154984501549845,7b78823a9a81b9f1e2376d8441250c2dcb0852f3bda2061e47710051ef1af3ec,RQ5_GPT_BETA,V13_SUPPLEMENTAL_SHA256_STREAM,0.30996900309969,False
RQ5_INFORMATION,"{""action_space"":""FREE8"",""analysis_id"":""RQ5_INFORMATION"",""budget"":""B1"",""execution_policy"":""STRICT"",""information_condition"":""IC-b_MINUS_IC-a"",""lhs"":""IC-b"",""model"":""GPT"",""oracle"":""gamma"",""population"":""ITT"",""reasoning_regime"":""BASELINE"",""replicate"":""RUN1"",""rhs"":""IC-a""}",b5c7e259a2edae736c813623dced0516431be8005733ed7b3603b9c92ebe6942,13098686915843829363,GPT,GAMMA,BASELINE,STRICT,1,ITT,FREE8,B1,IC-b_MINUS_IC-a,IC-b,IC-a,575,-0.0165742431666087,-0.0513253240334178,0.0173857209239518,8268,0,1732,0.3465653434656534,2dcb9cee137cb37edc4af3894e31283507393cf15f25878ff65e6b79e7e1b2e9,RQ5_GPT_GAMMA,V13_SUPPLEMENTAL_SHA256_STREAM,0.5647435256474352,False
RQ5_INFORMATION,"{""action_space"":""FREE8"",""analysis_id"":""RQ5_INFORMATION"",""budget"":""B1"",""execution_policy"":""STRICT"",""information_condition"":""IC-c_MINUS_IC-b"",""lhs"":""IC-c"",""model"":""GPT"",""oracle"":""gamma"",""population"":""ITT"",""reasoning_regime"":""BASELINE"",""replicate"":""RUN1"",""rhs"":""IC-b""}",c3bab3eb1aceeeda9b98271e1e59c70ea7ba39f066310bc9638ce7a10e8974d2,14103783005412585178,GPT,GAMMA,BASELINE,STRICT,1,ITT,FREE8,B1,IC-c_MINUS_IC-b,IC-c,IC-b,575,0.019365558597494,-0.0149482922966459,0.0548825341013744,1411,0,8589,0.2823717628237176,ff13acb0d458c88a3fab864a3f6402af258eaed414ce2c9daaa519368f155858,RQ5_GPT_GAMMA,V13_SUPPLEMENTAL_SHA256_STREAM,0.5647435256474352,False
REASONING_REGIME_INTERACTION,"{""action_space"":""FREE8"",""analysis_id"":""REASONING_REGIME_INTERACTION"",""budget"":""B1"",""execution_policy"":""STRICT"",""information_condition"":""IC-b"",""lhs"":""C5"",""model"":""GEMINI"",""oracle"":""alpha"",""population"":""ITT"",""reasoning_regime"":""HIGH"",""replicate"":""RUN1"",""rhs"":""C4""}",860b3ff95a11bb2937cd54f20ad0811114bf7066da5cdc297ca748da759f00eb,9658884166016678697,GEMINI,ALPHA,HIGH,STRICT,1,ITT,FREE8,B1,IC-b,C5,C4,575,-0.0504012888138877,-0.1414121644494397,0.0419407746108345,8626,0,1374,0.274972502749725,190db0be9dee78982e858cf806aa8667843420bb70653fd1d2c963cf528260fd,REASONING_GEMINI_ALPHA,V13_SUPPLEMENTAL_SHA256_STREAM,0.8249175082491751,False
REASONING_REGIME_INTERACTION,"{""action_space"":""FREE8"",""analysis_id"":""REASONING_REGIME_INTERACTION"",""budget"":""B1"",""execution_policy"":""STRICT"",""information_condition"":""IC-b"",""lhs"":""C4R"",""model"":""GEMINI"",""oracle"":""alpha"",""population"":""ITT"",""reasoning_regime"":""HIGH"",""replicate"":""RUN1"",""rhs"":""C4""}",6bdf5cc3e6e7fcd549d9608857cf864e6c33b7d6d8ca58c798f282b877003f96,7773033478327106773,GEMINI,ALPHA,HIGH,STRICT,1,ITT,FREE8,B1,IC-b,C4R,C4,575,-0.0078776148745935,-0.0662740294888753,0.0524518037421134,6139,0,3861,0.7723227677232277,173d3791098a4026bc3b01a2c7547ee6f9ceda8267cf384d72af5b517325f1bf,REASONING_GEMINI_ALPHA,V13_SUPPLEMENTAL_SHA256_STREAM,1.0,False
REASONING_REGIME_INTERACTION,"{""action_space"":""FREE8"",""analysis_id"":""REASONING_REGIME_INTERACTION"",""budget"":""B1"",""execution_policy"":""STRICT"",""information_condition"":""IC-b"",""lhs"":""C6-E"",""model"":""GEMINI"",""oracle"":""alpha"",""population"":""ITT"",""reasoning_regime"":""HIGH"",""replicate"":""RUN1"",""rhs"":""C4R""}",02893147241714be57d3ef8ec207e4036b25dfee10297459749c187d6871ace7,182731441503147198,GEMINI,ALPHA,HIGH,STRICT,1,ITT,FREE8,B1,IC-b,C6-E,C4R,575,0.0677067584596306,0.0026132149492961,0.1341252511772201,212,0,9788,0.0425957404259574,27991c4719480c6b6325307106c558d9fb18d8567e4578f65ad999719ebdda4b,REASONING_GEMINI_ALPHA,V13_SUPPLEMENTAL_SHA256_STREAM,0.1703829617038296,False
REASONING_REGIME_INTERACTION,"{""action_space"":""FREE8"",""analysis_id"":""REASONING_REGIME_INTERACTION"",""budget"":""B1"",""execution_policy"":""STRICT"",""information_condition"":""IC-b"",""lhs"":""C6-E"",""model"":""GEMINI"",""oracle"":""alpha"",""population"":""ITT"",""reasoning_regime"":""HIGH"",""replicate"":""RUN1"",""rhs"":""C6-EX""}",9144edd2650d1ba134bf7f202cdcc9f4e487678843c29f6a3a1d7f94ac047a40,10467752921810148257,GEMINI,ALPHA,HIGH,STRICT,1,ITT,FREE8,B1,IC-b,C6-E,C6-EX,575,-0.004025731956674,-0.0820662219696581,0.0755194934059716,5531,0,4469,0.8939106089391061,78acc1fa6a1ea2e5a1ecb61ca61340908c6f9a3a1d66bcfe8c603c987fb8dd8b,REASONING_GEMINI_ALPHA,V13_SUPPLEMENTAL_SHA256_STREAM,1.0,False
REASONING_REGIME_INTERACTION,"{""action_space"":""FREE8"",""analysis_id"":""REASONING_REGIME_INTERACTION"",""budget"":""B1"",""execution_policy"":""STRICT"",""information_condition"":""IC-b"",""lhs"":""C5"",""model"":""GEMINI"",""oracle"":""beta"",""population"":""ITT"",""reasoning_regime"":""HIGH"",""replicate"":""RUN1"",""rhs"":""C4""}",e4345b17e48ce6c609e6c9f7bfe8f2ea89223c67d87b88d8292912f4ef857b20,16443868297613338310,GEMINI,BETA,HIGH,STRICT,1,ITT,FREE8,B1,IC-b,C5,C4,575,0.0021605562769992,-0.0173723028079224,0.0237482513135515,4383,0,5617,0.8767123287671232,9aeec92847a6de4447d719a66967d1ddc38928731332e92c546c8bcf05250a9d,REASONING_GEMINI_BETA,V13_SUPPLEMENTAL_SHA256_STREAM,1.0,False
REASONING_REGIME_INTERACTION,"{""action_space"":""FREE8"",""analysis_id"":""REASONING_REGIME_INTERACTION"",""budget"":""B1"",""execution_policy"":""STRICT"",""information_condition"":""IC-b"",""lhs"":""C4R"",""model"":""GEMINI"",""oracle"":""beta"",""population"":""ITT"",""reasoning_regime"":""HIGH"",""replicate"":""RUN1"",""rhs"":""C4""}",aced399f161fa472ae4a96126f5644fca5303718ede345a8eac2706f493ced73,12460679099437786226,GEMINI,BETA,HIGH,STRICT,1,ITT,FREE8,B1,IC-b,C4R,C4,575,-0.0005036550589747,-0.0062426862886544,0.0056450233175563,5852,0,4148,0.8297170282971703,9e0344459ca1c970417dc82d73983f5f4919d2c4c02f7c62c06030c2d20195b4,REASONING_GEMINI_BETA,V13_SUPPLEMENTAL_SHA256_STREAM,1.0,False
REASONING_REGIME_INTERACTION,"{""action_space"":""FREE8"",""analysis_id"":""REASONING_REGIME_INTERACTION"",""budget"":""B1"",""execution_policy"":""STRICT"",""information_condition"":""IC-b"",""lhs"":""C6-E"",""model"":""GEMINI"",""oracle"":""beta"",""population"":""ITT"",""reasoning_regime"":""HIGH"",""replicate"":""RUN1"",""rhs"":""C4R""}",5ef44f710a0e6db704c4701d6508203251da513c62165ee2f55c4ad24296cdc5,6842181080801242551,GEMINI,BETA,HIGH,STRICT,1,ITT,FREE8,B1,IC-b,C6-E,C4R,575,0.0076475034438524,-0.0081980282084959,0.0236678318329889,1625,0,8375,0.3251674832516748,078c1433e3783f9b8550a90d5a0615d1beefeeb412dcbce58291e001b252705f,REASONING_GEMINI_BETA,V13_SUPPLEMENTAL_SHA256_STREAM,1.0,False
REASONING_REGIME_INTERACTION,"{""action_space"":""FREE8"",""analysis_id"":""REASONING_REGIME_INTERACTION"",""budget"":""B1"",""execution_policy"":""STRICT"",""information_condition"":""IC-b"",""lhs"":""C6-E"",""model"":""GEMINI"",""oracle"":""beta"",""population"":""ITT"",""reasoning_regime"":""HIGH"",""replicate"":""RUN1"",""rhs"":""C6-EX""}",b78751bb6e6f796370706671616307ffd8f95faf3b3b25eaee9835dd1edb1f90,13224628696250284387,GEMINI,BETA,HIGH,STRICT,1,ITT,FREE8,B1,IC-b,C6-E,C6-EX,575,-0.0071264917435885,-0.0209942384238995,0.0041879992012355,8728,0,1272,0.2545745425457454,368179d7c0510120a8d2720caceed327d2e75547fdbe35d54a4c13f245c73238,REASONING_GEMINI_BETA,V13_SUPPLEMENTAL_SHA256_STREAM,1.0,False
REASONING_REGIME_INTERACTION,"{""action_space"":""FREE8"",""analysis_id"":""REASONING_REGIME_INTERACTION"",""budget"":""B1"",""execution_policy"":""STRICT"",""information_condition"":""IC-b"",""lhs"":""C5"",""model"":""GEMINI"",""oracle"":""gamma"",""population"":""ITT"",""reasoning_regime"":""HIGH"",""replicate"":""RUN1"",""rhs"":""C4""}",fd019d86fac1c75bd0065729ea7da1826c9716165b69b3daf11b3e3db78bb696,18231025969630660443,GEMINI,GAMMA,HIGH,STRICT,1,ITT,FREE8,B1,IC-b,C5,C4,575,-0.0176508744237632,-0.0554211360449812,0.0209606114421914,8128,0,1872,0.3745625437456254,6b36c462b62414ac0d95b06ebf3b6a1a1de52d4e109c9ea7afb982bd553d91a0,REASONING_GEMINI_GAMMA,V13_SUPPLEMENTAL_SHA256_STREAM,1.0,False
REASONING_REGIME_INTERACTION,"{""action_space"":""FREE8"",""analysis_id"":""REASONING_REGIME_INTERACTION"",""budget"":""B1"",""execution_policy"":""STRICT"",""information_condition"":""IC-b"",""lhs"":""C4R"",""model"":""GEMINI"",""oracle"":""gamma"",""population"":""ITT"",""reasoning_regime"":""HIGH"",""replicate"":""RUN1"",""rhs"":""C4""}",a1bd239d4af6d00b15d00fbc5c342750f60452a54efa4f2db8a94947477ad507,11654510569179238411,GEMINI,GAMMA,HIGH,STRICT,1,ITT,FREE8,B1,IC-b,C4R,C4,575,0.0111031199738246,-0.0090070783754786,0.0332173279282244,1446,0,8554,0.2893710628937106,0501db5e3d78d41e85f60ba131a3dfd9f4dbbe3406049b55943d96a6126ec26b,REASONING_GEMINI_GAMMA,V13_SUPPLEMENTAL_SHA256_STREAM,1.0,False
REASONING_REGIME_INTERACTION,"{""action_space"":""FREE8"",""analysis_id"":""REASONING_REGIME_INTERACTION"",""budget"":""B1"",""execution_policy"":""STRICT"",""information_condition"":""IC-b"",""lhs"":""C6-E"",""model"":""GEMINI"",""oracle"":""gamma"",""population"":""ITT"",""reasoning_regime"":""HIGH"",""replicate"":""RUN1"",""rhs"":""C4R""}",abf02ad2db66a17bc687745196e559caa2752a985eb68bb9b79acb11017cb6b0,12389449660008669563,GEMINI,GAMMA,HIGH,STRICT,1,ITT,FREE8,B1,IC-b,C6-E,C4R,575,0.0131485491317137,-0.0131542665590026,0.0410705991312465,1676,0,8324,0.3353664633536646,4539e94f09fe5202cb2aeefcd493b056be60c59df26720d3a2c7b8a94e5783bc,REASONING_GEMINI_GAMMA,V13_SUPPLEMENTAL_SHA256_STREAM,1.0,False
REASONING_REGIME_INTERACTION,"{""action_space"":""FREE8"",""analysis_id"":""REASONING_REGIME_INTERACTION"",""budget"":""B1"",""execution_policy"":""STRICT"",""information_condition"":""IC-b"",""lhs"":""C6-E"",""model"":""GEMINI"",""oracle"":""gamma"",""population"":""ITT"",""reasoning_regime"":""HIGH"",""replicate"":""RUN1"",""rhs"":""C6-EX""}",0b1fac165164ce4e56ee7804b2add253e04cdfcf2eb9d584cc1dcde04bd7b5e1,801548470550056526,GEMINI,GAMMA,HIGH,STRICT,1,ITT,FREE8,B1,IC-b,C6-E,C6-EX,575,1.9319669315878043e-05,-0.0303389480686932,0.0299638639717694,5043,0,4957,0.9915008499150084,78246920439e02296d213a7bc518d739913cd1d4fb40d8de7b34fee70920b6bb,REASONING_GEMINI_GAMMA,V13_SUPPLEMENTAL_SHA256_STREAM,1.0,False
REASONING_REGIME_INTERACTION,"{""action_space"":""FREE8"",""analysis_id"":""REASONING_REGIME_INTERACTION"",""budget"":""B1"",""execution_policy"":""STRICT"",""information_condition"":""IC-b"",""lhs"":""C5"",""model"":""GPT"",""oracle"":""alpha"",""population"":""ITT"",""reasoning_regime"":""HIGH"",""replicate"":""RUN1"",""rhs"":""C4""}",0b7bae5483f1d7151e57459efad6f45146cabb758f85e80ca83946ec8d5077be,827446634566768405,GPT,ALPHA,HIGH,STRICT,1,ITT,FREE8,B1,IC-b,C5,C4,575,-0.1830820161568692,-0.2916280493983445,-0.0788395292908283,9996,0,4,0.000999900009999,784136bf21b938a5350cf0ad9b3b2586d28d6edffc273511ceaee25e2ef6bedf,REASONING_GPT_ALPHA,V13_SUPPLEMENTAL_SHA256_STREAM,0.0029997000299970002,True
REASONING_REGIME_INTERACTION,"{""action_space"":""FREE8"",""analysis_id"":""REASONING_REGIME_INTERACTION"",""budget"":""B1"",""execution_policy"":""STRICT"",""information_condition"":""IC-b"",""lhs"":""C4R"",""model"":""GPT"",""oracle"":""alpha"",""population"":""ITT"",""reasoning_regime"":""HIGH"",""replicate"":""RUN1"",""rhs"":""C4""}",185891980bcfe8cf721e43f288287c67d239b7743df376c0e433ed5bee3a1ba2,1754312137080039631,GPT,ALPHA,HIGH,STRICT,1,ITT,FREE8,B1,IC-b,C4R,C4,575,-0.1428683663246952,-0.2075826587711731,-0.0839539478593189,10000,0,0,0.0001999800019998,ffa5ee1c9c624dc02b2fc9524778c5535414f28df699df6e17c480e9cd49fa44,REASONING_GPT_ALPHA,V13_SUPPLEMENTAL_SHA256_STREAM,0.0007999200079992,True
REASONING_REGIME_INTERACTION,"{""action_space"":""FREE8"",""analysis_id"":""REASONING_REGIME_INTERACTION"",""budget"":""B1"",""execution_policy"":""STRICT"",""information_condition"":""IC-b"",""lhs"":""C6-E"",""model"":""GPT"",""oracle"":""alpha"",""population"":""ITT"",""reasoning_regime"":""HIGH"",""replicate"":""RUN1"",""rhs"":""C4R""}",59640aab7e650930a3ed2ea89f8354a2a26405e79de498a24a5a174683f08e09,6441285098722887984,GPT,ALPHA,HIGH,STRICT,1,ITT,FREE8,B1,IC-b,C6-E,C4R,575,0.0627965574082801,-0.0468407604791925,0.1711303563126821,1300,0,8700,0.2601739826017398,77a02c6e52c94b156c4308fa1b9a9e9eb5509a12acbd34ae8ad95804b02e4769,REASONING_GPT_ALPHA,V13_SUPPLEMENTAL_SHA256_STREAM,0.5203479652034796,False
REASONING_REGIME_INTERACTION,"{""action_space"":""FREE8"",""analysis_id"":""REASONING_REGIME_INTERACTION"",""budget"":""B1"",""execution_policy"":""STRICT"",""information_condition"":""IC-b"",""lhs"":""C6-E"",""model"":""GPT"",""oracle"":""alpha"",""population"":""ITT"",""reasoning_regime"":""HIGH"",""replicate"":""RUN1"",""rhs"":""C6-EX""}",8828a50ecc3369fd6ec83365b7de4bbc04a8ac5d4aafe19e3ece3841f9ab2e89,9811273271200672253,GPT,ALPHA,HIGH,STRICT,1,ITT,FREE8,B1,IC-b,C6-E,C6-EX,575,-0.0595628124095642,-0.1713572776697484,0.0495493779191709,8538,0,1462,0.2925707429257074,4ad9d852dd9883177a8908fb912bd47382acd59d4a2131c4d74efce1db73a478,REASONING_GPT_ALPHA,V13_SUPPLEMENTAL_SHA256_STREAM,0.5203479652034796,False
REASONING_REGIME_INTERACTION,"{""action_space"":""FREE8"",""analysis_id"":""REASONING_REGIME_INTERACTION"",""budget"":""B1"",""execution_policy"":""STRICT"",""information_condition"":""IC-b"",""lhs"":""C5"",""model"":""GPT"",""oracle"":""beta"",""population"":""ITT"",""reasoning_regime"":""HIGH"",""replicate"":""RUN1"",""rhs"":""C4""}",8515300f66ec0ebf25262ba4af71a763b762e566672fc5d343cfd8b3cb4d698d,9589623824264728255,GPT,BETA,HIGH,STRICT,1,ITT,FREE8,B1,IC-b,C5,C4,575,-0.0429844982179752,-0.0802163426637033,-0.007716934421209,9904,0,96,0.0193980601939806,976ec8ae7928b14e886060149b3adcef123d4d765d1235037f9248c300a4fc75,REASONING_GPT_BETA,V13_SUPPLEMENTAL_SHA256_STREAM,0.0775922407759224,False
REASONING_REGIME_INTERACTION,"{""action_space"":""FREE8"",""analysis_id"":""REASONING_REGIME_INTERACTION"",""budget"":""B1"",""execution_policy"":""STRICT"",""information_condition"":""IC-b"",""lhs"":""C4R"",""model"":""GPT"",""oracle"":""beta"",""population"":""ITT"",""reasoning_regime"":""HIGH"",""replicate"":""RUN1"",""rhs"":""C4""}",928bb10921e52dbf43f25d4f2ed87f07c76a9af28e93a08b5500c372b2c389b1,10559728404081749439,GPT,BETA,HIGH,STRICT,1,ITT,FREE8,B1,IC-b,C4R,C4,575,-0.0239531691098179,-0.0463423262778606,-0.0030306331353692,9872,0,128,0.0257974202579742,a81b9e4220a86d4560874acb5015999b908906b048182e8fd9941ee0047ebf22,REASONING_GPT_BETA,V13_SUPPLEMENTAL_SHA256_STREAM,0.0775922407759224,False
REASONING_REGIME_INTERACTION,"{""action_space"":""FREE8"",""analysis_id"":""REASONING_REGIME_INTERACTION"",""budget"":""B1"",""execution_policy"":""STRICT"",""information_condition"":""IC-b"",""lhs"":""C6-E"",""model"":""GPT"",""oracle"":""beta"",""population"":""ITT"",""reasoning_regime"":""HIGH"",""replicate"":""RUN1"",""rhs"":""C4R""}",5c0c2acf8030ae887073fa52776060743170e87ccb76f4d2db57767ea5d6a59d,6632723421907168904,GPT,BETA,HIGH,STRICT,1,ITT,FREE8,B1,IC-b,C6-E,C4R,575,0.0007188594182448,-0.0329160691850866,0.0341763245204269,4880,0,5120,0.976102389761024,7386405b25e9d7e173f774191258b784242bd7fb3a4ac38a80ccca2bd6f22c07,REASONING_GPT_BETA,V13_SUPPLEMENTAL_SHA256_STREAM,0.976102389761024,False
REASONING_REGIME_INTERACTION,"{""action_space"":""FREE8"",""analysis_id"":""REASONING_REGIME_INTERACTION"",""budget"":""B1"",""execution_policy"":""STRICT"",""information_condition"":""IC-b"",""lhs"":""C6-E"",""model"":""GPT"",""oracle"":""beta"",""population"":""ITT"",""reasoning_regime"":""HIGH"",""replicate"":""RUN1"",""rhs"":""C6-EX""}",0994c44b989e3e32eadf5eacbd019013fbe1e382b41221aa9c8c153ad25f4b2a,690392471856627250,GPT,BETA,HIGH,STRICT,1,ITT,FREE8,B1,IC-b,C6-E,C6-EX,575,-0.0129996189226459,-0.0468789771077396,0.0203039319697116,7776,0,2224,0.444955504449555,da2e118771ec14adeaef5bf97a1c7c22abbc6fc0fa1a7793843e844347c9f591,REASONING_GPT_BETA,V13_SUPPLEMENTAL_SHA256_STREAM,0.88991100889911,False
REASONING_REGIME_INTERACTION,"{""action_space"":""FREE8"",""analysis_id"":""REASONING_REGIME_INTERACTION"",""budget"":""B1"",""execution_policy"":""STRICT"",""information_condition"":""IC-b"",""lhs"":""C5"",""model"":""GPT"",""oracle"":""gamma"",""population"":""ITT"",""reasoning_regime"":""HIGH"",""replicate"":""RUN1"",""rhs"":""C4""}",93d20ca522c016082c59e4b7571c186346bafcb289fb62f87a477b6795a8069a,10651589972076795400,GPT,GAMMA,HIGH,STRICT,1,ITT,FREE8,B1,IC-b,C5,C4,575,-0.0521729629606973,-0.0956049545910185,-0.0083282448633108,9907,0,93,0.0187981201879812,d93569132afcd4f29538ad85b79a10c11340de09574440354278dcf4666f66d0,REASONING_GPT_GAMMA,V13_SUPPLEMENTAL_SHA256_STREAM,0.056394360563943605,False
REASONING_REGIME_INTERACTION,"{""action_space"":""FREE8"",""analysis_id"":""REASONING_REGIME_INTERACTION"",""budget"":""B1"",""execution_policy"":""STRICT"",""information_condition"":""IC-b"",""lhs"":""C4R"",""model"":""GPT"",""oracle"":""gamma"",""population"":""ITT"",""reasoning_regime"":""HIGH"",""replicate"":""RUN1"",""rhs"":""C4""}",5996bd43c53a08dff9c4e6c4999793fce3fed29a79eda74e59bf6b9bcc73f144,6455555214651558111,GPT,GAMMA,HIGH,STRICT,1,ITT,FREE8,B1,IC-b,C4R,C4,575,-0.0465470706618973,-0.0724192537364938,-0.0234919046027444,10000,0,0,0.0001999800019998,599b27cb52d8ea53b03f4feec02c1dcd91912f2178286bd7943354c3143d1626,REASONING_GPT_GAMMA,V13_SUPPLEMENTAL_SHA256_STREAM,0.0007999200079992,True
REASONING_REGIME_INTERACTION,"{""action_space"":""FREE8"",""analysis_id"":""REASONING_REGIME_INTERACTION"",""budget"":""B1"",""execution_policy"":""STRICT"",""information_condition"":""IC-b"",""lhs"":""C6-E"",""model"":""GPT"",""oracle"":""gamma"",""population"":""ITT"",""reasoning_regime"":""HIGH"",""replicate"":""RUN1"",""rhs"":""C4R""}",d2aaaead70ac2011f37ae3becb5c2ccf43eb0ede9b367084505191af9269c9cc,15180137553948581905,GPT,GAMMA,HIGH,STRICT,1,ITT,FREE8,B1,IC-b,C6-E,C4R,575,0.0081910633284241,-0.0379043972586231,0.0504502424514767,3620,0,6380,0.7241275872412759,bb52a836c8aa38b4caa401a85629a2745f0ec2baa515ca048633b3a8d525e9a6,REASONING_GPT_GAMMA,V13_SUPPLEMENTAL_SHA256_STREAM,1.0,False
REASONING_REGIME_INTERACTION,"{""action_space"":""FREE8"",""analysis_id"":""REASONING_REGIME_INTERACTION"",""budget"":""B1"",""execution_policy"":""STRICT"",""information_condition"":""IC-b"",""lhs"":""C6-E"",""model"":""GPT"",""oracle"":""gamma"",""population"":""ITT"",""reasoning_regime"":""HIGH"",""replicate"":""RUN1"",""rhs"":""C6-EX""}",cf52319d29b156b89b2f789e840d4170a6ea016a489f9878dec8912f90a69b49,14939057465020470968,GPT,GAMMA,HIGH,STRICT,1,ITT,FREE8,B1,IC-b,C6-E,C6-EX,575,-0.0113271368733681,-0.0584026519985416,0.0351477760178286,6740,0,3260,0.6521347865213478,9f5ddbdfbb0eb63832f1b59d0b15d31966e1cf0d3aa0663d785ab33a97af6d96,REASONING_GPT_GAMMA,V13_SUPPLEMENTAL_SHA256_STREAM,1.0,False
EXECUTION_SENSITIVITY,"{""action_space"":""FREE8"",""analysis_id"":""EXECUTION_SENSITIVITY"",""budget"":""B1"",""execution_policy"":""REPAIRED_MINUS_STRICT"",""information_condition"":""IC-b"",""lhs"":""C5"",""model"":""GEMINI"",""oracle"":""alpha"",""population"":""ITT"",""reasoning_regime"":""BASELINE"",""replicate"":""RUN1"",""rhs"":""C4""}",943c9c54a32cdfee1f443234524c408dfc1bfae556131019ba27defa8b061afa,10681584303544786926,GEMINI,ALPHA,BASELINE,REPAIRED_MINUS_STRICT,1,ITT,FREE8,B1,IC-b,C5,C4,575,-0.0551077915284291,-0.1400755878679185,0.0277872754330091,9072,0,928,0.1857814218578142,96d72cdded766ac021b9bba8921a78b2e6e98743b7eceea36a9252bcfd22dd1c,EXEC_BASELINE_GEMINI_ALPHA,V13_SUPPLEMENTAL_SHA256_STREAM,0.7431256874312568,False
EXECUTION_SENSITIVITY,"{""action_space"":""FREE8"",""analysis_id"":""EXECUTION_SENSITIVITY"",""budget"":""B1"",""execution_policy"":""REPAIRED_MINUS_STRICT"",""information_condition"":""IC-b"",""lhs"":""C4R"",""model"":""GEMINI"",""oracle"":""alpha"",""population"":""ITT"",""reasoning_regime"":""BASELINE"",""replicate"":""RUN1"",""rhs"":""C4""}",6980a82ab4ba4dd8585d4fc2ec8caab1f973434c1caf9726cf5ff85684723e7f,7602261072375598552,GEMINI,ALPHA,BASELINE,REPAIRED_MINUS_STRICT,1,ITT,FREE8,B1,IC-b,C4R,C4,575,-0.0085977540673866,-0.0648642272082581,0.046673462823825,6216,0,3784,0.7569243075692431,aba322218a648a42fbbab9e8b17f59bb4b2238304be011d85f2d9e69d459ddbb,EXEC_BASELINE_GEMINI_ALPHA,V13_SUPPLEMENTAL_SHA256_STREAM,0.7569243075692431,False
EXECUTION_SENSITIVITY,"{""action_space"":""FREE8"",""analysis_id"":""EXECUTION_SENSITIVITY"",""budget"":""B1"",""execution_policy"":""REPAIRED_MINUS_STRICT"",""information_condition"":""IC-b"",""lhs"":""C6-E"",""model"":""GEMINI"",""oracle"":""alpha"",""population"":""ITT"",""reasoning_regime"":""BASELINE"",""replicate"":""RUN1"",""rhs"":""C4R""}",65e7e01c7cef47b0388dee5058d072b29b9f9b5277cef94108b41b83942dec1d,7343084130410645424,GEMINI,ALPHA,BASELINE,REPAIRED_MINUS_STRICT,1,ITT,FREE8,B1,IC-b,C6-E,C4R,575,0.036498000228184,-0.0213456070776901,0.0958174369023755,1172,0,8828,0.2345765423457654,ab1ed28f92a7fccc1c61a715547de7a7baec1ce7bf5ac7a99ca9ede8ec046e9c,EXEC_BASELINE_GEMINI_ALPHA,V13_SUPPLEMENTAL_SHA256_STREAM,0.7431256874312568,False
EXECUTION_SENSITIVITY,"{""action_space"":""FREE8"",""analysis_id"":""EXECUTION_SENSITIVITY"",""budget"":""B1"",""execution_policy"":""REPAIRED_MINUS_STRICT"",""information_condition"":""IC-b"",""lhs"":""C6-E"",""model"":""GEMINI"",""oracle"":""alpha"",""population"":""ITT"",""reasoning_regime"":""BASELINE"",""replicate"":""RUN1"",""rhs"":""C6-EX""}",e56ababfeae546875fedec1780ad6198dabab8187815440df2f4b1bac134ef19,16531230715659241095,GEMINI,ALPHA,BASELINE,REPAIRED_MINUS_STRICT,1,ITT,FREE8,B1,IC-b,C6-E,C6-EX,575,0.0312762204612721,-0.0348770017713328,0.1000512840008616,1854,0,8146,0.370962903709629,e7b717419c0c5d5c19be304d79600ca3867271f72821f946feda9b7c4555d8d0,EXEC_BASELINE_GEMINI_ALPHA,V13_SUPPLEMENTAL_SHA256_STREAM,0.7431256874312568,False
EXECUTION_SENSITIVITY,"{""action_space"":""FREE8"",""analysis_id"":""EXECUTION_SENSITIVITY"",""budget"":""B1"",""execution_policy"":""REPAIRED_MINUS_STRICT"",""information_condition"":""IC-b"",""lhs"":""C5"",""model"":""GEMINI"",""oracle"":""beta"",""population"":""ITT"",""reasoning_regime"":""BASELINE"",""replicate"":""RUN1"",""rhs"":""C4""}",5c6ce391b6c1966cc7ae22c5939f79b8958abc3f25697729b082b8f8f5edf157,6659948163950024300,GEMINI,BETA,BASELINE,REPAIRED_MINUS_STRICT,1,ITT,FREE8,B1,IC-b,C5,C4,575,0.0081408772831676,-0.0046567294607343,0.0231330292737362,1172,0,8828,0.2345765423457654,b483a57be62690d855eb1e6cb8cfabf157b499cb41a11c66da8da9a5ef868b2b,EXEC_BASELINE_GEMINI_BETA,V13_SUPPLEMENTAL_SHA256_STREAM,0.4691530846915308,False
EXECUTION_SENSITIVITY,"{""action_space"":""FREE8"",""analysis_id"":""EXECUTION_SENSITIVITY"",""budget"":""B1"",""execution_policy"":""REPAIRED_MINUS_STRICT"",""information_condition"":""IC-b"",""lhs"":""C4R"",""model"":""GEMINI"",""oracle"":""beta"",""population"":""ITT"",""reasoning_regime"":""BASELINE"",""replicate"":""RUN1"",""rhs"":""C4""}",140edd7aff9c9f150bd20c3571f64fc6599639525d71edf3828068874273a7e2,1445336050776710933,GEMINI,BETA,BASELINE,REPAIRED_MINUS_STRICT,1,ITT,FREE8,B1,IC-b,C4R,C4,575,0.0005380037982837,-0.0049716213645311,0.0069776509750544,4398,0,5602,0.8797120287971203,6a2a94462cac6efd776bc9b9d2100291c0eb353fde73c555ffe7cb74ee799bab,EXEC_BASELINE_GEMINI_BETA,V13_SUPPLEMENTAL_SHA256_STREAM,0.8797120287971203,False
EXECUTION_SENSITIVITY,"{""action_space"":""FREE8"",""analysis_id"":""EXECUTION_SENSITIVITY"",""budget"":""B1"",""execution_policy"":""REPAIRED_MINUS_STRICT"",""information_condition"":""IC-b"",""lhs"":""C6-E"",""model"":""GEMINI"",""oracle"":""beta"",""population"":""ITT"",""reasoning_regime"":""BASELINE"",""replicate"":""RUN1"",""rhs"":""C4R""}",0bc26bcc4d7cd6b6eeb9ec4ff02d1b9631f31302ea52a1fd08f750fac36a3541,847358205116602038,GEMINI,BETA,BASELINE,REPAIRED_MINUS_STRICT,1,ITT,FREE8,B1,IC-b,C6-E,C4R,575,0.0172604375373944,-0.0017506423509919,0.0384956421473413,379,0,9621,0.075992400759924,f523dd721dae4bb23948d4ed20cb0e288f943d7aea78c4a51873502ba40e7c25,EXEC_BASELINE_GEMINI_BETA,V13_SUPPLEMENTAL_SHA256_STREAM,0.303969603039696,False
EXECUTION_SENSITIVITY,"{""action_space"":""FREE8"",""analysis_id"":""EXECUTION_SENSITIVITY"",""budget"":""B1"",""execution_policy"":""REPAIRED_MINUS_STRICT"",""information_condition"":""IC-b"",""lhs"":""C6-E"",""model"":""GEMINI"",""oracle"":""beta"",""population"":""ITT"",""reasoning_regime"":""BASELINE"",""replicate"":""RUN1"",""rhs"":""C6-EX""}",2d1ab57df02a1defe406b3e9768c64df53fbd42fed4fbbd6aec8626b7804fe06,3250109633606065647,GEMINI,BETA,BASELINE,REPAIRED_MINUS_STRICT,1,ITT,FREE8,B1,IC-b,C6-E,C6-EX,575,0.0154772463028842,-0.0029229759268471,0.0361221881059778,520,0,9480,0.1041895810418958,666dfd94afb94d83262f005dd08272210d74420ae8ee29b7f44ccaadfcd60f73,EXEC_BASELINE_GEMINI_BETA,V13_SUPPLEMENTAL_SHA256_STREAM,0.3125687431256874,False
EXECUTION_SENSITIVITY,"{""action_space"":""FREE8"",""analysis_id"":""EXECUTION_SENSITIVITY"",""budget"":""B1"",""execution_policy"":""REPAIRED_MINUS_STRICT"",""information_condition"":""IC-b"",""lhs"":""C5"",""model"":""GEMINI"",""oracle"":""gamma"",""population"":""ITT"",""reasoning_regime"":""BASELINE"",""replicate"":""RUN1"",""rhs"":""C4""}",24742d252f4f34f24d00f1fdd61ee0fbae4a77420c49709df1c64c90f1333def,2626774120394601714,GEMINI,GAMMA,BASELINE,REPAIRED_MINUS_STRICT,1,ITT,FREE8,B1,IC-b,C5,C4,575,0.0075143106038813,-0.0267501207893599,0.0417266377717002,3292,0,6708,0.6585341465853415,e05edb327c885aa994f88c97bf49c8e9560b595eb012bf737f92621a6c075947,EXEC_BASELINE_GEMINI_GAMMA,V13_SUPPLEMENTAL_SHA256_STREAM,1.0,False
EXECUTION_SENSITIVITY,"{""action_space"":""FREE8"",""analysis_id"":""EXECUTION_SENSITIVITY"",""budget"":""B1"",""execution_policy"":""REPAIRED_MINUS_STRICT"",""information_condition"":""IC-b"",""lhs"":""C4R"",""model"":""GEMINI"",""oracle"":""gamma"",""population"":""ITT"",""reasoning_regime"":""BASELINE"",""replicate"":""RUN1"",""rhs"":""C4""}",74637c322f26ed3459d3d1e89c13518b5f7f230fbd155650ec6a8e5975bbb3b4,8386683486075284788,GEMINI,GAMMA,BASELINE,REPAIRED_MINUS_STRICT,1,ITT,FREE8,B1,IC-b,C4R,C4,575,0.0041614154423762,-0.0161182983701374,0.025584252074896,3441,0,6559,0.6883311668833116,364703a9b7c49ac47ffc7372e0d182bcbcae518cf945f4b514272505e551082b,EXEC_BASELINE_GEMINI_GAMMA,V13_SUPPLEMENTAL_SHA256_STREAM,1.0,False
EXECUTION_SENSITIVITY,"{""action_space"":""FREE8"",""analysis_id"":""EXECUTION_SENSITIVITY"",""budget"":""B1"",""execution_policy"":""REPAIRED_MINUS_STRICT"",""information_condition"":""IC-b"",""lhs"":""C6-E"",""model"":""GEMINI"",""oracle"":""gamma"",""population"":""ITT"",""reasoning_regime"":""BASELINE"",""replicate"":""RUN1"",""rhs"":""C4R""}",0fb776a64ceb478c7df64369c06bed3bc7e4fb451c8f6aba1ce381277eef239c,1132504287934105484,GEMINI,GAMMA,BASELINE,REPAIRED_MINUS_STRICT,1,ITT,FREE8,B1,IC-b,C6-E,C4R,575,0.0096270411670231,-0.0143213217042634,0.0341876969377976,2261,0,7739,0.4523547645235476,f5438cf00a92debc57d69ec64077e49b14c9a8f36ec1fcf21344bf932bda54a6,EXEC_BASELINE_GEMINI_GAMMA,V13_SUPPLEMENTAL_SHA256_STREAM,1.0,False
EXECUTION_SENSITIVITY,"{""action_space"":""FREE8"",""analysis_id"":""EXECUTION_SENSITIVITY"",""budget"":""B1"",""execution_policy"":""REPAIRED_MINUS_STRICT"",""information_condition"":""IC-b"",""lhs"":""C6-E"",""model"":""GEMINI"",""oracle"":""gamma"",""population"":""ITT"",""reasoning_regime"":""BASELINE"",""replicate"":""RUN1"",""rhs"":""C6-EX""}",86e459359f1f82b1779bdf05c1ce606a6e087fa3eb27fd87481a09a4fddce6ce,9719991982610154161,GEMINI,GAMMA,BASELINE,REPAIRED_MINUS_STRICT,1,ITT,FREE8,B1,IC-b,C6-E,C6-EX,575,0.0195960893984937,-0.0055368683989183,0.0465124316939035,664,0,9336,0.132986701329867,7bbdc9bfd1d2cf1bd5808c3f4d51800b89238035497e971ebf8ea5adf0c0415d,EXEC_BASELINE_GEMINI_GAMMA,V13_SUPPLEMENTAL_SHA256_STREAM,0.531946805319468,False
EXECUTION_SENSITIVITY,"{""action_space"":""FREE8"",""analysis_id"":""EXECUTION_SENSITIVITY"",""budget"":""B1"",""execution_policy"":""REPAIRED_MINUS_STRICT"",""information_condition"":""IC-b"",""lhs"":""C5"",""model"":""GPT"",""oracle"":""alpha"",""population"":""ITT"",""reasoning_regime"":""BASELINE"",""replicate"":""RUN1"",""rhs"":""C4""}",a1e347cf839270a5def239759be2e2fac95e36e9ef87e235d0716b2ed7bcdee9,11665246416410931365,GPT,ALPHA,BASELINE,REPAIRED_MINUS_STRICT,1,ITT,FREE8,B1,IC-b,C5,C4,575,-0.1172965209996642,-0.2054064370107093,-0.0362780933990709,9972,0,28,0.0057994200579942,f2a503ab0db879544b0163b15248238f045613673a5de3446ca1abcd7c50cc6f,EXEC_BASELINE_GPT_ALPHA,V13_SUPPLEMENTAL_SHA256_STREAM,0.0115988401159884,True
EXECUTION_SENSITIVITY,"{""action_space"":""FREE8"",""analysis_id"":""EXECUTION_SENSITIVITY"",""budget"":""B1"",""execution_policy"":""REPAIRED_MINUS_STRICT"",""information_condition"":""IC-b"",""lhs"":""C4R"",""model"":""GPT"",""oracle"":""alpha"",""population"":""ITT"",""reasoning_regime"":""BASELINE"",""replicate"":""RUN1"",""rhs"":""C4""}",ca0b473d4db639d3b5a7595a5404483aadf24313c8e4a4c536e044a44620f5d2,14558808549027625427,GPT,ALPHA,BASELINE,REPAIRED_MINUS_STRICT,1,ITT,FREE8,B1,IC-b,C4R,C4,575,-0.1645144043790949,-0.2237858890991412,-0.1093207099851982,10000,0,0,0.0001999800019998,c78739be39787c0d266923d4d97e52099fb77592d73adbbc32a2382d2100bf27,EXEC_BASELINE_GPT_ALPHA,V13_SUPPLEMENTAL_SHA256_STREAM,0.0007999200079992,True
EXECUTION_SENSITIVITY,"{""action_space"":""FREE8"",""analysis_id"":""EXECUTION_SENSITIVITY"",""budget"":""B1"",""execution_policy"":""REPAIRED_MINUS_STRICT"",""information_condition"":""IC-b"",""lhs"":""C6-E"",""model"":""GPT"",""oracle"":""alpha"",""population"":""ITT"",""reasoning_regime"":""BASELINE"",""replicate"":""RUN1"",""rhs"":""C4R""}",34f90f0ef7fc1fa57472d50d71905656946d25120efb79ae5cd87217a5cd166a,3817098716137660325,GPT,ALPHA,BASELINE,REPAIRED_MINUS_STRICT,1,ITT,FREE8,B1,IC-b,C6-E,C4R,575,0.1560386627567145,0.0800137167909596,0.2324768824018225,0,0,10000,0.0001999800019998,1781f6c647335e885ce4af5ccf51ce06ae154d83488d9f4c552cbe59b9800c77,EXEC_BASELINE_GPT_ALPHA,V13_SUPPLEMENTAL_SHA256_STREAM,0.0007999200079992,True
EXECUTION_SENSITIVITY,"{""action_space"":""FREE8"",""analysis_id"":""EXECUTION_SENSITIVITY"",""budget"":""B1"",""execution_policy"":""REPAIRED_MINUS_STRICT"",""information_condition"":""IC-b"",""lhs"":""C6-E"",""model"":""GPT"",""oracle"":""alpha"",""population"":""ITT"",""reasoning_regime"":""BASELINE"",""replicate"":""RUN1"",""rhs"":""C6-EX""}",9916d4d2e1acb1486bb7253c5b7e5daeb9a9692d04b0ba09bbfb430e0afc9730,11031238339485020488,GPT,ALPHA,BASELINE,REPAIRED_MINUS_STRICT,1,ITT,FREE8,B1,IC-b,C6-E,C6-EX,575,0.0285326285362915,-0.057387609941326,0.1110095611377258,2538,0,7462,0.5077492250774922,43a3f4329fa3fbad8ec6572c9c84b95274e5088bb34c25ae6b0002a90c45e5d8,EXEC_BASELINE_GPT_ALPHA,V13_SUPPLEMENTAL_SHA256_STREAM,0.5077492250774922,False
EXECUTION_SENSITIVITY,"{""action_space"":""FREE8"",""analysis_id"":""EXECUTION_SENSITIVITY"",""budget"":""B1"",""execution_policy"":""REPAIRED_MINUS_STRICT"",""information_condition"":""IC-b"",""lhs"":""C5"",""model"":""GPT"",""oracle"":""beta"",""population"":""ITT"",""reasoning_regime"":""BASELINE"",""replicate"":""RUN1"",""rhs"":""C4""}",4725e23b04d48fee3611485bffdc88ad85bb8d548e138a34f8d680bebe7d1162,5126752493943164910,GPT,BETA,BASELINE,REPAIRED_MINUS_STRICT,1,ITT,FREE8,B1,IC-b,C5,C4,575,-0.0173904095045801,-0.0385289342001464,0.0030116131403812,9537,0,463,0.0927907209279072,d92c4a1132f0e91b5e2fbdcda4170e9a25ba88df413a4bbc006d9ca191947b1a,EXEC_BASELINE_GPT_BETA,V13_SUPPLEMENTAL_SHA256_STREAM,0.1855814418558144,False
EXECUTION_SENSITIVITY,"{""action_space"":""FREE8"",""analysis_id"":""EXECUTION_SENSITIVITY"",""budget"":""B1"",""execution_policy"":""REPAIRED_MINUS_STRICT"",""information_condition"":""IC-b"",""lhs"":""C4R"",""model"":""GPT"",""oracle"":""beta"",""population"":""ITT"",""reasoning_regime"":""BASELINE"",""replicate"":""RUN1"",""rhs"":""C4""}",2c15f5d979f2aebcd67f97ecee9ebcfd4b7c0cc198cf995bf9c048f5ead22c12,3176715426582408892,GPT,BETA,BASELINE,REPAIRED_MINUS_STRICT,1,ITT,FREE8,B1,IC-b,C4R,C4,575,-0.0206405018355856,-0.040439616350334,-0.0016987354712935,9832,0,168,0.0337966203379662,1858462ea08b469501d1ffffbef6abb108eaf764acf761ae1d3e324f4b050142,EXEC_BASELINE_GPT_BETA,V13_SUPPLEMENTAL_SHA256_STREAM,0.1013898610138986,False
EXECUTION_SENSITIVITY,"{""action_space"":""FREE8"",""analysis_id"":""EXECUTION_SENSITIVITY"",""budget"":""B1"",""execution_policy"":""REPAIRED_MINUS_STRICT"",""information_condition"":""IC-b"",""lhs"":""C6-E"",""model"":""GPT"",""oracle"":""beta"",""population"":""ITT"",""reasoning_regime"":""BASELINE"",""replicate"":""RUN1"",""rhs"":""C4R""}",695a15c3ae11d956ef8278be2c7a9ebeb08db4ebaeb36175d7983dba09fb10d5,7591404052069603670,GPT,BETA,BASELINE,REPAIRED_MINUS_STRICT,1,ITT,FREE8,B1,IC-b,C6-E,C4R,575,0.0280483334219133,0.0060071621848682,0.0511926701194538,64,0,9936,0.012998700129987,b9b78dd439663335d16918f0798b0ccae6f8968ce0b476887bfacceb61c5f414,EXEC_BASELINE_GPT_BETA,V13_SUPPLEMENTAL_SHA256_STREAM,0.051994800519948,False
EXECUTION_SENSITIVITY,"{""action_space"":""FREE8"",""analysis_id"":""EXECUTION_SENSITIVITY"",""budget"":""B1"",""execution_policy"":""REPAIRED_MINUS_STRICT"",""information_condition"":""IC-b"",""lhs"":""C6-E"",""model"":""GPT"",""oracle"":""beta"",""population"":""ITT"",""reasoning_regime"":""BASELINE"",""replicate"":""RUN1"",""rhs"":""C6-EX""}",87843a6897282f9bb2f86c3cbbe31922d5a3c9c6db1fcf46446406b4aae93500,9764994112933080987,GPT,BETA,BASELINE,REPAIRED_MINUS_STRICT,1,ITT,FREE8,B1,IC-b,C6-E,C6-EX,575,0.006746858248069,-0.0170739439022126,0.030910530590057,2844,0,7156,0.5689431056894311,ca1d8e4767324a59f72b9148111b6f67586be6df55aaa324a94a27daf5d55dc8,EXEC_BASELINE_GPT_BETA,V13_SUPPLEMENTAL_SHA256_STREAM,0.5689431056894311,False
EXECUTION_SENSITIVITY,"{""action_space"":""FREE8"",""analysis_id"":""EXECUTION_SENSITIVITY"",""budget"":""B1"",""execution_policy"":""REPAIRED_MINUS_STRICT"",""information_condition"":""IC-b"",""lhs"":""C5"",""model"":""GPT"",""oracle"":""gamma"",""population"":""ITT"",""reasoning_regime"":""BASELINE"",""replicate"":""RUN1"",""rhs"":""C4""}",2acaf44d27b928c963d9622d0c1e55bbe14dbd5d2441e48bf7ad4dbb17e3fbe4,3083545507104630985,GPT,GAMMA,BASELINE,REPAIRED_MINUS_STRICT,1,ITT,FREE8,B1,IC-b,C5,C4,575,-0.0325324828231615,-0.0670666269898008,0.0016088282290756,9682,0,318,0.0637936206379362,6ebf02e17521cdbb67cc52220510d003c9587ddfe6814ddda89ad8efbbc3b895,EXEC_BASELINE_GPT_GAMMA,V13_SUPPLEMENTAL_SHA256_STREAM,0.1275872412758724,False
EXECUTION_SENSITIVITY,"{""action_space"":""FREE8"",""analysis_id"":""EXECUTION_SENSITIVITY"",""budget"":""B1"",""execution_policy"":""REPAIRED_MINUS_STRICT"",""information_condition"":""IC-b"",""lhs"":""C4R"",""model"":""GPT"",""oracle"":""gamma"",""population"":""ITT"",""reasoning_regime"":""BASELINE"",""replicate"":""RUN1"",""rhs"":""C4""}",0e7ca60c7f848bc6f1ccf01bea0dd56826a3352a2c1efb26cc5117535c4095ab,1043891786252323782,GPT,GAMMA,BASELINE,REPAIRED_MINUS_STRICT,1,ITT,FREE8,B1,IC-b,C4R,C4,575,-0.0477359388206046,-0.0723969192354084,-0.0253564888092723,10000,0,0,0.0001999800019998,72038aa13d03e28ec151ef25c1a5d8bc42e4b3affe2deadc1069e6945ab546ee,EXEC_BASELINE_GPT_GAMMA,V13_SUPPLEMENTAL_SHA256_STREAM,0.0007999200079992,True
EXECUTION_SENSITIVITY,"{""action_space"":""FREE8"",""analysis_id"":""EXECUTION_SENSITIVITY"",""budget"":""B1"",""execution_policy"":""REPAIRED_MINUS_STRICT"",""information_condition"":""IC-b"",""lhs"":""C6-E"",""model"":""GPT"",""oracle"":""gamma"",""population"":""ITT"",""reasoning_regime"":""BASELINE"",""replicate"":""RUN1"",""rhs"":""C4R""}",721a76c60de93e9c2f33cd9600f05308f11a5c87c1e673d32ec9454ced95cbf3,8222014662727253660,GPT,GAMMA,BASELINE,REPAIRED_MINUS_STRICT,1,ITT,FREE8,B1,IC-b,C6-E,C4R,575,0.061981947434776,0.0326206188674856,0.0946385778762635,1,0,9999,0.0003999600039996,9e94ff76c4ce503ea43f1b65d3886dd1a3f52208075e1fe7d6861fac016bf89a,EXEC_BASELINE_GPT_GAMMA,V13_SUPPLEMENTAL_SHA256_STREAM,0.0011998800119988,True
EXECUTION_SENSITIVITY,"{""action_space"":""FREE8"",""analysis_id"":""EXECUTION_SENSITIVITY"",""budget"":""B1"",""execution_policy"":""REPAIRED_MINUS_STRICT"",""information_condition"":""IC-b"",""lhs"":""C6-E"",""model"":""GPT"",""oracle"":""gamma"",""population"":""ITT"",""reasoning_regime"":""BASELINE"",""replicate"":""RUN1"",""rhs"":""C6-EX""}",2def43b2e42946e9ffe17ffcea2c43c82bc575d9704c899a513bc923d4dd5335,3309938686751753961,GPT,GAMMA,BASELINE,REPAIRED_MINUS_STRICT,1,ITT,FREE8,B1,IC-b,C6-E,C6-EX,575,0.0242397259030091,-0.0105970400121476,0.0603685245555356,846,0,9154,0.1693830616938306,1ff5341e38cb5026b89446ee38b57ad1b430b4896a540cba0dcb3d796e963348,EXEC_BASELINE_GPT_GAMMA,V13_SUPPLEMENTAL_SHA256_STREAM,0.1693830616938306,False
EXECUTION_SENSITIVITY,"{""action_space"":""FREE8"",""analysis_id"":""EXECUTION_SENSITIVITY"",""budget"":""B1"",""execution_policy"":""REPAIRED_MINUS_STRICT"",""information_condition"":""IC-b"",""lhs"":""C5"",""model"":""GEMINI"",""oracle"":""alpha"",""population"":""ITT"",""reasoning_regime"":""HIGH"",""replicate"":""RUN1"",""rhs"":""C4""}",52ceacf3250afffe2852cc4ff50f7341dc042aebfb14408cc80206c105f0bc16,5966896716610994174,GEMINI,ALPHA,HIGH,REPAIRED_MINUS_STRICT,1,ITT,FREE8,B1,IC-b,C5,C4,575,-0.0023489226626594,-0.0201476303018394,0.0133627182871186,5965,10,4025,0.8071192880711929,62791b37a25badfff0d59f9ffe206c1f83285d5026d794478e409446c287fe52,EXEC_HIGH_GEMINI_ALPHA,V13_SUPPLEMENTAL_SHA256_STREAM,1.0,False
EXECUTION_SENSITIVITY,"{""action_space"":""FREE8"",""analysis_id"":""EXECUTION_SENSITIVITY"",""budget"":""B1"",""execution_policy"":""REPAIRED_MINUS_STRICT"",""information_condition"":""IC-b"",""lhs"":""C4R"",""model"":""GEMINI"",""oracle"":""alpha"",""population"":""ITT"",""reasoning_regime"":""HIGH"",""replicate"":""RUN1"",""rhs"":""C4""}",f70c9fdf3876ef791ba7fa057f3ecd0fd4c5bfd13896b1c00eb3a5b65830e921,17801779208162570105,GEMINI,ALPHA,HIGH,REPAIRED_MINUS_STRICT,1,ITT,FREE8,B1,IC-b,C4R,C4,575,0.010504624204017,-0.0018743011835283,0.0312979287296986,864,497,8639,0.2723727627237276,576c1e4a6b8da126e3d9cc53a0347b4127959f29e4a10eaf08e8db059f2a2c1f,EXEC_HIGH_GEMINI_ALPHA,V13_SUPPLEMENTAL_SHA256_STREAM,1.0,False
EXECUTION_SENSITIVITY,"{""action_space"":""FREE8"",""analysis_id"":""EXECUTION_SENSITIVITY"",""budget"":""B1"",""execution_policy"":""REPAIRED_MINUS_STRICT"",""information_condition"":""IC-b"",""lhs"":""C6-E"",""model"":""GEMINI"",""oracle"":""alpha"",""population"":""ITT"",""reasoning_regime"":""HIGH"",""replicate"":""RUN1"",""rhs"":""C4R""}",bda55a9e19abac17ed5952a7ef5f1230eda0b5be9233c2a77834bce399d849f0,13665428279407651863,GEMINI,ALPHA,HIGH,REPAIRED_MINUS_STRICT,1,ITT,FREE8,B1,IC-b,C6-E,C4R,575,-0.0104171125567408,-0.0350757644492057,0.0088591637131678,8247,5,1748,0.3507649235076492,40a9042889908c2656410f31024f71ed92953a65feed6561ea1bb9871052dc90,EXEC_HIGH_GEMINI_ALPHA,V13_SUPPLEMENTAL_SHA256_STREAM,1.0,False
EXECUTION_SENSITIVITY,"{""action_space"":""FREE8"",""analysis_id"":""EXECUTION_SENSITIVITY"",""budget"":""B1"",""execution_policy"":""REPAIRED_MINUS_STRICT"",""information_condition"":""IC-b"",""lhs"":""C6-E"",""model"":""GEMINI"",""oracle"":""alpha"",""population"":""ITT"",""reasoning_regime"":""HIGH"",""replicate"":""RUN1"",""rhs"":""C6-EX""}",b813d1c972b890a759507ab3782dd5bf2027d3adb7f16b26973b14a81849ce9d,13264175990679572647,GEMINI,ALPHA,HIGH,REPAIRED_MINUS_STRICT,1,ITT,FREE8,B1,IC-b,C6-E,C6-EX,575,0.0057673324978382,-0.0088419651326646,0.0210324196728561,2176,3,7821,0.435956404359564,917bbc6dbc5b16bd1c7dcb677df71ebbb848ef419b225c92e1632e96311c9e1f,EXEC_HIGH_GEMINI_ALPHA,V13_SUPPLEMENTAL_SHA256_STREAM,1.0,False
EXECUTION_SENSITIVITY,"{""action_space"":""FREE8"",""analysis_id"":""EXECUTION_SENSITIVITY"",""budget"":""B1"",""execution_policy"":""REPAIRED_MINUS_STRICT"",""information_condition"":""IC-b"",""lhs"":""C5"",""model"":""GEMINI"",""oracle"":""beta"",""population"":""ITT"",""reasoning_regime"":""HIGH"",""replicate"":""RUN1"",""rhs"":""C4""}",e237e53ec069e4af702ae16d386bda54b90823de7a2a47ac44b29defdaf64dd7,16300749433969697967,GEMINI,BETA,HIGH,REPAIRED_MINUS_STRICT,1,ITT,FREE8,B1,IC-b,C5,C4,575,0.0007949438576348,-0.0007461060474014,0.0025811329495723,1652,0,8348,0.3305669433056694,04ae0b60da8fe4cd65fc489dbd6f73db3ee31ab517436f9da09a16df90e68c12,EXEC_HIGH_GEMINI_BETA,V13_SUPPLEMENTAL_SHA256_STREAM,1.0,False
EXECUTION_SENSITIVITY,"{""action_space"":""FREE8"",""analysis_id"":""EXECUTION_SENSITIVITY"",""budget"":""B1"",""execution_policy"":""REPAIRED_MINUS_STRICT"",""information_condition"":""IC-b"",""lhs"":""C4R"",""model"":""GEMINI"",""oracle"":""beta"",""population"":""ITT"",""reasoning_regime"":""HIGH"",""replicate"":""RUN1"",""rhs"":""C4""}",991cf1eb1795be2d4baf538613b1b525621efbcfbb71d818b7641dc6afb5c80a,11032959179166170669,GEMINI,BETA,HIGH,REPAIRED_MINUS_STRICT,1,ITT,FREE8,B1,IC-b,C4R,C4,575,-0.0008762732793237,-0.0053237452600172,0.0018155809581077,5856,472,3672,0.8289171082891711,0d4068475cbf25b7fc3c026fcf5a43236ec0a0ffa37b89b368c631c2dd7fd60b,EXEC_HIGH_GEMINI_BETA,V13_SUPPLEMENTAL_SHA256_STREAM,1.0,False
EXECUTION_SENSITIVITY,"{""action_space"":""FREE8"",""analysis_id"":""EXECUTION_SENSITIVITY"",""budget"":""B1"",""execution_policy"":""REPAIRED_MINUS_STRICT"",""information_condition"":""IC-b"",""lhs"":""C6-E"",""model"":""GEMINI"",""oracle"":""beta"",""population"":""ITT"",""reasoning_regime"":""HIGH"",""replicate"":""RUN1"",""rhs"":""C4R""}",87c7563667c4735569ecce486cc70f01680e2aaf04eb7f3d9b539620ef3e41ba,9783883507154842453,GEMINI,BETA,HIGH,REPAIRED_MINUS_STRICT,1,ITT,FREE8,B1,IC-b,C6-E,C4R,575,0.001998432232594,-0.0014609469012396,0.0066631780465306,1736,0,8264,0.3473652634736526,903b46273905b2be225a64821ff4d6c62d70b97317c795b3ad5f20acefa546b7,EXEC_HIGH_GEMINI_BETA,V13_SUPPLEMENTAL_SHA256_STREAM,1.0,False
EXECUTION_SENSITIVITY,"{""action_space"":""FREE8"",""analysis_id"":""EXECUTION_SENSITIVITY"",""budget"":""B1"",""execution_policy"":""REPAIRED_MINUS_STRICT"",""information_condition"":""IC-b"",""lhs"":""C6-E"",""model"":""GEMINI"",""oracle"":""beta"",""population"":""ITT"",""reasoning_regime"":""HIGH"",""replicate"":""RUN1"",""rhs"":""C6-EX""}",6ce879d10d1afa68844cba3d793edcd89aec9c20eddd78aa9dd9bc6240d894f6,7847656289468086888,GEMINI,BETA,HIGH,REPAIRED_MINUS_STRICT,1,ITT,FREE8,B1,IC-b,C6-E,C6-EX,575,0.0005979762044857,-0.0012959749246209,0.0028176613547204,2984,0,7016,0.5969403059694031,42da7ea51b3a9a63d41c7a9c8b5b513f9813fb83075403799ecfba645de33290,EXEC_HIGH_GEMINI_BETA,V13_SUPPLEMENTAL_SHA256_STREAM,1.0,False
EXECUTION_SENSITIVITY,"{""action_space"":""FREE8"",""analysis_id"":""EXECUTION_SENSITIVITY"",""budget"":""B1"",""execution_policy"":""REPAIRED_MINUS_STRICT"",""information_condition"":""IC-b"",""lhs"":""C5"",""model"":""GEMINI"",""oracle"":""gamma"",""population"":""ITT"",""reasoning_regime"":""HIGH"",""replicate"":""RUN1"",""rhs"":""C4""}",3dc2d3f6c7db61d8e2fdaf0b3551f7b09cfa429fc9b673310e41ca83c40065ea,4450352438663930328,GEMINI,GAMMA,HIGH,REPAIRED_MINUS_STRICT,1,ITT,FREE8,B1,IC-b,C5,C4,575,-0.0029303937547247,-0.0105690867811203,0.0033836690952986,7827,6,2167,0.4347565243475652,1fe94530e281df9b251d9f2d2a346104d4eb29e8e7d66b807e188f5b8f5d3b5b,EXEC_HIGH_GEMINI_GAMMA,V13_SUPPLEMENTAL_SHA256_STREAM,0.681931806819318,False
EXECUTION_SENSITIVITY,"{""action_space"":""FREE8"",""analysis_id"":""EXECUTION_SENSITIVITY"",""budget"":""B1"",""execution_policy"":""REPAIRED_MINUS_STRICT"",""information_condition"":""IC-b"",""lhs"":""C4R"",""model"":""GEMINI"",""oracle"":""gamma"",""population"":""ITT"",""reasoning_regime"":""HIGH"",""replicate"":""RUN1"",""rhs"":""C4""}",6ea86873e894d3a6341e68efcb66a4e7e246c3b08da6c34218be4620683ed3ad,7973737987292058534,GEMINI,GAMMA,HIGH,REPAIRED_MINUS_STRICT,1,ITT,FREE8,B1,IC-b,C4R,C4,575,0.0037355808295133,-0.0009649445369785,0.0120142835732271,1242,462,8296,0.340965903409659,6192dc4a19dc793e7c6693c57de63da746d1a6e77153852454ca469e266c64ab,EXEC_HIGH_GEMINI_GAMMA,V13_SUPPLEMENTAL_SHA256_STREAM,0.681931806819318,False
EXECUTION_SENSITIVITY,"{""action_space"":""FREE8"",""analysis_id"":""EXECUTION_SENSITIVITY"",""budget"":""B1"",""execution_policy"":""REPAIRED_MINUS_STRICT"",""information_condition"":""IC-b"",""lhs"":""C6-E"",""model"":""GEMINI"",""oracle"":""gamma"",""population"":""ITT"",""reasoning_regime"":""HIGH"",""replicate"":""RUN1"",""rhs"":""C4R""}",67e14f5afb3714a95e79b7cb9cea6885bac08c9e293dd198ffa21eee414c34fe,7485351307846816937,GEMINI,GAMMA,HIGH,REPAIRED_MINUS_STRICT,1,ITT,FREE8,B1,IC-b,C6-E,C4R,575,-0.0055528446276206,-0.0149694538534198,0.0010910458156104,9230,1,769,0.1541845815418458,dba70cf8a3c01d1be62b0c870b04d6177dc7d7efddec10352c0b86eb2592c2e5,EXEC_HIGH_GEMINI_GAMMA,V13_SUPPLEMENTAL_SHA256_STREAM,0.46255374462553744,False
EXECUTION_SENSITIVITY,"{""action_space"":""FREE8"",""analysis_id"":""EXECUTION_SENSITIVITY"",""budget"":""B1"",""execution_policy"":""REPAIRED_MINUS_STRICT"",""information_condition"":""IC-b"",""lhs"":""C6-E"",""model"":""GEMINI"",""oracle"":""gamma"",""population"":""ITT"",""reasoning_regime"":""HIGH"",""replicate"":""RUN1"",""rhs"":""C6-EX""}",b8da3368feb667ec36f3466616ad5b1837dea0b800475c0dc41aaacdb0cfc124,13320015373944645612,GEMINI,GAMMA,HIGH,REPAIRED_MINUS_STRICT,1,ITT,FREE8,B1,IC-b,C6-E,C6-EX,575,0.0033310574704189,0.0,0.0088743320700243,224,31,9745,0.0511948805119488,db2303ca0d6249f94930fae7f4c97956942b1d58f3c02b9e0bfcbad5fa7b2230,EXEC_HIGH_GEMINI_GAMMA,V13_SUPPLEMENTAL_SHA256_STREAM,0.2047795220477952,False
EXECUTION_SENSITIVITY,"{""action_space"":""FREE8"",""analysis_id"":""EXECUTION_SENSITIVITY"",""budget"":""B1"",""execution_policy"":""REPAIRED_MINUS_STRICT"",""information_condition"":""IC-b"",""lhs"":""C5"",""model"":""GPT"",""oracle"":""alpha"",""population"":""ITT"",""reasoning_regime"":""HIGH"",""replicate"":""RUN1"",""rhs"":""C4""}",d53e9192440030863a621b3aad582ffa90fd1a7ed63b5bba1c7a1ec2eb85e08d,15365879036026826886,GPT,ALPHA,HIGH,REPAIRED_MINUS_STRICT,1,ITT,FREE8,B1,IC-b,C5,C4,575,-0.018861930436542,-0.0416947303972946,0.0015825611451319,9656,1,343,0.068993100689931,45c5fd633f73fed1fb1c309b132c2b86dfe94a5c465b6d8d0ece448076364df9,EXEC_HIGH_GPT_ALPHA,V13_SUPPLEMENTAL_SHA256_STREAM,0.275972402759724,False
EXECUTION_SENSITIVITY,"{""action_space"":""FREE8"",""analysis_id"":""EXECUTION_SENSITIVITY"",""budget"":""B1"",""execution_policy"":""REPAIRED_MINUS_STRICT"",""information_condition"":""IC-b"",""lhs"":""C4R"",""model"":""GPT"",""oracle"":""alpha"",""population"":""ITT"",""reasoning_regime"":""HIGH"",""replicate"":""RUN1"",""rhs"":""C4""}",9d38ccf99b7ae5e9fdedff43000c64f82565a9fbfe5a287fd6f8671ca15265b3,11329030235077928425,GPT,ALPHA,HIGH,REPAIRED_MINUS_STRICT,1,ITT,FREE8,B1,IC-b,C4R,C4,575,-0.015874024221626,-0.039846154082024,0.0074984743729932,9139,0,861,0.1723827617238276,020d400789e88d12a6bbad0a459fe783a7ecf1c6fea840d6a18804f7e370e06d,EXEC_HIGH_GPT_ALPHA,V13_SUPPLEMENTAL_SHA256_STREAM,0.5171482851714828,False
EXECUTION_SENSITIVITY,"{""action_space"":""FREE8"",""analysis_id"":""EXECUTION_SENSITIVITY"",""budget"":""B1"",""execution_policy"":""REPAIRED_MINUS_STRICT"",""information_condition"":""IC-b"",""lhs"":""C6-E"",""model"":""GPT"",""oracle"":""alpha"",""population"":""ITT"",""reasoning_regime"":""HIGH"",""replicate"":""RUN1"",""rhs"":""C4R""}",fd46435357f6392f91d10ffb3dcf949890018204e111c993a36e7e1b9e9661d5,18250348565202614575,GPT,ALPHA,HIGH,REPAIRED_MINUS_STRICT,1,ITT,FREE8,B1,IC-b,C6-E,C4R,575,0.0186606091293054,-0.0134723153113468,0.0574193510139252,1479,27,8494,0.3013698630136986,31d45e7394f99c870139068fcb44b8f9f4c6c0c0b820f4d7df1f0abf245ee034,EXEC_HIGH_GPT_ALPHA,V13_SUPPLEMENTAL_SHA256_STREAM,0.6027397260273972,False
EXECUTION_SENSITIVITY,"{""action_space"":""FREE8"",""analysis_id"":""EXECUTION_SENSITIVITY"",""budget"":""B1"",""execution_policy"":""REPAIRED_MINUS_STRICT"",""information_condition"":""IC-b"",""lhs"":""C6-E"",""model"":""GPT"",""oracle"":""alpha"",""population"":""ITT"",""reasoning_regime"":""HIGH"",""replicate"":""RUN1"",""rhs"":""C6-EX""}",5e0c42fe5a84916f188e3e7559a6046218445252d9a35b07f289a2dfa46e0dd5,6776865199493517679,GPT,ALPHA,HIGH,REPAIRED_MINUS_STRICT,1,ITT,FREE8,B1,IC-b,C6-E,C6-EX,575,0.0083724623150708,-0.0272985665744038,0.0513538607468822,3564,0,6436,0.712928707129287,d8da84095e47067fdc745977cefdfb86e43a0a88cdcf1bafdf6dc4f64e9a24dd,EXEC_HIGH_GPT_ALPHA,V13_SUPPLEMENTAL_SHA256_STREAM,0.712928707129287,False
EXECUTION_SENSITIVITY,"{""action_space"":""FREE8"",""analysis_id"":""EXECUTION_SENSITIVITY"",""budget"":""B1"",""execution_policy"":""REPAIRED_MINUS_STRICT"",""information_condition"":""IC-b"",""lhs"":""C5"",""model"":""GPT"",""oracle"":""beta"",""population"":""ITT"",""reasoning_regime"":""HIGH"",""replicate"":""RUN1"",""rhs"":""C4""}",ccee271473c069c2f330d7f1adc1a7dd3761150b937a7353e9177e33f698e3fe,14766783196989254082,GPT,BETA,HIGH,REPAIRED_MINUS_STRICT,1,ITT,FREE8,B1,IC-b,C5,C4,575,-0.0025057887421534,-0.004565815197704,-0.0008112248675755,9992,0,8,0.0017998200179982,6c1f20083355075a68a2489ffb3b0ff1db2ae013ecf777452082976c1f808f03,EXEC_HIGH_GPT_BETA,V13_SUPPLEMENTAL_SHA256_STREAM,0.0071992800719928,True
EXECUTION_SENSITIVITY,"{""action_space"":""FREE8"",""analysis_id"":""EXECUTION_SENSITIVITY"",""budget"":""B1"",""execution_policy"":""REPAIRED_MINUS_STRICT"",""information_condition"":""IC-b"",""lhs"":""C4R"",""model"":""GPT"",""oracle"":""beta"",""population"":""ITT"",""reasoning_regime"":""HIGH"",""replicate"":""RUN1"",""rhs"":""C4""}",474b86101b0c7c147ec578a5b7a238cf4f56ca6e31b9ef7a4872f1cd45e69688,5137347203677584404,GPT,BETA,HIGH,REPAIRED_MINUS_STRICT,1,ITT,FREE8,B1,IC-b,C4R,C4,575,0.003213893075893,-0.0033163485562134,0.0143787561545908,3545,0,6455,0.7091290870912909,9b32811f58bf464cdba81cb71c16628cbe9c58b5e5b6a22b4365378d9f929663,EXEC_HIGH_GPT_BETA,V13_SUPPLEMENTAL_SHA256_STREAM,1.0,False
EXECUTION_SENSITIVITY,"{""action_space"":""FREE8"",""analysis_id"":""EXECUTION_SENSITIVITY"",""budget"":""B1"",""execution_policy"":""REPAIRED_MINUS_STRICT"",""information_condition"":""IC-b"",""lhs"":""C6-E"",""model"":""GPT"",""oracle"":""beta"",""population"":""ITT"",""reasoning_regime"":""HIGH"",""replicate"":""RUN1"",""rhs"":""C4R""}",3d36d47a213b6740376992d0a4cad7b61191d23a91dba25b0165209163997a88,4410946506064619328,GPT,BETA,HIGH,REPAIRED_MINUS_STRICT,1,ITT,FREE8,B1,IC-b,C6-E,C4R,575,0.0003978639036729,-0.0146841352573949,0.0157183350939461,4617,0,5383,0.9235076492350764,1356d057872809e8a97e7c92ef70fc7dd17da211a6fa7080698059bef8e76453,EXEC_HIGH_GPT_BETA,V13_SUPPLEMENTAL_SHA256_STREAM,1.0,False
EXECUTION_SENSITIVITY,"{""action_space"":""FREE8"",""analysis_id"":""EXECUTION_SENSITIVITY"",""budget"":""B1"",""execution_policy"":""REPAIRED_MINUS_STRICT"",""information_condition"":""IC-b"",""lhs"":""C6-E"",""model"":""GPT"",""oracle"":""beta"",""population"":""ITT"",""reasoning_regime"":""HIGH"",""replicate"":""RUN1"",""rhs"":""C6-EX""}",261c0836ee8483b02e2305d1a44b0cdeedd92287bac436c53df722538c3e8b80,2746078904812078000,GPT,BETA,HIGH,REPAIRED_MINUS_STRICT,1,ITT,FREE8,B1,IC-b,C6-E,C6-EX,575,0.0042172757433598,-0.0031789092617682,0.016039953835738,2839,0,7161,0.567943205679432,f9ded1e6323224d9c97e7a35c7427186038283e6a56b6fe3fae4415adee3b6ba,EXEC_HIGH_GPT_BETA,V13_SUPPLEMENTAL_SHA256_STREAM,1.0,False
EXECUTION_SENSITIVITY,"{""action_space"":""FREE8"",""analysis_id"":""EXECUTION_SENSITIVITY"",""budget"":""B1"",""execution_policy"":""REPAIRED_MINUS_STRICT"",""information_condition"":""IC-b"",""lhs"":""C5"",""model"":""GPT"",""oracle"":""gamma"",""population"":""ITT"",""reasoning_regime"":""HIGH"",""replicate"":""RUN1"",""rhs"":""C4""}",905946e3f01ba5ad6fc68ddadccf3e106f89e98acb591c885210dd7dc35575c3,10401422759188735405,GPT,GAMMA,HIGH,REPAIRED_MINUS_STRICT,1,ITT,FREE8,B1,IC-b,C5,C4,575,0.0027376315003186,-0.00263844996845,0.0091218104205813,1818,0,8182,0.3637636236376362,d84e5997b92861d6fc3013e3fd0d76dc9daa42c8d2651164346c192d4c6371a1,EXEC_HIGH_GPT_GAMMA,V13_SUPPLEMENTAL_SHA256_STREAM,1.0,False
EXECUTION_SENSITIVITY,"{""action_space"":""FREE8"",""analysis_id"":""EXECUTION_SENSITIVITY"",""budget"":""B1"",""execution_policy"":""REPAIRED_MINUS_STRICT"",""information_condition"":""IC-b"",""lhs"":""C4R"",""model"":""GPT"",""oracle"":""gamma"",""population"":""ITT"",""reasoning_regime"":""HIGH"",""replicate"":""RUN1"",""rhs"":""C4""}",c575a3071b985c62f1d39114e3dbe3f396e36b0dfb5241d75a830b3abf8d7850,14228457848670018658,GPT,GAMMA,HIGH,REPAIRED_MINUS_STRICT,1,ITT,FREE8,B1,IC-b,C4R,C4,575,0.0002783140616968,-0.0041340539140013,0.0054953893753203,4772,0,5228,0.9545045495450456,4f30eca5e3a4e962e1feb89cf93c2eddadff8fa966bd0a0c338cd507d90b6bab,EXEC_HIGH_GPT_GAMMA,V13_SUPPLEMENTAL_SHA256_STREAM,1.0,False
EXECUTION_SENSITIVITY,"{""action_space"":""FREE8"",""analysis_id"":""EXECUTION_SENSITIVITY"",""budget"":""B1"",""execution_policy"":""REPAIRED_MINUS_STRICT"",""information_condition"":""IC-b"",""lhs"":""C6-E"",""model"":""GPT"",""oracle"":""gamma"",""population"":""ITT"",""reasoning_regime"":""HIGH"",""replicate"":""RUN1"",""rhs"":""C4R""}",0217e7f48918fe6ca5a10bafb3839c93f9768903ac670e6b956f9ad49b896a22,150844149998354028,GPT,GAMMA,HIGH,REPAIRED_MINUS_STRICT,1,ITT,FREE8,B1,IC-b,C6-E,C4R,575,0.0067723093376683,-0.0020347252553098,0.0188180012510415,1046,1,8953,0.2095790420957904,eec826e3a2f14b79c2f945d1fe0ec594c9b81989aa2c241729e9a989c09eea0b,EXEC_HIGH_GPT_GAMMA,V13_SUPPLEMENTAL_SHA256_STREAM,0.8383161683831616,False
EXECUTION_SENSITIVITY,"{""action_space"":""FREE8"",""analysis_id"":""EXECUTION_SENSITIVITY"",""budget"":""B1"",""execution_policy"":""REPAIRED_MINUS_STRICT"",""information_condition"":""IC-b"",""lhs"":""C6-E"",""model"":""GPT"",""oracle"":""gamma"",""population"":""ITT"",""reasoning_regime"":""HIGH"",""replicate"":""RUN1"",""rhs"":""C6-EX""}",c94cb2de6671a4b42605decd30a13dc7ec312d49e7e7fc0b2ab96a53d291fde0,14505165168124732596,GPT,GAMMA,HIGH,REPAIRED_MINUS_STRICT,1,ITT,FREE8,B1,IC-b,C6-E,C6-EX,575,-0.0024522036826074,-0.0194850475443202,0.0132974643322655,6132,0,3868,0.7737226277372263,30300fdfe50887c75bb50eb84e3f4fda746637d48e2e094889e79e4da91c344c,EXEC_HIGH_GPT_GAMMA,V13_SUPPLEMENTAL_SHA256_STREAM,1.0,False
BUDGET_INTERACTION,"{""action_space"":""FREE8"",""analysis_id"":""BUDGET_INTERACTION"",""budget"":""B1_MINUS_BINF"",""execution_policy"":""STRICT"",""information_condition"":""IC-b"",""lhs"":""C5"",""model"":""GEMINI"",""oracle"":""alpha"",""population"":""ITT"",""reasoning_regime"":""BASELINE"",""replicate"":""RUN1"",""rhs"":""C4""}",7a07a82a12e498929a379ba7206a20c1b1a48a6c72bfe4dec002c3cfeb87ad7a,8793181696123246738,GEMINI,ALPHA,BASELINE,STRICT,1,ITT,FREE8,B1_MINUS_BINF,IC-b,C5,C4,575,0.1867358215424468,0.07508254920659196,0.30042036347053114,7,0,9993,0.0015998400159984002,aa17bde667ef304dddf1f8f802249d91f9eee6b9f31ff5b1833e16183c355edf,BUDGET_GEMINI_FREE8_ALPHA,V13_SUPPLEMENTAL_SHA256_STREAM,0.0047995200479952005,True
BUDGET_INTERACTION,"{""action_space"":""FREE8"",""analysis_id"":""BUDGET_INTERACTION"",""budget"":""B1_MINUS_BINF"",""execution_policy"":""STRICT"",""information_condition"":""IC-b"",""lhs"":""C4R"",""model"":""GEMINI"",""oracle"":""alpha"",""population"":""ITT"",""reasoning_regime"":""BASELINE"",""replicate"":""RUN1"",""rhs"":""C4""}",c4e4ae7e7df599e811509c958e7e52238b4281357cf854705f8b8c1290a3e96b,14187656584426265064,GEMINI,ALPHA,BASELINE,STRICT,1,ITT,FREE8,B1_MINUS_BINF,IC-b,C4R,C4,575,-0.1450165116000094,-0.22024880992457582,-0.07233504065098567,10000,0,0,0.00019998000199980003,22ac0f3f2ea64995c82c7102221440721f201c00c46a9ae5eba30a2f0f5bf1a1,BUDGET_GEMINI_FREE8_ALPHA,V13_SUPPLEMENTAL_SHA256_STREAM,0.0007999200079992001,True
BUDGET_INTERACTION,"{""action_space"":""FREE8"",""analysis_id"":""BUDGET_INTERACTION"",""budget"":""B1_MINUS_BINF"",""execution_policy"":""STRICT"",""information_condition"":""IC-b"",""lhs"":""C6-E"",""model"":""GEMINI"",""oracle"":""alpha"",""population"":""ITT"",""reasoning_regime"":""BASELINE"",""replicate"":""RUN1"",""rhs"":""C4R""}",8c251c2263a31b673c65c1de49a76281b5cef3a8a284355ce54e0ef09e84bb36,10098508673474304871,GEMINI,ALPHA,BASELINE,STRICT,1,ITT,FREE8,B1_MINUS_BINF,IC-b,C6-E,C4R,575,0.003977069797746056,-0.07850833168262833,0.08457275308794053,4636,0,5364,0.9273072692730727,3c9a946f8b66055357659cb0b0e80d2dfdac66c535c764ca0cc03f05e8d3e8f6,BUDGET_GEMINI_FREE8_ALPHA,V13_SUPPLEMENTAL_SHA256_STREAM,1.0,False
BUDGET_INTERACTION,"{""action_space"":""FREE8"",""analysis_id"":""BUDGET_INTERACTION"",""budget"":""B1_MINUS_BINF"",""execution_policy"":""STRICT"",""information_condition"":""IC-b"",""lhs"":""C6-E"",""model"":""GEMINI"",""oracle"":""alpha"",""population"":""ITT"",""reasoning_regime"":""BASELINE"",""replicate"":""RUN1"",""rhs"":""C6-EX""}",72e6085ab7658569fb0cf1d779e8149036443becfbc63265d5313a1b00699cc5,8279314150684198249,GEMINI,ALPHA,BASELINE,STRICT,1,ITT,FREE8,B1_MINUS_BINF,IC-b,C6-E,C6-EX,575,-0.012372409085073605,-0.10687456859776433,0.08429582820780686,5983,0,4017,0.8035196480351965,eb5f70d1758e257bb4bff8e5266aa9cc8d4f31d9d24f5d38735fff4851d8a794,BUDGET_GEMINI_FREE8_ALPHA,V13_SUPPLEMENTAL_SHA256_STREAM,1.0,False
BUDGET_INTERACTION,"{""action_space"":""FREE8"",""analysis_id"":""BUDGET_INTERACTION"",""budget"":""B1_MINUS_BINF"",""execution_policy"":""STRICT"",""information_condition"":""IC-b"",""lhs"":""C5"",""model"":""GPT"",""oracle"":""alpha"",""population"":""ITT"",""reasoning_regime"":""BASELINE"",""replicate"":""RUN1"",""rhs"":""C4""}",363a8dea6df78c09b1930f3bb94ddacd0336651bb339f9b36fe9c5d7551b8273,3907591664704130057,GPT,ALPHA,BASELINE,STRICT,1,ITT,FREE8,B1_MINUS_BINF,IC-b,C5,C4,575,0.09487627194199375,-0.04762742375956963,0.23303971697295373,932,0,9068,0.1865813418658134,b53a27b28eb258501b371f4f8172dc19ee64d9b46c8da7db6c0f34a4508d24f8,BUDGET_GPT_FREE8_ALPHA,V13_SUPPLEMENTAL_SHA256_STREAM,0.5597440255974402,False
BUDGET_INTERACTION,"{""action_space"":""FREE8"",""analysis_id"":""BUDGET_INTERACTION"",""budget"":""B1_MINUS_BINF"",""execution_policy"":""STRICT"",""information_condition"":""IC-b"",""lhs"":""C4R"",""model"":""GPT"",""oracle"":""alpha"",""population"":""ITT"",""reasoning_regime"":""BASELINE"",""replicate"":""RUN1"",""rhs"":""C4""}",3079a7815b356d792ed47579ac82ad8c1cb3a0a5e3bc8193ab1eedef501c431c,3493007160025378169,GPT,ALPHA,BASELINE,STRICT,1,ITT,FREE8,B1_MINUS_BINF,IC-b,C4R,C4,575,0.03261999018308187,-0.051986123951533354,0.11717089262764238,2166,0,7834,0.4333566643335666,b5332f7094405991517d201232eb95ab140d70540f21994bc942793b8fad1ad0,BUDGET_GPT_FREE8_ALPHA,V13_SUPPLEMENTAL_SHA256_STREAM,0.8667133286671332,False
BUDGET_INTERACTION,"{""action_space"":""FREE8"",""analysis_id"":""BUDGET_INTERACTION"",""budget"":""B1_MINUS_BINF"",""execution_policy"":""STRICT"",""information_condition"":""IC-b"",""lhs"":""C6-E"",""model"":""GPT"",""oracle"":""alpha"",""population"":""ITT"",""reasoning_regime"":""BASELINE"",""replicate"":""RUN1"",""rhs"":""C4R""}",e1ee651e564667450b11175d5fea973caa01f627b9e45829994fd797afe1c984,16280060883961800517,GPT,ALPHA,BASELINE,STRICT,1,ITT,FREE8,B1_MINUS_BINF,IC-b,C6-E,C4R,575,-0.1096747502326596,-0.24407722904619322,0.025831003988417502,9433,0,567,0.11358864113588642,92567be5004dfd9b838867d4764c299e2a30a5c8b301650e9dbf90104037e580,BUDGET_GPT_FREE8_ALPHA,V13_SUPPLEMENTAL_SHA256_STREAM,0.45435456454354567,False
BUDGET_INTERACTION,"{""action_space"":""FREE8"",""analysis_id"":""BUDGET_INTERACTION"",""budget"":""B1_MINUS_BINF"",""execution_policy"":""STRICT"",""information_condition"":""IC-b"",""lhs"":""C6-E"",""model"":""GPT"",""oracle"":""alpha"",""population"":""ITT"",""reasoning_regime"":""BASELINE"",""replicate"":""RUN1"",""rhs"":""C6-EX""}",bfdb856973a49165c0ef01b006d0990f3aa0e1d2f9ddfe3aa665bfc8aae33358,13824790169102094693,GPT,ALPHA,BASELINE,STRICT,1,ITT,FREE8,B1_MINUS_BINF,IC-b,C6-E,C6-EX,575,0.04721817545032517,-0.08465331165636167,0.18341634056141387,2519,0,7481,0.503949605039496,4c3ac932737c7cf28a9c98b2d2748b68e564685db974746d22e346670cb4ee4b,BUDGET_GPT_FREE8_ALPHA,V13_SUPPLEMENTAL_SHA256_STREAM,0.8667133286671332,False
